# {"coordinate_unit":"bohr","format":"chemblender_grid_sample","grid_id":"9f539ed5-4473-42ac-ad09-c37c648f501a","grid_origin":[-6.130000114440918,-5.869999885559082,-6.070000171661377],"grid_revision":"ac799fc1e2c9555bb062d6910905bc6eb1f8c0e8363b58d2c6039a3f6dbcab1e","grid_shape":[45,45,45],"grid_step_vectors":[[0.2800000011920929,0.0,0.0],[0.0,0.2800000011920929,0.0],[0.0,0.0,0.2800000011920929]],"kind":"plane","provenance_ids":["9a43ce0f-c6fb-4ed7-a8c3-7d6072f169ab"],"sampling":{"counts":[97,97],"dataset_index":0,"origin":[-4.5,0.13,-4.5],"u_vector":[9.0,0.0,0.0],"v_vector":[0.0,0.0,9.0]},"semantic_role":"electrostatic_potential","source_calculation":null,"structure_id":"9a20aa19-f6e3-41a3-9c23-0fc2f631990b","value_unit":"hartree_per_elementary_charge","version":1}
x,y,z,distance,value,valid_mask,coordinate_unit,value_unit
-4.5,0.13,-4.5,,-0.015642487179197435,1,bohr,hartree_per_elementary_charge
-4.5,0.13,-4.40625,,-0.015990586829678657,1,bohr,hartree_per_elementary_charge
-4.5,0.13,-4.3125,,-0.016353771465246594,1,bohr,hartree_per_elementary_charge
-4.5,0.13,-4.21875,,-0.01672011904282374,1,bohr,hartree_per_elementary_charge
-4.5,0.13,-4.125,,-0.017086466620400885,1,bohr,hartree_per_elementary_charge
-4.5,0.13,-4.03125,,-0.017466005731460413,1,bohr,hartree_per_elementary_charge
-4.5,0.13,-3.9375,,-0.017848057482995897,1,bohr,hartree_per_elementary_charge
-4.5,0.13,-3.84375,,-0.018230109234531375,1,bohr,hartree_per_elementary_charge
-4.5,0.13,-3.75,,-0.018622214600480424,1,bohr,hartree_per_elementary_charge
-4.5,0.13,-3.65625,,-0.019016047907530795,1,bohr,hartree_per_elementary_charge
-4.5,0.13,-3.5625,,-0.019409881214581169,1,bohr,hartree_per_elementary_charge
-4.5,0.13,-3.46875,,-0.019809065478358697,1,bohr,hartree_per_elementary_charge
-4.5,0.13,-3.375,,-0.020209072954018876,1,bohr,hartree_per_elementary_charge
-4.5,0.13,-3.28125,,-0.020609080429679051,1,bohr,hartree_per_elementary_charge
-4.5,0.13,-3.1875,,-0.021007847270846702,1,bohr,hartree_per_elementary_charge
-4.5,0.13,-3.09375,,-0.021406444937313293,1,bohr,hartree_per_elementary_charge
-4.5,0.13,-3,,-0.021805042603779884,1,bohr,hartree_per_elementary_charge
-4.5,0.13,-2.90625,,-0.022193636225706578,1,bohr,hartree_per_elementary_charge
-4.5,0.13,-2.8125,,-0.022581035356052503,1,bohr,hartree_per_elementary_charge
-4.5,0.13,-2.71875,,-0.022968434486398421,1,bohr,hartree_per_elementary_charge
-4.5,0.13,-2.625,,-0.023334720709670916,1,bohr,hartree_per_elementary_charge
-4.5,0.13,-2.53125,,-0.023698833588559225,1,bohr,hartree_per_elementary_charge
-4.5,0.13,-2.4375,,-0.024062946467447534,1,bohr,hartree_per_elementary_charge
-4.5,0.13,-2.34375,,-0.024392517448137675,1,bohr,hartree_per_elementary_charge
-4.5,0.13,-2.25,,-0.024719084853486027,1,bohr,hartree_per_elementary_charge
-4.5,0.13,-2.1562500000000004,,-0.025045652258834383,1,bohr,hartree_per_elementary_charge
-4.5,0.13,-2.0625,,-0.025322254829926696,1,bohr,hartree_per_elementary_charge
-4.5,0.13,-1.96875,,-0.0255952885791004,1,bohr,hartree_per_elementary_charge
-4.5,0.13,-1.8750000000000004,,-0.025868322328274101,1,bohr,hartree_per_elementary_charge
-4.5,0.13,-1.78125,,-0.026074693504390907,1,bohr,hartree_per_elementary_charge
-4.5,0.13,-1.6875,,-0.026277309164604711,1,bohr,hartree_per_elementary_charge
-4.5,0.13,-1.5937500000000004,,-0.0264799248248185,1,bohr,hartree_per_elementary_charge
-4.5,0.13,-1.5,,-0.0265990646955734,1,bohr,hartree_per_elementary_charge
-4.5,0.13,-1.40625,,-0.026714726555857472,1,bohr,hartree_per_elementary_charge
-4.5,0.13,-1.3125000000000004,,-0.026830388416141555,1,bohr,hartree_per_elementary_charge
-4.5,0.13,-1.21875,,-0.026847205929140729,1,bohr,hartree_per_elementary_charge
-4.5,0.13,-1.125,,-0.026861315546319306,1,bohr,hartree_per_elementary_charge
-4.5,0.13,-1.0312500000000004,,-0.026875425163497876,1,bohr,hartree_per_elementary_charge
-4.5,0.13,-0.9375,,-0.026778569100673812,1,bohr,hartree_per_elementary_charge
-4.5,0.13,-0.84375,,-0.026680213684256902,1,bohr,hartree_per_elementary_charge
-4.5,0.13,-0.75000000000000044,,-0.026581858080168677,1,bohr,hartree_per_elementary_charge
-4.5,0.13,-0.65625,,-0.026365430082079613,1,bohr,hartree_per_elementary_charge
-4.5,0.13,-0.5625,,-0.026149002083990538,1,bohr,hartree_per_elementary_charge
-4.5,0.13,-0.46875,,-0.025931010973300007,1,bohr,hartree_per_elementary_charge
-4.5,0.13,-0.375,,-0.025597363391975759,1,bohr,hartree_per_elementary_charge
-4.5,0.13,-0.28125,,-0.025263715810651503,1,bohr,hartree_per_elementary_charge
-4.5,0.13,-0.1875,,-0.024927148059272878,1,bohr,hartree_per_elementary_charge
-4.5,0.13,-0.09375,,-0.024484000523188065,1,bohr,hartree_per_elementary_charge
-4.5,0.13,0,,-0.024040852987103262,1,bohr,hartree_per_elementary_charge
-4.5,0.13,0.09375,,-0.023593889683928448,1,bohr,hartree_per_elementary_charge
-4.5,0.13,0.18749999999999911,,-0.023055351670099027,1,bohr,hartree_per_elementary_charge
-4.5,0.13,0.28125,,-0.022516813656269591,1,bohr,hartree_per_elementary_charge
-4.5,0.13,0.375,,-0.021974212685211089,1,bohr,hartree_per_elementary_charge
-4.5,0.13,0.46874999999999911,,-0.02135949642097602,1,bohr,hartree_per_elementary_charge
-4.5,0.13,0.5625,,-0.020744780156740937,1,bohr,hartree_per_elementary_charge
-4.5,0.13,0.65625,,-0.020126483496438977,1,bohr,hartree_per_elementary_charge
-4.5,0.13,0.74999999999999911,,-0.019458062520403888,1,bohr,hartree_per_elementary_charge
-4.5,0.13,0.84375,,-0.018789641544368792,1,bohr,hartree_per_elementary_charge
-4.5,0.13,0.9375,,-0.018118819181101656,1,bohr,hartree_per_elementary_charge
-4.5,0.13,1.0312499999999991,,-0.017420381432419575,1,bohr,hartree_per_elementary_charge
-4.5,0.13,1.125,,-0.016721943683737479,1,bohr,hartree_per_elementary_charge
-4.5,0.13,1.21875,,-0.016022849227478719,1,bohr,hartree_per_elementary_charge
-4.5,0.13,1.3124999999999991,,-0.015317375439302474,1,bohr,hartree_per_elementary_charge
-4.5,0.13,1.40625,,-0.014611901651126207,1,bohr,hartree_per_elementary_charge
-4.5,0.13,1.5,,-0.013907886541837897,1,bohr,hartree_per_elementary_charge
-4.5,0.13,1.5937499999999991,,-0.013216087677505354,1,bohr,hartree_per_elementary_charge
-4.5,0.13,1.6875,,-0.012524288813172791,1,bohr,hartree_per_elementary_charge
-4.5,0.13,1.78125,,-0.011836213183491593,1,bohr,hartree_per_elementary_charge
-4.5,0.13,1.8749999999999991,,-0.011175440893214487,1,bohr,hartree_per_elementary_charge
-4.5,0.13,1.96875,,-0.010514668602937368,1,bohr,hartree_per_elementary_charge
-4.5,0.13,2.0625,,-0.0098598187799516911,1,bohr,hartree_per_elementary_charge
-4.5,0.13,2.1562499999999991,,-0.0092434645072166279,1,bohr,hartree_per_elementary_charge
-4.5,0.13,2.25,,-0.0086271102344815664,1,bohr,hartree_per_elementary_charge
-4.5,0.13,2.34375,,-0.0080186306444027661,1,bohr,hartree_per_elementary_charge
-4.5,0.13,2.4374999999999991,,-0.0074559668591268648,1,bohr,hartree_per_elementary_charge
-4.5,0.13,2.53125,,-0.0068933030738509669,1,bohr,hartree_per_elementary_charge
-4.5,0.13,2.625,,-0.0063400869813382485,1,bohr,hartree_per_elementary_charge
-4.5,0.13,2.7187499999999991,,-0.0058364707455596755,1,bohr,hartree_per_elementary_charge
-4.5,0.13,2.8125,,-0.0053328545097811085,1,bohr,hartree_per_elementary_charge
-4.5,0.13,2.90625,,-0.0048398045428488332,1,bohr,hartree_per_elementary_charge
-4.5,0.13,2.9999999999999991,,-0.0043971470495606998,1,bohr,hartree_per_elementary_charge
-4.5,0.13,3.09375,,-0.0039544895562725769,1,bohr,hartree_per_elementary_charge
-4.5,0.13,3.1875,,-0.0035230428272694631,1,bohr,hartree_per_elementary_charge
-4.5,0.13,3.2812499999999991,,-0.0031404425456847979,1,bohr,hartree_per_elementary_charge
-4.5,0.13,3.375,,-0.002757842264100141,1,bohr,hartree_per_elementary_charge
-4.5,0.13,3.46875,,-0.0023866503969015734,1,bohr,hartree_per_elementary_charge
-4.5,0.13,3.5625,,-0.00206109178832005,1,bohr,hartree_per_elementary_charge
-4.5,0.13,3.65625,,-0.0017355331797385333,1,bohr,hartree_per_elementary_charge
-4.5,0.13,3.75,,-0.001421194572660962,1,bohr,hartree_per_elementary_charge
-4.5,0.13,3.84375,,-0.001148229379434698,1,bohr,hartree_per_elementary_charge
-4.5,0.13,3.9375,,-0.00087526418620842883,1,bohr,hartree_per_elementary_charge
-4.5,0.13,4.03125,,-0.00061302410926988024,1,bohr,hartree_per_elementary_charge
-4.5,0.13,4.125,,-0.0003873753188753412,1,bohr,hartree_per_elementary_charge
-4.5,0.13,4.21875,,-0.00016172652848079748,1,bohr,hartree_per_elementary_charge
-4.5,0.13,4.3125,,5.3913421505012917e-05,1,bohr,hartree_per_elementary_charge
-4.5,0.13,4.40625,,0.00023785894661499616,1,bohr,hartree_per_elementary_charge
-4.5,0.13,4.5,,0.00042180447172498326,1,bohr,hartree_per_elementary_charge
-4.40625,0.13,-4.5,,-0.015926460815176419,1,bohr,hartree_per_elementary_charge
-4.40625,0.13,-4.40625,,-0.016289473021356103,1,bohr,hartree_per_elementary_charge
-4.40625,0.13,-4.3125,,-0.016669367398833537,1,bohr,hartree_per_elementary_charge
-4.40625,0.13,-4.21875,,-0.017052801543072246,1,bohr,hartree_per_elementary_charge
-4.40625,0.13,-4.125,,-0.017436235687310953,1,bohr,hartree_per_elementary_charge
-4.40625,0.13,-4.03125,,-0.017834805673227334,1,bohr,hartree_per_elementary_charge
-4.40625,0.13,-3.9375,,-0.01823625863923756,1,bohr,hartree_per_elementary_charge
-4.40625,0.13,-3.84375,,-0.018637711605247784,1,bohr,hartree_per_elementary_charge
-4.40625,0.13,-3.75,,-0.019051247125007279,1,bohr,hartree_per_elementary_charge
-4.40625,0.13,-3.65625,,-0.019466859304997957,1,bohr,hartree_per_elementary_charge
-4.40625,0.13,-3.5625,,-0.019882471484988631,1,bohr,hartree_per_elementary_charge
-4.40625,0.13,-3.46875,,-0.020305443693768719,1,bohr,hartree_per_elementary_charge
-4.40625,0.13,-3.375,,-0.020729548197849425,1,bohr,hartree_per_elementary_charge
-4.40625,0.13,-3.28125,,-0.021153652701930137,1,bohr,hartree_per_elementary_charge
-4.40625,0.13,-3.1875,,-0.021578347967320596,1,bohr,hartree_per_elementary_charge
-4.40625,0.13,-3.09375,,-0.022003123789771629,1,bohr,hartree_per_elementary_charge
-4.40625,0.13,-3,,-0.022427899612222663,1,bohr,hartree_per_elementary_charge
-4.40625,0.13,-2.90625,,-0.022844105220089381,1,bohr,hartree_per_elementary_charge
-4.40625,0.13,-2.8125,,-0.023259287536913614,1,bohr,hartree_per_elementary_charge
-4.40625,0.13,-2.71875,,-0.023674469853737841,1,bohr,hartree_per_elementary_charge
-4.40625,0.13,-2.625,,-0.024069291798304842,1,bohr,hartree_per_elementary_charge
-4.40625,0.13,-2.53125,,-0.024462017863770447,1,bohr,hartree_per_elementary_charge
-4.40625,0.13,-2.4375,,-0.024854743929236048,1,bohr,hartree_per_elementary_charge
-4.40625,0.13,-2.34375,,-0.025212663128642763,1,bohr,hartree_per_elementary_charge
-4.40625,0.13,-2.25,,-0.025567555712545625,1,bohr,hartree_per_elementary_charge
-4.40625,0.13,-2.1562500000000004,,-0.025922448296448478,1,bohr,hartree_per_elementary_charge
-4.40625,0.13,-2.0625,,-0.026225735972116339,1,bohr,hartree_per_elementary_charge
-4.40625,0.13,-1.96875,,-0.02652533768083646,1,bohr,hartree_per_elementary_charge
-4.40625,0.13,-1.8750000000000004,,-0.02682493938955658,1,bohr,hartree_per_elementary_charge
-4.40625,0.13,-1.78125,,-0.027054539542761817,1,bohr,hartree_per_elementary_charge
-4.40625,0.13,-1.6875,,-0.027280196074487773,1,bohr,hartree_per_elementary_charge
-4.40625,0.13,-1.5937500000000004,,-0.027505852606213726,1,bohr,hartree_per_elementary_charge
-4.40625,0.13,-1.5,,-0.027642782749440185,1,bohr,hartree_per_elementary_charge
-4.40625,0.13,-1.40625,,-0.027776016116508678,1,bohr,hartree_per_elementary_charge
-4.40625,0.13,-1.3125000000000004,,-0.027909249483577172,1,bohr,hartree_per_elementary_charge
-4.40625,0.13,-1.21875,,-0.027936461324151465,1,bohr,hartree_per_elementary_charge
-4.40625,0.13,-1.125,,-0.02796076864609243,1,bohr,hartree_per_elementary_charge
-4.40625,0.13,-1.0312500000000004,,-0.027985075968033409,1,bohr,hartree_per_elementary_charge
-4.40625,0.13,-0.9375,,-0.027889567910829954,1,bohr,hartree_per_elementary_charge
-4.40625,0.13,-0.84375,,-0.027792440924069226,1,bohr,hartree_per_elementary_charge
-4.40625,0.13,-0.75000000000000044,,-0.027695313733783235,1,bohr,hartree_per_elementary_charge
-4.40625,0.13,-0.65625,,-0.027470139722658559,1,bohr,hartree_per_elementary_charge
-4.40625,0.13,-0.5625,,-0.027244965711533883,1,bohr,hartree_per_elementary_charge
-4.40625,0.13,-0.46875,,-0.027018092990973647,1,bohr,hartree_per_elementary_charge
-4.40625,0.13,-0.375,,-0.026665530836545936,1,bohr,hartree_per_elementary_charge
-4.40625,0.13,-0.28125,,-0.026312968682118215,1,bohr,hartree_per_elementary_charge
-4.40625,0.13,-0.1875,,-0.025957234114965179,1,bohr,hartree_per_elementary_charge
-4.40625,0.13,-0.09375,,-0.025485713460369191,1,bohr,hartree_per_elementary_charge
-4.40625,0.13,0,,-0.025014192805773213,1,bohr,hartree_per_elementary_charge
-4.40625,0.13,0.09375,,-0.024538539840399012,1,bohr,hartree_per_elementary_charge
-4.40625,0.13,0.18749999999999911,,-0.023963715422752069,1,bohr,hartree_per_elementary_charge
-4.40625,0.13,0.28125,,-0.023388891005105113,1,bohr,hartree_per_elementary_charge
-4.40625,0.13,0.375,,-0.022809697080665582,1,bohr,hartree_per_elementary_charge
-4.40625,0.13,0.46874999999999911,,-0.022152946774108864,1,bohr,hartree_per_elementary_charge
-4.40625,0.13,0.5625,,-0.021496196467552138,1,bohr,hartree_per_elementary_charge
-4.40625,0.13,0.65625,,-0.020835648267204701,1,bohr,hartree_per_elementary_charge
-4.40625,0.13,0.74999999999999911,,-0.020121930857660866,1,bohr,hartree_per_elementary_charge
-4.40625,0.13,0.84375,,-0.01940821344811702,1,bohr,hartree_per_elementary_charge
-4.40625,0.13,0.9375,,-0.01869203325801308,1,bohr,hartree_per_elementary_charge
-4.40625,0.13,1.0312499999999991,,-0.017947531673736677,1,bohr,hartree_per_elementary_charge
-4.40625,0.13,1.125,,-0.01720303008946026,1,bohr,hartree_per_elementary_charge
-4.40625,0.13,1.21875,,-0.016458010013366792,1,bohr,hartree_per_elementary_charge
-4.40625,0.13,1.3124999999999991,,-0.015707953248928354,1,bohr,hartree_per_elementary_charge
-4.40625,0.13,1.40625,,-0.014957896484489891,1,bohr,hartree_per_elementary_charge
-4.40625,0.13,1.5,,-0.014209651486484802,1,bohr,hartree_per_elementary_charge
-4.40625,0.13,1.5937499999999991,,-0.013476579795460075,1,bohr,hartree_per_elementary_charge
-4.40625,0.13,1.6875,,-0.012743508104435326,1,bohr,hartree_per_elementary_charge
-4.40625,0.13,1.78125,,-0.012014715722688342,1,bohr,hartree_per_elementary_charge
-4.40625,0.13,1.8749999999999991,,-0.01131730450398007,1,bohr,hartree_per_elementary_charge
-4.40625,0.13,1.96875,,-0.010619893285271782,1,bohr,hartree_per_elementary_charge
-4.40625,0.13,2.0625,,-0.0099291294351307544,1,bohr,hartree_per_elementary_charge
-4.40625,0.13,2.1562499999999991,,-0.0092815729339074584,1,bohr,hartree_per_elementary_charge
-4.40625,0.13,2.25,,-0.0086340164326841658,1,bohr,hartree_per_elementary_charge
-4.40625,0.13,2.34375,,-0.0079951788774277506,1,bohr,hartree_per_elementary_charge
-4.40625,0.13,2.4374999999999991,,-0.0074070691475253891,1,bohr,hartree_per_elementary_charge
-4.40625,0.13,2.53125,,-0.0068189594176230345,1,bohr,hartree_per_elementary_charge
-4.40625,0.13,2.625,,-0.0062412041440184137,1,bohr,hartree_per_elementary_charge
-4.40625,0.13,2.7187499999999991,,-0.0057178091848102538,1,bohr,hartree_per_elementary_charge
-4.40625,0.13,2.8125,,-0.0051944142256020974,1,bohr,hartree_per_elementary_charge
-4.40625,0.13,2.90625,,-0.0046824983384379766,1,bohr,hartree_per_elementary_charge
-4.40625,0.13,2.9999999999999991,,-0.0042253282507469774,1,bohr,hartree_per_elementary_charge
-4.40625,0.13,3.09375,,-0.0037681581630559877,1,bohr,hartree_per_elementary_charge
-4.40625,0.13,3.1875,,-0.0033230682047546939,1,bohr,hartree_per_elementary_charge
-4.40625,0.13,3.2812499999999991,,-0.0029306126066130167,1,bohr,hartree_per_elementary_charge
-4.40625,0.13,3.375,,-0.0025381570084713483,1,bohr,hartree_per_elementary_charge
-4.40625,0.13,3.46875,,-0.0021578976889789882,1,bohr,hartree_per_elementary_charge
-4.40625,0.13,3.5625,,-0.0018264230576066518,1,bohr,hartree_per_elementary_charge
-4.40625,0.13,3.65625,,-0.0014949484262343235,1,bohr,hartree_per_elementary_charge
-4.40625,0.13,3.75,,-0.0011753753912470144,1,bohr,hartree_per_elementary_charge
-4.40625,0.13,3.84375,,-0.00089968913047765067,1,bohr,hartree_per_elementary_charge
-4.40625,0.13,3.9375,,-0.000624002869708281,1,bohr,hartree_per_elementary_charge
-4.40625,0.13,4.03125,,-0.00035960514385842207,1,bohr,hartree_per_elementary_charge
-4.40625,0.13,4.125,,-0.0001337209412954671,1,bohr,hartree_per_elementary_charge
-4.40625,0.13,4.21875,,9.216326126749278e-05,1,bohr,hartree_per_elementary_charge
-4.40625,0.13,4.3125,,0.00030759447127832383,1,bohr,hartree_per_elementary_charge
-4.40625,0.13,4.40625,,0.00048992478511721113,1,bohr,hartree_per_elementary_charge
-4.40625,0.13,4.5,,0.00067225509895610239,1,bohr,hartree_per_elementary_charge
-4.3125,0.13,-4.5,,-0.016213554624424555,1,bohr,hartree_per_elementary_charge
-4.3125,0.13,-4.40625,,-0.01659229471771163,1,bohr,hartree_per_elementary_charge
-4.3125,0.13,-4.3125,,-0.016989936571070327,1,bohr,hartree_per_elementary_charge
-4.3125,0.13,-4.21875,,-0.017391541648166732,1,bohr,hartree_per_elementary_charge
-4.3125,0.13,-4.125,,-0.017793146725263134,1,bohr,hartree_per_elementary_charge
-4.3125,0.13,-4.03125,,-0.018212106376064532,1,bohr,hartree_per_elementary_charge
-4.3125,0.13,-3.9375,,-0.018634371617106241,1,bohr,hartree_per_elementary_charge
-4.3125,0.13,-3.84375,,-0.01905663685814795,1,bohr,hartree_per_elementary_charge
-4.3125,0.13,-3.75,,-0.019493342603794223,1,bohr,hartree_per_elementary_charge
-4.3125,0.13,-3.65625,,-0.019932530276875124,1,bohr,hartree_per_elementary_charge
-4.3125,0.13,-3.5625,,-0.020371717949956014,1,bohr,hartree_per_elementary_charge
-4.3125,0.13,-3.46875,,-0.020820654888143164,1,bohr,hartree_per_elementary_charge
-4.3125,0.13,-3.375,,-0.021271091690988488,1,bohr,hartree_per_elementary_charge
-4.3125,0.13,-3.28125,,-0.021721528493833814,1,bohr,hartree_per_elementary_charge
-4.3125,0.13,-3.1875,,-0.022174805519163811,1,bohr,hartree_per_elementary_charge
-4.3125,0.13,-3.09375,,-0.022628469841310617,1,bohr,hartree_per_elementary_charge
-4.3125,0.13,-3,,-0.023082134163457425,1,bohr,hartree_per_elementary_charge
-4.3125,0.13,-2.90625,,-0.023529090544717541,1,bohr,hartree_per_elementary_charge
-4.3125,0.13,-2.8125,,-0.023975245992027241,1,bohr,hartree_per_elementary_charge
-4.3125,0.13,-2.71875,,-0.024421401439336937,1,bohr,hartree_per_elementary_charge
-4.3125,0.13,-2.625,,-0.024848341929403783,1,bohr,hartree_per_elementary_charge
-4.3125,0.13,-2.53125,,-0.02527330444839963,1,bohr,hartree_per_elementary_charge
-4.3125,0.13,-2.4375,,-0.025698266967395481,1,bohr,hartree_per_elementary_charge
-4.3125,0.13,-2.34375,,-0.026088448570511073,1,bohr,hartree_per_elementary_charge
-4.3125,0.13,-2.25,,-0.026475605814609011,1,bohr,hartree_per_elementary_charge
-4.3125,0.13,-2.1562500000000004,,-0.026862763058706947,1,bohr,hartree_per_elementary_charge
-4.3125,0.13,-2.0625,,-0.027196780126083165,1,bohr,hartree_per_elementary_charge
-4.3125,0.13,-1.96875,,-0.027527001567390224,1,bohr,hartree_per_elementary_charge
-4.3125,0.13,-1.8750000000000004,,-0.027857223008697286,1,bohr,hartree_per_elementary_charge
-4.3125,0.13,-1.78125,,-0.028113930963399009,1,bohr,hartree_per_elementary_charge
-4.3125,0.13,-1.6875,,-0.028366497447776806,1,bohr,hartree_per_elementary_charge
-4.3125,0.13,-1.5937500000000004,,-0.0286190639321546,1,bohr,hartree_per_elementary_charge
-4.3125,0.13,-1.5,,-0.028777122871343395,1,bohr,hartree_per_elementary_charge
-4.3125,0.13,-1.40625,,-0.028931244163055349,1,bohr,hartree_per_elementary_charge
-4.3125,0.13,-1.3125000000000004,,-0.029085365454767316,1,bohr,hartree_per_elementary_charge
-4.3125,0.13,-1.21875,,-0.029125358040654161,1,bohr,hartree_per_elementary_charge
-4.3125,0.13,-1.125,,-0.029162224007224846,1,bohr,hartree_per_elementary_charge
-4.3125,0.13,-1.0312500000000004,,-0.029199089973795535,1,bohr,hartree_per_elementary_charge
-4.3125,0.13,-0.9375,,-0.029105983627261016,1,bohr,hartree_per_elementary_charge
-4.3125,0.13,-0.84375,,-0.029011121112020827,1,bohr,hartree_per_elementary_charge
-4.3125,0.13,-0.75000000000000044,,-0.028916258374884166,1,bohr,hartree_per_elementary_charge
-4.3125,0.13,-0.65625,,-0.028681790673485644,1,bohr,hartree_per_elementary_charge
-4.3125,0.13,-0.5625,,-0.028447322972087116,1,bohr,hartree_per_elementary_charge
-4.3125,0.13,-0.46875,,-0.028210998743786169,1,bohr,hartree_per_elementary_charge
-4.3125,0.13,-0.375,,-0.027837307988614061,1,bohr,hartree_per_elementary_charge
-4.3125,0.13,-0.28125,,-0.027463617233441956,1,bohr,hartree_per_elementary_charge
-4.3125,0.13,-0.1875,,-0.027086460688172082,1,bohr,hartree_per_elementary_charge
-4.3125,0.13,-0.09375,,-0.026582810426584984,1,bohr,hartree_per_elementary_charge
-4.3125,0.13,0,,-0.026079160164997884,1,bohr,hartree_per_elementary_charge
-4.3125,0.13,0.09375,,-0.025571011850245913,1,bohr,hartree_per_elementary_charge
-4.3125,0.13,0.18749999999999911,,-0.024954914620540107,1,bohr,hartree_per_elementary_charge
-4.3125,0.13,0.28125,,-0.024338817390834287,1,bohr,hartree_per_elementary_charge
-4.3125,0.13,0.375,,-0.023718002007529149,1,bohr,hartree_per_elementary_charge
-4.3125,0.13,0.46874999999999911,,-0.023013441949868822,1,bohr,hartree_per_elementary_charge
-4.3125,0.13,0.5625,,-0.022308881892208483,1,bohr,hartree_per_elementary_charge
-4.3125,0.13,0.65625,,-0.021600286286325217,1,bohr,hartree_per_elementary_charge
-4.3125,0.13,0.74999999999999911,,-0.020835194390784784,1,bohr,hartree_per_elementary_charge
-4.3125,0.13,0.84375,,-0.020070102495244341,1,bohr,hartree_per_elementary_charge
-4.3125,0.13,0.9375,,-0.019302498757800036,1,bohr,hartree_per_elementary_charge
-4.3125,0.13,1.0312499999999991,,-0.018506009432329294,1,bohr,hartree_per_elementary_charge
-4.3125,0.13,1.125,,-0.017709520106858546,1,bohr,hartree_per_elementary_charge
-4.3125,0.13,1.21875,,-0.016912699639410809,1,bohr,hartree_per_elementary_charge
-4.3125,0.13,1.3124999999999991,,-0.016112662421223296,1,bohr,hartree_per_elementary_charge
-4.3125,0.13,1.40625,,-0.015312625203035762,1,bohr,hartree_per_elementary_charge
-4.3125,0.13,1.5,,-0.014514836948241292,1,bohr,hartree_per_elementary_charge
-4.3125,0.13,1.5937499999999991,,-0.013735883467798542,1,bohr,hartree_per_elementary_charge
-4.3125,0.13,1.6875,,-0.012956929987355759,1,bohr,hartree_per_elementary_charge
-4.3125,0.13,1.78125,,-0.012182924304190879,1,bohr,hartree_per_elementary_charge
-4.3125,0.13,1.8749999999999991,,-0.011445201960925484,1,bohr,hartree_per_elementary_charge
-4.3125,0.13,1.96875,,-0.010707479617660073,1,bohr,hartree_per_elementary_charge
-4.3125,0.13,2.0625,,-0.009977260414594331,1,bohr,hartree_per_elementary_charge
-4.3125,0.13,2.1562499999999991,,-0.0092958110056667285,1,bohr,hartree_per_elementary_charge
-4.3125,0.13,2.25,,-0.0086143615967391295,1,bohr,hartree_per_elementary_charge
-4.3125,0.13,2.34375,,-0.0079426133763078263,1,bohr,hartree_per_elementary_charge
-4.3125,0.13,2.4374999999999991,,-0.0073273077806658392,1,bohr,hartree_per_elementary_charge
-4.3125,0.13,2.53125,,-0.0067120021850238564,1,bohr,hartree_per_elementary_charge
-4.3125,0.13,2.625,,-0.0061080916717878167,1,bohr,hartree_per_elementary_charge
-4.3125,0.13,2.7187499999999991,,-0.0055640047016088968,1,bohr,hartree_per_elementary_charge
-4.3125,0.13,2.8125,,-0.0050199177314299848,1,bohr,hartree_per_elementary_charge
-4.3125,0.13,2.90625,,-0.0044883427689649371,1,bohr,hartree_per_elementary_charge
-4.3125,0.13,2.9999999999999991,,-0.004016439865589843,1,bohr,hartree_per_elementary_charge
-4.3125,0.13,3.09375,,-0.003544536962214758,1,bohr,hartree_per_elementary_charge
-4.3125,0.13,3.1875,,-0.0030856830784003158,1,bohr,hartree_per_elementary_charge
-4.3125,0.13,3.2812499999999991,,-0.0026836851083868181,1,bohr,hartree_per_elementary_charge
-4.3125,0.13,3.375,,-0.0022816871383733277,1,bohr,hartree_per_elementary_charge
-4.3125,0.13,3.46875,,-0.0018927486085126494,1,bohr,hartree_per_elementary_charge
-4.3125,0.13,3.5625,,-0.0015560473826031413,1,bohr,hartree_per_elementary_charge
-4.3125,0.13,3.65625,,-0.0012193461566936403,1,bohr,hartree_per_elementary_charge
-4.3125,0.13,3.75,,-0.00089527868197122656,1,bohr,hartree_per_elementary_charge
-4.3125,0.13,3.84375,,-0.00061779778000230331,1,bohr,hartree_per_elementary_charge
-4.3125,0.13,3.9375,,-0.00034031687803337383,1,bohr,hartree_per_elementary_charge
-4.3125,0.13,4.03125,,-7.4715695745040998e-05,1,bohr,hartree_per_elementary_charge
-4.3125,0.13,4.125,,0.00015035499575570852,1,bohr,hartree_per_elementary_charge
-4.3125,0.13,4.21875,,0.00037542568725646276,1,bohr,hartree_per_elementary_charge
-4.3125,0.13,4.3125,,0.00058959075980192783,1,bohr,hartree_per_elementary_charge
-4.3125,0.13,4.40625,,0.00076922162992358134,1,bohr,hartree_per_elementary_charge
-4.3125,0.13,4.5,,0.00094885250004523853,1,bohr,hartree_per_elementary_charge
-4.21875,0.13,-4.5,,-0.016500648433672691,1,bohr,hartree_per_elementary_charge
-4.21875,0.13,-4.40625,,-0.016895116414067157,1,bohr,hartree_per_elementary_charge
-4.21875,0.13,-4.3125,,-0.017310505743307125,1,bohr,hartree_per_elementary_charge
-4.21875,0.13,-4.21875,,-0.017730281753261218,1,bohr,hartree_per_elementary_charge
-4.21875,0.13,-4.125,,-0.018150057763215318,1,bohr,hartree_per_elementary_charge
-4.21875,0.13,-4.03125,,-0.018589407078901728,1,bohr,hartree_per_elementary_charge
-4.21875,0.13,-3.9375,,-0.019032484594974922,1,bohr,hartree_per_elementary_charge
-4.21875,0.13,-3.84375,,-0.019475562111048113,1,bohr,hartree_per_elementary_charge
-4.21875,0.13,-3.75,,-0.019935438082581171,1,bohr,hartree_per_elementary_charge
-4.21875,0.13,-3.65625,,-0.020398201248752287,1,bohr,hartree_per_elementary_charge
-4.21875,0.13,-3.5625,,-0.0208609644149234,1,bohr,hartree_per_elementary_charge
-4.21875,0.13,-3.46875,,-0.021335866082517609,1,bohr,hartree_per_elementary_charge
-4.21875,0.13,-3.375,,-0.02181263518412755,1,bohr,hartree_per_elementary_charge
-4.21875,0.13,-3.28125,,-0.022289404285737491,1,bohr,hartree_per_elementary_charge
-4.21875,0.13,-3.1875,,-0.022771263071007027,1,bohr,hartree_per_elementary_charge
-4.21875,0.13,-3.09375,,-0.023253815892849611,1,bohr,hartree_per_elementary_charge
-4.21875,0.13,-3,,-0.023736368714692192,1,bohr,hartree_per_elementary_charge
-4.21875,0.13,-2.90625,,-0.024214075869345701,1,bohr,hartree_per_elementary_charge
-4.21875,0.13,-2.8125,,-0.024691204447140867,1,bohr,hartree_per_elementary_charge
-4.21875,0.13,-2.71875,,-0.025168333024936033,1,bohr,hartree_per_elementary_charge
-4.21875,0.13,-2.625,,-0.02562739206050273,1,bohr,hartree_per_elementary_charge
-4.21875,0.13,-2.53125,,-0.02608459103302882,1,bohr,hartree_per_elementary_charge
-4.21875,0.13,-2.4375,,-0.02654179000555491,1,bohr,hartree_per_elementary_charge
-4.21875,0.13,-2.34375,,-0.026964234012379389,1,bohr,hartree_per_elementary_charge
-4.21875,0.13,-2.25,,-0.027383655916672401,1,bohr,hartree_per_elementary_charge
-4.21875,0.13,-2.1562500000000004,,-0.027803077820965416,1,bohr,hartree_per_elementary_charge
-4.21875,0.13,-2.0625,,-0.028167824280049995,1,bohr,hartree_per_elementary_charge
-4.21875,0.13,-1.96875,,-0.028528665453943995,1,bohr,hartree_per_elementary_charge
-4.21875,0.13,-1.8750000000000004,,-0.028889506627837992,1,bohr,hartree_per_elementary_charge
-4.21875,0.13,-1.78125,,-0.029173322384036211,1,bohr,hartree_per_elementary_charge
-4.21875,0.13,-1.6875,,-0.029452798821065843,1,bohr,hartree_per_elementary_charge
-4.21875,0.13,-1.5937500000000004,,-0.029732275258095485,1,bohr,hartree_per_elementary_charge
-4.21875,0.13,-1.5,,-0.029911462993246599,1,bohr,hartree_per_elementary_charge
-4.21875,0.13,-1.40625,,-0.03008647220960203,1,bohr,hartree_per_elementary_charge
-4.21875,0.13,-1.3125000000000004,,-0.030261481425957467,1,bohr,hartree_per_elementary_charge
-4.21875,0.13,-1.21875,,-0.030314254757156864,1,bohr,hartree_per_elementary_charge
-4.21875,0.13,-1.125,,-0.030363679368357259,1,bohr,hartree_per_elementary_charge
-4.21875,0.13,-1.0312500000000004,,-0.030413103979557661,1,bohr,hartree_per_elementary_charge
-4.21875,0.13,-0.9375,,-0.030322399343692089,1,bohr,hartree_per_elementary_charge
-4.21875,0.13,-0.84375,,-0.030229801299972433,1,bohr,hartree_per_elementary_charge
-4.21875,0.13,-0.75000000000000044,,-0.030137203015985103,1,bohr,hartree_per_elementary_charge
-4.21875,0.13,-0.65625,,-0.029893441624312726,1,bohr,hartree_per_elementary_charge
-4.21875,0.13,-0.5625,,-0.029649680232640349,1,bohr,hartree_per_elementary_charge
-4.21875,0.13,-0.46875,,-0.02940390449659868,1,bohr,hartree_per_elementary_charge
-4.21875,0.13,-0.375,,-0.029009085140682189,1,bohr,hartree_per_elementary_charge
-4.21875,0.13,-0.28125,,-0.028614265784765686,1,bohr,hartree_per_elementary_charge
-4.21875,0.13,-0.1875,,-0.028215687261378984,1,bohr,hartree_per_elementary_charge
-4.21875,0.13,-0.09375,,-0.027679907392800775,1,bohr,hartree_per_elementary_charge
-4.21875,0.13,0,,-0.027144127524222558,1,bohr,hartree_per_elementary_charge
-4.21875,0.13,0.09375,,-0.026603483860092817,1,bohr,hartree_per_elementary_charge
-4.21875,0.13,0.18749999999999911,,-0.025946113818328152,1,bohr,hartree_per_elementary_charge
-4.21875,0.13,0.28125,,-0.025288743776563469,1,bohr,hartree_per_elementary_charge
-4.21875,0.13,0.375,,-0.024626306934392717,1,bohr,hartree_per_elementary_charge
-4.21875,0.13,0.46874999999999911,,-0.023873937125628776,1,bohr,hartree_per_elementary_charge
-4.21875,0.13,0.5625,,-0.023121567316864829,1,bohr,hartree_per_elementary_charge
-4.21875,0.13,0.65625,,-0.022364924305445733,1,bohr,hartree_per_elementary_charge
-4.21875,0.13,0.74999999999999911,,-0.021548457923908707,1,bohr,hartree_per_elementary_charge
-4.21875,0.13,0.84375,,-0.020731991542371663,1,bohr,hartree_per_elementary_charge
-4.21875,0.13,0.9375,,-0.019912964257586988,1,bohr,hartree_per_elementary_charge
-4.21875,0.13,1.0312499999999991,,-0.019064487190921922,1,bohr,hartree_per_elementary_charge
-4.21875,0.13,1.125,,-0.018216010124256839,1,bohr,hartree_per_elementary_charge
-4.21875,0.13,1.21875,,-0.017367389265454822,1,bohr,hartree_per_elementary_charge
-4.21875,0.13,1.3124999999999991,,-0.016517371593518244,1,bohr,hartree_per_elementary_charge
-4.21875,0.13,1.40625,,-0.015667353921581636,1,bohr,hartree_per_elementary_charge
-4.21875,0.13,1.5,,-0.01482002240999779,1,bohr,hartree_per_elementary_charge
-4.21875,0.13,1.5937499999999991,,-0.013995187140137005,1,bohr,hartree_per_elementary_charge
-4.21875,0.13,1.6875,,-0.013170351870276195,1,bohr,hartree_per_elementary_charge
-4.21875,0.13,1.78125,,-0.012351132885693415,1,bohr,hartree_per_elementary_charge
-4.21875,0.13,1.8749999999999991,,-0.011573099417870896,1,bohr,hartree_per_elementary_charge
-4.21875,0.13,1.96875,,-0.010795065950048364,1,bohr,hartree_per_elementary_charge
-4.21875,0.13,2.0625,,-0.010025391394057902,1,bohr,hartree_per_elementary_charge
-4.21875,0.13,2.1562499999999991,,-0.009310049077425997,1,bohr,hartree_per_elementary_charge
-4.21875,0.13,2.25,,-0.0085947067607940932,1,bohr,hartree_per_elementary_charge
-4.21875,0.13,2.34375,,-0.007890047875187902,1,bohr,hartree_per_elementary_charge
-4.21875,0.13,2.4374999999999991,,-0.0072475464138062867,1,bohr,hartree_per_elementary_charge
-4.21875,0.13,2.53125,,-0.0066050449524246773,1,bohr,hartree_per_elementary_charge
-4.21875,0.13,2.625,,-0.005974979199557218,1,bohr,hartree_per_elementary_charge
-4.21875,0.13,2.7187499999999991,,-0.0054102002184075416,1,bohr,hartree_per_elementary_charge
-4.21875,0.13,2.8125,,-0.0048454212372578713,1,bohr,hartree_per_elementary_charge
-4.21875,0.13,2.90625,,-0.0042941871994918975,1,bohr,hartree_per_elementary_charge
-4.21875,0.13,2.9999999999999991,,-0.0038075514804327077,1,bohr,hartree_per_elementary_charge
-4.21875,0.13,3.09375,,-0.0033209157613735278,1,bohr,hartree_per_elementary_charge
-4.21875,0.13,3.1875,,-0.0028482979520459382,1,bohr,hartree_per_elementary_charge
-4.21875,0.13,3.2812499999999991,,-0.0024367576101606177,1,bohr,hartree_per_elementary_charge
-4.21875,0.13,3.375,,-0.0020252172682753062,1,bohr,hartree_per_elementary_charge
-4.21875,0.13,3.46875,,-0.0016275995280463106,1,bohr,hartree_per_elementary_charge
-4.21875,0.13,3.5625,,-0.0012856717075996299,1,bohr,hartree_per_elementary_charge
-4.21875,0.13,3.65625,,-0.00094374388715295649,1,bohr,hartree_per_elementary_charge
-4.21875,0.13,3.75,,-0.00061518197269543788,1,bohr,hartree_per_elementary_charge
-4.21875,0.13,3.84375,,-0.00033590642952695498,1,bohr,hartree_per_elementary_charge
-4.21875,0.13,3.9375,,-5.6630886358465985e-05,1,bohr,hartree_per_elementary_charge
-4.21875,0.13,4.03125,,0.00021017375236834091,1,bohr,hartree_per_elementary_charge
-4.21875,0.13,4.125,,0.00043443093280688482,1,bohr,hartree_per_elementary_charge
-4.21875,0.13,4.21875,,0.00065868811324543359,1,bohr,hartree_per_elementary_charge
-4.21875,0.13,4.3125,,0.00087158704832553265,1,bohr,hartree_per_elementary_charge
-4.21875,0.13,4.40625,,0.0010485184747299522,1,bohr,hartree_per_elementary_charge
-4.21875,0.13,4.5,,0.0012254499011343754,1,bohr,hartree_per_elementary_charge
-4.125,0.13,-4.5,,-0.016788575765846313,1,bohr,hartree_per_elementary_charge
-4.125,0.13,-4.40625,,-0.017199487842167877,1,bohr,hartree_per_elementary_charge
-4.125,0.13,-4.3125,,-0.01763357372996251,1,bohr,hartree_per_elementary_charge
-4.125,0.13,-4.21875,,-0.018072518583238405,1,bohr,hartree_per_elementary_charge
-4.125,0.13,-4.125,,-0.018511463436514299,1,bohr,hartree_per_elementary_charge
-4.125,0.13,-4.03125,,-0.018972498962309927,1,bohr,hartree_per_elementary_charge
-4.125,0.13,-3.9375,,-0.019437742180712949,1,bohr,hartree_per_elementary_charge
-4.125,0.13,-3.84375,,-0.019902985399115974,1,bohr,hartree_per_elementary_charge
-4.125,0.13,-3.75,,-0.020387757948515821,1,bohr,hartree_per_elementary_charge
-4.125,0.13,-3.65625,,-0.020875887055301166,1,bohr,hartree_per_elementary_charge
-4.125,0.13,-3.5625,,-0.021364016162086504,1,bohr,hartree_per_elementary_charge
-4.125,0.13,-3.46875,,-0.02186712337099278,1,bohr,hartree_per_elementary_charge
-4.125,0.13,-3.375,,-0.022372534869070905,1,bohr,hartree_per_elementary_charge
-4.125,0.13,-3.28125,,-0.022877946367149023,1,bohr,hartree_per_elementary_charge
-4.125,0.13,-3.1875,,-0.023391217456346675,1,bohr,hartree_per_elementary_charge
-4.125,0.13,-3.09375,,-0.023905560290676413,1,bohr,hartree_per_elementary_charge
-4.125,0.13,-3,,-0.024419903125006172,1,bohr,hartree_per_elementary_charge
-4.125,0.13,-2.90625,,-0.024931828347690171,1,bohr,hartree_per_elementary_charge
-4.125,0.13,-2.8125,,-0.025443464905450214,1,bohr,hartree_per_elementary_charge
-4.125,0.13,-2.71875,,-0.025955101463210253,1,bohr,hartree_per_elementary_charge
-4.125,0.13,-2.625,,-0.026450375064171444,1,bohr,hartree_per_elementary_charge
-4.125,0.13,-2.53125,,-0.026943964276519367,1,bohr,hartree_per_elementary_charge
-4.125,0.13,-2.4375,,-0.02743755348886729,1,bohr,hartree_per_elementary_charge
-4.125,0.13,-2.34375,,-0.027896888635723521,1,bohr,hartree_per_elementary_charge
-4.125,0.13,-2.25,,-0.028353245235602495,1,bohr,hartree_per_elementary_charge
-4.125,0.13,-2.1562500000000004,,-0.028809601835481466,1,bohr,hartree_per_elementary_charge
-4.125,0.13,-2.0625,,-0.029210022265354772,1,bohr,hartree_per_elementary_charge
-4.125,0.13,-1.96875,,-0.029606447360658639,1,bohr,hartree_per_elementary_charge
-4.125,0.13,-1.8750000000000004,,-0.0300028724559625,1,bohr,hartree_per_elementary_charge
-4.125,0.13,-1.78125,,-0.030318697867289756,1,bohr,hartree_per_elementary_charge
-4.125,0.13,-1.6875,,-0.030629982598876157,1,bohr,hartree_per_elementary_charge
-4.125,0.13,-1.5937500000000004,,-0.030941267330462572,1,bohr,hartree_per_elementary_charge
-4.125,0.13,-1.5,,-0.031145950547550576,1,bohr,hartree_per_elementary_charge
-4.125,0.13,-1.40625,,-0.031346192223132542,1,bohr,hartree_per_elementary_charge
-4.125,0.13,-1.3125000000000004,,-0.031546433898714511,1,bohr,hartree_per_elementary_charge
-4.125,0.13,-1.21875,,-0.031615245025951887,1,bohr,hartree_per_elementary_charge
-4.125,0.13,-1.125,,-0.031680455540282836,1,bohr,hartree_per_elementary_charge
-4.125,0.13,-1.0312500000000004,,-0.031745666054613791,1,bohr,hartree_per_elementary_charge
-4.125,0.13,-0.9375,,-0.031658953633142944,1,bohr,hartree_per_elementary_charge
-4.125,0.13,-0.84375,,-0.031570188449055542,1,bohr,hartree_per_elementary_charge
-4.125,0.13,-0.75000000000000044,,-0.031481423003063461,1,bohr,hartree_per_elementary_charge
-4.125,0.13,-0.65625,,-0.031227881637008344,1,bohr,hartree_per_elementary_charge
-4.125,0.13,-0.5625,,-0.030974340270953239,1,bohr,hartree_per_elementary_charge
-4.125,0.13,-0.46875,,-0.030718597494235788,1,bohr,hartree_per_elementary_charge
-4.125,0.13,-0.375,,-0.03029996985088481,1,bohr,hartree_per_elementary_charge
-4.125,0.13,-0.28125,,-0.029881342207533829,1,bohr,hartree_per_elementary_charge
-4.125,0.13,-0.1875,,-0.029458608113560807,1,bohr,hartree_per_elementary_charge
-4.125,0.13,-0.09375,,-0.028885997603127701,1,bohr,hartree_per_elementary_charge
-4.125,0.13,0,,-0.028313387092694601,1,bohr,hartree_per_elementary_charge
-4.125,0.13,0.09375,,-0.027735484307191197,1,bohr,hartree_per_elementary_charge
-4.125,0.13,0.18749999999999911,,-0.027030572051026592,1,bohr,hartree_per_elementary_charge
-4.125,0.13,0.28125,,-0.026325659794861976,1,bohr,hartree_per_elementary_charge
-4.125,0.13,0.375,,-0.02561528209463548,1,bohr,hartree_per_elementary_charge
-4.125,0.13,0.46874999999999911,,-0.024807895718550105,1,bohr,hartree_per_elementary_charge
-4.125,0.13,0.5625,,-0.02400050934246472,1,bohr,hartree_per_elementary_charge
-4.125,0.13,0.65625,,-0.023188594618451228,1,bohr,hartree_per_elementary_charge
-4.125,0.13,0.74999999999999911,,-0.022313284578093614,1,bohr,hartree_per_elementary_charge
-4.125,0.13,0.84375,,-0.021437974537735986,1,bohr,hartree_per_elementary_charge
-4.125,0.13,0.9375,,-0.020560081789984936,1,bohr,hartree_per_elementary_charge
-4.125,0.13,1.0312499999999991,,-0.019652488517832085,1,bohr,hartree_per_elementary_charge
-4.125,0.13,1.125,,-0.018744895245679211,1,bohr,hartree_per_elementary_charge
-4.125,0.13,1.21875,,-0.017837420420035062,1,bohr,hartree_per_elementary_charge
-4.125,0.13,1.3124999999999991,,-0.016931096197216913,1,bohr,hartree_per_elementary_charge
-4.125,0.13,1.40625,,-0.016024771974398729,1,bohr,hartree_per_elementary_charge
-4.125,0.13,1.5,,-0.015121688500765392,1,bohr,hartree_per_elementary_charge
-4.125,0.13,1.5937499999999991,,-0.014245745877808046,1,bohr,hartree_per_elementary_charge
-4.125,0.13,1.6875,,-0.013369803254850677,1,bohr,hartree_per_elementary_charge
-4.125,0.13,1.78125,,-0.01250029467287711,1,bohr,hartree_per_elementary_charge
-4.125,0.13,1.8749999999999991,,-0.011677968399076434,1,bohr,hartree_per_elementary_charge
-4.125,0.13,1.96875,,-0.010855642125275743,1,bohr,hartree_per_elementary_charge
-4.125,0.13,2.0625,,-0.010042697851304854,1,bohr,hartree_per_elementary_charge
-4.125,0.13,2.1562499999999991,,-0.0092907358045251909,1,bohr,hartree_per_elementary_charge
-4.125,0.13,2.25,,-0.0085387737577455342,1,bohr,hartree_per_elementary_charge
-4.125,0.13,2.34375,,-0.0077986476738431763,1,bohr,hartree_per_elementary_charge
-4.125,0.13,2.4374999999999991,,-0.0071273845763634774,1,bohr,hartree_per_elementary_charge
-4.125,0.13,2.53125,,-0.0064561214788837838,1,bohr,hartree_per_elementary_charge
-4.125,0.13,2.625,,-0.0057984936270619103,1,bohr,hartree_per_elementary_charge
-4.125,0.13,2.7187499999999991,,-0.0052124500496354073,1,bohr,hartree_per_elementary_charge
-4.125,0.13,2.8125,,-0.004626406472208913,1,bohr,hartree_per_elementary_charge
-4.125,0.13,2.90625,,-0.0040550766685000924,1,bohr,hartree_per_elementary_charge
-4.125,0.13,2.9999999999999991,,-0.0035539195496869531,1,bohr,hartree_per_elementary_charge
-4.125,0.13,3.09375,,-0.0030527624308738228,1,bohr,hartree_per_elementary_charge
-4.125,0.13,3.1875,,-0.0025666975729186788,1,bohr,hartree_per_elementary_charge
-4.125,0.13,3.2812499999999991,,-0.0021463912402240109,1,bohr,hartree_per_elementary_charge
-4.125,0.13,3.375,,-0.0017260849075293511,1,bohr,hartree_per_elementary_charge
-4.125,0.13,3.46875,,-0.0013206366890503095,1,bohr,hartree_per_elementary_charge
-4.125,0.13,3.5625,,-0.00097462040787796419,1,bohr,hartree_per_elementary_charge
-4.125,0.13,3.65625,,-0.00062860412670562576,1,bohr,hartree_per_elementary_charge
-4.125,0.13,3.75,,-0.00029672665991830076,1,bohr,hartree_per_elementary_charge
-4.125,0.13,3.84375,,-1.6985640591547866e-05,1,bohr,hartree_per_elementary_charge
-4.125,0.13,3.9375,,0.00026275537873521093,1,bohr,hartree_per_elementary_charge
-4.125,0.13,4.03125,,0.0005294207216634772,1,bohr,hartree_per_elementary_charge
-4.125,0.13,4.125,,0.00075147528285114825,1,bohr,hartree_per_elementary_charge
-4.125,0.13,4.21875,,0.00097352984403882396,1,bohr,hartree_per_elementary_charge
-4.125,0.13,4.3125,,0.0011837812253757821,1,bohr,hartree_per_elementary_charge
-4.125,0.13,4.40625,,0.0013566561493213265,1,bohr,hartree_per_elementary_charge
-4.125,0.13,4.5,,0.0015295310732668737,1,bohr,hartree_per_elementary_charge
-4.03125,0.13,-4.5,,-0.017077406077095073,1,bohr,hartree_per_elementary_charge
-4.03125,0.13,-4.40625,,-0.01750553813871384,1,bohr,hartree_per_elementary_charge
-4.03125,0.13,-4.3125,,-0.01795934875329756,1,bohr,hartree_per_elementary_charge
-4.03125,0.13,-4.21875,,-0.018418543514663113,1,bohr,hartree_per_elementary_charge
-4.03125,0.13,-4.125,,-0.018877738276028674,1,bohr,hartree_per_elementary_charge
-4.03125,0.13,-4.03125,,-0.019361864596224614,1,bohr,hartree_per_elementary_charge
-4.03125,0.13,-3.9375,,-0.019850739723216181,1,bohr,hartree_per_elementary_charge
-4.03125,0.13,-3.84375,,-0.020339614850207754,1,bohr,hartree_per_elementary_charge
-4.03125,0.13,-3.75,,-0.020851154183639791,1,bohr,hartree_per_elementary_charge
-4.03125,0.13,-3.65625,,-0.0213665888737293,1,bohr,hartree_per_elementary_charge
-4.03125,0.13,-3.5625,,-0.021882023563818801,1,bohr,hartree_per_elementary_charge
-4.03125,0.13,-3.46875,,-0.022415763849261024,1,bohr,hartree_per_elementary_charge
-4.03125,0.13,-3.375,,-0.022952320338306,1,bohr,hartree_per_elementary_charge
-4.03125,0.13,-3.28125,,-0.023488876827350968,1,bohr,hartree_per_elementary_charge
-4.03125,0.13,-3.1875,,-0.024036626629227783,1,bohr,hartree_per_elementary_charge
-4.03125,0.13,-3.09375,,-0.024585902767316915,1,bohr,hartree_per_elementary_charge
-4.03125,0.13,-3,,-0.025135178905406043,1,bohr,hartree_per_elementary_charge
-4.03125,0.13,-2.90625,,-0.02568507841494656,1,bohr,hartree_per_elementary_charge
-4.03125,0.13,-2.8125,,-0.026235052355578173,1,bohr,hartree_per_elementary_charge
-4.03125,0.13,-2.71875,,-0.026785026296209786,1,bohr,hartree_per_elementary_charge
-4.03125,0.13,-2.625,,-0.027320951797332287,1,bohr,hartree_per_elementary_charge
-4.03125,0.13,-2.53125,,-0.027855431164248479,1,bohr,hartree_per_elementary_charge
-4.03125,0.13,-2.4375,,-0.028389910531164665,1,bohr,hartree_per_elementary_charge
-4.03125,0.13,-2.34375,,-0.028891151259666757,1,bohr,hartree_per_elementary_charge
-4.03125,0.13,-2.25,,-0.029389501737199956,1,bohr,hartree_per_elementary_charge
-4.03125,0.13,-2.1562500000000004,,-0.029887852214733137,1,bohr,hartree_per_elementary_charge
-4.03125,0.13,-2.0625,,-0.030329303218445198,1,bohr,hartree_per_elementary_charge
-4.03125,0.13,-1.96875,,-0.030766690082000402,1,bohr,hartree_per_elementary_charge
-4.03125,0.13,-1.8750000000000004,,-0.031204076945555607,1,bohr,hartree_per_elementary_charge
-4.03125,0.13,-1.78125,,-0.031557222329369965,1,bohr,hartree_per_elementary_charge
-4.03125,0.13,-1.6875,,-0.031905621868516892,1,bohr,hartree_per_elementary_charge
-4.03125,0.13,-1.5937500000000004,,-0.03225402140766382,1,bohr,hartree_per_elementary_charge
-4.03125,0.13,-1.5,,-0.032488930661712628,1,bohr,hartree_per_elementary_charge
-4.03125,0.13,-1.40625,,-0.032719111354313067,1,bohr,hartree_per_elementary_charge
-4.03125,0.13,-1.3125000000000004,,-0.032949292046913506,1,bohr,hartree_per_elementary_charge
-4.03125,0.13,-1.21875,,-0.033037669425809921,1,bohr,hartree_per_elementary_charge
-4.03125,0.13,-1.125,,-0.033122162024128848,1,bohr,hartree_per_elementary_charge
-4.03125,0.13,-1.0312500000000004,,-0.033206654622447769,1,bohr,hartree_per_elementary_charge
-4.03125,0.13,-0.9375,,-0.033125657453262278,1,bohr,hartree_per_elementary_charge
-4.03125,0.13,-0.84375,,-0.033042424208224466,1,bohr,hartree_per_elementary_charge
-4.03125,0.13,-0.75000000000000044,,-0.03295919067610701,1,bohr,hartree_per_elementary_charge
-4.03125,0.13,-0.65625,,-0.032695342530273099,1,bohr,hartree_per_elementary_charge
-4.03125,0.13,-0.5625,,-0.032431494384439194,1,bohr,hartree_per_elementary_charge
-4.03125,0.13,-0.46875,,-0.032165226075565205,1,bohr,hartree_per_elementary_charge
-4.03125,0.13,-0.375,,-0.03171988716402771,1,bohr,hartree_per_elementary_charge
-4.03125,0.13,-0.28125,,-0.031274548252490202,1,bohr,hartree_per_elementary_charge
-4.03125,0.13,-0.1875,,-0.030824697209515899,1,bohr,hartree_per_elementary_charge
-4.03125,0.13,-0.09375,,-0.030210163292549611,1,bohr,hartree_per_elementary_charge
-4.03125,0.13,0,,-0.029595629375583323,1,bohr,hartree_per_elementary_charge
-4.03125,0.13,0.09375,,-0.028975306739109655,1,bohr,hartree_per_elementary_charge
-4.03125,0.13,0.18749999999999911,,-0.028216060446803345,1,bohr,hartree_per_elementary_charge
-4.03125,0.13,0.28125,,-0.027456814154497019,1,bohr,hartree_per_elementary_charge
-4.03125,0.13,0.375,,-0.026691649611465421,1,bohr,hartree_per_elementary_charge
-4.03125,0.13,0.46874999999999911,,-0.025821439319221443,1,bohr,hartree_per_elementary_charge
-4.03125,0.13,0.5625,,-0.024951229026977453,1,bohr,hartree_per_elementary_charge
-4.03125,0.13,0.65625,,-0.024076216293207522,1,bohr,hartree_per_elementary_charge
-4.03125,0.13,0.74999999999999911,,-0.02313397102682414,1,bohr,hartree_per_elementary_charge
-4.03125,0.13,0.84375,,-0.022191725760440741,1,bohr,hartree_per_elementary_charge
-4.03125,0.13,0.9375,,-0.021246905511015417,1,bohr,hartree_per_elementary_charge
-4.03125,0.13,1.0312499999999991,,-0.02027247356540416,1,bohr,hartree_per_elementary_charge
-4.03125,0.13,1.125,,-0.019298041619792896,1,bohr,hartree_per_elementary_charge
-4.03125,0.13,1.21875,,-0.018324071488507555,1,bohr,hartree_per_elementary_charge
-4.03125,0.13,1.3124999999999991,,-0.017354587473987146,1,bohr,hartree_per_elementary_charge
-4.03125,0.13,1.40625,,-0.016385103459466713,1,bohr,hartree_per_elementary_charge
-4.03125,0.13,1.5,,-0.015419541956915002,1,bohr,hartree_per_elementary_charge
-4.03125,0.13,1.5937499999999991,,-0.014486830979209882,1,bohr,hartree_per_elementary_charge
-4.03125,0.13,1.6875,,-0.013554120001504737,1,bohr,hartree_per_elementary_charge
-4.03125,0.13,1.78125,,-0.012628822526437107,1,bohr,hartree_per_elementary_charge
-4.03125,0.13,1.8749999999999991,,-0.011757889978009587,1,bohr,hartree_per_elementary_charge
-4.03125,0.13,1.96875,,-0.010886957429582046,1,bohr,hartree_per_elementary_charge
-4.03125,0.13,2.0625,,-0.010026611227555981,1,bohr,hartree_per_elementary_charge
-4.03125,0.13,2.1562499999999991,,-0.0092350754063752327,1,bohr,hartree_per_elementary_charge
-4.03125,0.13,2.25,,-0.0084435395851944935,1,bohr,hartree_per_elementary_charge
-4.03125,0.13,2.34375,,-0.0076651767380052386,1,bohr,hartree_per_elementary_charge
-4.03125,0.13,2.4374999999999991,,-0.0069634557608966325,1,bohr,hartree_per_elementary_charge
-4.03125,0.13,2.53125,,-0.0062617347837880281,1,bohr,hartree_per_elementary_charge
-4.03125,0.13,2.625,,-0.0055750207423221109,1,bohr,hartree_per_elementary_charge
-4.03125,0.13,2.7187499999999991,,-0.0049670922706829962,1,bohr,hartree_per_elementary_charge
-4.03125,0.13,2.8125,,-0.0043591637990438893,1,bohr,hartree_per_elementary_charge
-4.03125,0.13,2.90625,,-0.0037672651500084363,1,bohr,hartree_per_elementary_charge
-4.03125,0.13,2.9999999999999991,,-0.0032518156643272268,1,bohr,hartree_per_elementary_charge
-4.03125,0.13,3.09375,,-0.0027363661786460282,1,bohr,hartree_per_elementary_charge
-4.03125,0.13,3.1875,,-0.0022371975537996023,1,bohr,hartree_per_elementary_charge
-4.03125,0.13,3.2812499999999991,,-0.0018089663059664631,1,bohr,hartree_per_elementary_charge
-4.03125,0.13,3.375,,-0.0013807350581333325,1,bohr,hartree_per_elementary_charge
-4.03125,0.13,3.46875,,-0.00096837581703019334,1,bohr,hartree_per_elementary_charge
-4.03125,0.13,3.5625,,-0.00061950404783763739,1,bohr,hartree_per_elementary_charge
-4.03125,0.13,3.65625,,-0.00027063227864508881,1,bohr,hartree_per_elementary_charge
-4.03125,0.13,3.75,,6.3283618240157159e-05,1,bohr,hartree_per_elementary_charge
-4.03125,0.13,3.84375,,0.00034205019145911223,1,bohr,hartree_per_elementary_charge
-4.03125,0.13,3.9375,,0.00062081676467807319,1,bohr,hartree_per_elementary_charge
-4.03125,0.13,4.03125,,0.00088588817014643409,1,bohr,hartree_per_elementary_charge
-4.03125,0.13,4.125,,0.0011042352517019371,1,bohr,hartree_per_elementary_charge
-4.03125,0.13,4.21875,,0.0013225823332574452,1,bohr,hartree_per_elementary_charge
-4.03125,0.13,4.3125,,0.0015286896333356517,1,bohr,hartree_per_elementary_charge
-4.03125,0.13,4.40625,,0.0016960379145178814,1,bohr,hartree_per_elementary_charge
-4.03125,0.13,4.5,,0.001863386195700115,1,bohr,hartree_per_elementary_charge
-3.9375,0.13,-4.5,,-0.017366236388343829,1,bohr,hartree_per_elementary_charge
-3.9375,0.13,-4.40625,,-0.0178115884352598,1,bohr,hartree_per_elementary_charge
-3.9375,0.13,-4.3125,,-0.018285123776632609,1,bohr,hartree_per_elementary_charge
-3.9375,0.13,-4.21875,,-0.018764568446087822,1,bohr,hartree_per_elementary_charge
-3.9375,0.13,-4.125,,-0.019244013115543041,1,bohr,hartree_per_elementary_charge
-3.9375,0.13,-4.03125,,-0.019751230230139305,1,bohr,hartree_per_elementary_charge
-3.9375,0.13,-3.9375,,-0.020263737265719416,1,bohr,hartree_per_elementary_charge
-3.9375,0.13,-3.84375,,-0.020776244301299526,1,bohr,hartree_per_elementary_charge
-3.9375,0.13,-3.75,,-0.021314550418763768,1,bohr,hartree_per_elementary_charge
-3.9375,0.13,-3.65625,,-0.021857290692157437,1,bohr,hartree_per_elementary_charge
-3.9375,0.13,-3.5625,,-0.022400030965551106,1,bohr,hartree_per_elementary_charge
-3.9375,0.13,-3.46875,,-0.022964404327529261,1,bohr,hartree_per_elementary_charge
-3.9375,0.13,-3.375,,-0.023532105807541087,1,bohr,hartree_per_elementary_charge
-3.9375,0.13,-3.28125,,-0.024099807287552913,1,bohr,hartree_per_elementary_charge
-3.9375,0.13,-3.1875,,-0.024682035802108902,1,bohr,hartree_per_elementary_charge
-3.9375,0.13,-3.09375,,-0.025266245243957403,1,bohr,hartree_per_elementary_charge
-3.9375,0.13,-3,,-0.025850454685805904,1,bohr,hartree_per_elementary_charge
-3.9375,0.13,-2.90625,,-0.026438328482202948,1,bohr,hartree_per_elementary_charge
-3.9375,0.13,-2.8125,,-0.027026639805706125,1,bohr,hartree_per_elementary_charge
-3.9375,0.13,-2.71875,,-0.027614951129209305,1,bohr,hartree_per_elementary_charge
-3.9375,0.13,-2.625,,-0.028191528530493126,1,bohr,hartree_per_elementary_charge
-3.9375,0.13,-2.53125,,-0.028766898051977581,1,bohr,hartree_per_elementary_charge
-3.9375,0.13,-2.4375,,-0.029342267573462033,1,bohr,hartree_per_elementary_charge
-3.9375,0.13,-2.34375,,-0.029885413883609994,1,bohr,hartree_per_elementary_charge
-3.9375,0.13,-2.25,,-0.030425758238797406,1,bohr,hartree_per_elementary_charge
-3.9375,0.13,-2.1562500000000004,,-0.030966102593984808,1,bohr,hartree_per_elementary_charge
-3.9375,0.13,-2.0625,,-0.031448584171535621,1,bohr,hartree_per_elementary_charge
-3.9375,0.13,-1.96875,,-0.031926932803342162,1,bohr,hartree_per_elementary_charge
-3.9375,0.13,-1.8750000000000004,,-0.032405281435148703,1,bohr,hartree_per_elementary_charge
-3.9375,0.13,-1.78125,,-0.032795746791450177,1,bohr,hartree_per_elementary_charge
-3.9375,0.13,-1.6875,,-0.033181261138157621,1,bohr,hartree_per_elementary_charge
-3.9375,0.13,-1.5937500000000004,,-0.033566775484865065,1,bohr,hartree_per_elementary_charge
-3.9375,0.13,-1.5,,-0.033831910775874677,1,bohr,hartree_per_elementary_charge
-3.9375,0.13,-1.40625,,-0.034092030485493592,1,bohr,hartree_per_elementary_charge
-3.9375,0.13,-1.3125000000000004,,-0.034352150195112507,1,bohr,hartree_per_elementary_charge
-3.9375,0.13,-1.21875,,-0.034460093825667948,1,bohr,hartree_per_elementary_charge
-3.9375,0.13,-1.125,,-0.034563868507974854,1,bohr,hartree_per_elementary_charge
-3.9375,0.13,-1.0312500000000004,,-0.034667643190281767,1,bohr,hartree_per_elementary_charge
-3.9375,0.13,-0.9375,,-0.03459236127338159,1,bohr,hartree_per_elementary_charge
-3.9375,0.13,-0.84375,,-0.034514659967393391,1,bohr,hartree_per_elementary_charge
-3.9375,0.13,-0.75000000000000044,,-0.034436958349150566,1,bohr,hartree_per_elementary_charge
-3.9375,0.13,-0.65625,,-0.034162803423537856,1,bohr,hartree_per_elementary_charge
-3.9375,0.13,-0.5625,,-0.033888648497925146,1,bohr,hartree_per_elementary_charge
-3.9375,0.13,-0.46875,,-0.033611854656894626,1,bohr,hartree_per_elementary_charge
-3.9375,0.13,-0.375,,-0.033139804477170604,1,bohr,hartree_per_elementary_charge
-3.9375,0.13,-0.28125,,-0.032667754297446575,1,bohr,hartree_per_elementary_charge
-3.9375,0.13,-0.1875,,-0.032190786305470988,1,bohr,hartree_per_elementary_charge
-3.9375,0.13,-0.09375,,-0.031534328981971511,1,bohr,hartree_per_elementary_charge
-3.9375,0.13,0,,-0.030877871658472042,1,bohr,hartree_per_elementary_charge
-3.9375,0.13,0.09375,,-0.030215129171028112,1,bohr,hartree_per_elementary_charge
-3.9375,0.13,0.18749999999999911,,-0.029401548842580089,1,bohr,hartree_per_elementary_charge
-3.9375,0.13,0.28125,,-0.028587968514132048,1,bohr,hartree_per_elementary_charge
-3.9375,0.13,0.375,,-0.027768017128295356,1,bohr,hartree_per_elementary_charge
-3.9375,0.13,0.46874999999999911,,-0.02683498291989278,1,bohr,hartree_per_elementary_charge
-3.9375,0.13,0.5625,,-0.025901948711490191,1,bohr,hartree_per_elementary_charge
-3.9375,0.13,0.65625,,-0.024963837967963819,1,bohr,hartree_per_elementary_charge
-3.9375,0.13,0.74999999999999911,,-0.023954657475554662,1,bohr,hartree_per_elementary_charge
-3.9375,0.13,0.84375,,-0.022945476983145495,1,bohr,hartree_per_elementary_charge
-3.9375,0.13,0.9375,,-0.021933729232045888,1,bohr,hartree_per_elementary_charge
-3.9375,0.13,1.0312499999999991,,-0.020892458612976238,1,bohr,hartree_per_elementary_charge
-3.9375,0.13,1.125,,-0.019851187993906578,1,bohr,hartree_per_elementary_charge
-3.9375,0.13,1.21875,,-0.018810722556980047,1,bohr,hartree_per_elementary_charge
-3.9375,0.13,1.3124999999999991,,-0.017778078750757383,1,bohr,hartree_per_elementary_charge
-3.9375,0.13,1.40625,,-0.016745434944534683,1,bohr,hartree_per_elementary_charge
-3.9375,0.13,1.5,,-0.015717395413064609,1,bohr,hartree_per_elementary_charge
-3.9375,0.13,1.5937499999999991,,-0.014727916080611719,1,bohr,hartree_per_elementary_charge
-3.9375,0.13,1.6875,,-0.013738436748158795,1,bohr,hartree_per_elementary_charge
-3.9375,0.13,1.78125,,-0.012757350379997109,1,bohr,hartree_per_elementary_charge
-3.9375,0.13,1.8749999999999991,,-0.011837811556942739,1,bohr,hartree_per_elementary_charge
-3.9375,0.13,1.96875,,-0.010918272733888349,1,bohr,hartree_per_elementary_charge
-3.9375,0.13,2.0625,,-0.010010524603807105,1,bohr,hartree_per_elementary_charge
-3.9375,0.13,2.1562499999999991,,-0.0091794150082252762,1,bohr,hartree_per_elementary_charge
-3.9375,0.13,2.25,,-0.0083483054126434544,1,bohr,hartree_per_elementary_charge
-3.9375,0.13,2.34375,,-0.0075317058021673027,1,bohr,hartree_per_elementary_charge
-3.9375,0.13,2.4374999999999991,,-0.0067995269454297833,1,bohr,hartree_per_elementary_charge
-3.9375,0.13,2.53125,,-0.0060673480886922725,1,bohr,hartree_per_elementary_charge
-3.9375,0.13,2.625,,-0.0053515478575823124,1,bohr,hartree_per_elementary_charge
-3.9375,0.13,2.7187499999999991,,-0.0047217344917305851,1,bohr,hartree_per_elementary_charge
-3.9375,0.13,2.8125,,-0.0040919211258788665,1,bohr,hartree_per_elementary_charge
-3.9375,0.13,2.90625,,-0.0034794536315167811,1,bohr,hartree_per_elementary_charge
-3.9375,0.13,2.9999999999999991,,-0.0029497117789675019,1,bohr,hartree_per_elementary_charge
-3.9375,0.13,3.09375,,-0.0024199699264182343,1,bohr,hartree_per_elementary_charge
-3.9375,0.13,3.1875,,-0.0019076975346805276,1,bohr,hartree_per_elementary_charge
-3.9375,0.13,3.2812499999999991,,-0.0014715413717089169,1,bohr,hartree_per_elementary_charge
-3.9375,0.13,3.375,,-0.0010353852087373156,1,bohr,hartree_per_elementary_charge
-3.9375,0.13,3.46875,,-0.00061611494501007829,1,bohr,hartree_per_elementary_charge
-3.9375,0.13,3.5625,,-0.00026438768779731182,1,bohr,hartree_per_elementary_charge
-3.9375,0.13,3.65625,,8.7339569415447084e-05,1,bohr,hartree_per_elementary_charge
-3.9375,0.13,3.75,,0.00042329389639861407,1,bohr,hartree_per_elementary_charge
-3.9375,0.13,3.84375,,0.00070108602350977124,1,bohr,hartree_per_elementary_charge
-3.9375,0.13,3.9375,,0.00097887815062093443,1,bohr,hartree_per_elementary_charge
-3.9375,0.13,4.03125,,0.0012423556186293898,1,bohr,hartree_per_elementary_charge
-3.9375,0.13,4.125,,0.0014569952205527249,1,bohr,hartree_per_elementary_charge
-3.9375,0.13,4.21875,,0.0016716348224760653,1,bohr,hartree_per_elementary_charge
-3.9375,0.13,4.3125,,0.0018735980412955201,1,bohr,hartree_per_elementary_charge
-3.9375,0.13,4.40625,,0.0020354196797144359,1,bohr,hartree_per_elementary_charge
-3.9375,0.13,4.5,,0.0021972413181333555,1,bohr,hartree_per_elementary_charge
-3.84375,0.13,-4.5,,-0.017653217040072017,1,bohr,hartree_per_elementary_charge
-3.84375,0.13,-4.40625,,-0.018116457379230358,1,bohr,hartree_per_elementary_charge
-3.84375,0.13,-4.3125,,-0.01861065483146004,1,bohr,hartree_per_elementary_charge
-3.84375,0.13,-4.21875,,-0.019111343211778455,1,bohr,hartree_per_elementary_charge
-3.84375,0.13,-4.125,,-0.019612031592096863,1,bohr,hartree_per_elementary_charge
-3.84375,0.13,-4.03125,,-0.02014369349093665,1,bohr,hartree_per_elementary_charge
-3.84375,0.13,-3.9375,,-0.020681255031120151,1,bohr,hartree_per_elementary_charge
-3.84375,0.13,-3.84375,,-0.021218816571303648,1,bohr,hartree_per_elementary_charge
-3.84375,0.13,-3.75,,-0.021785782306743176,1,bohr,hartree_per_elementary_charge
-3.84375,0.13,-3.65625,,-0.022357801818411266,1,bohr,hartree_per_elementary_charge
-3.84375,0.13,-3.5625,,-0.022929821330079352,1,bohr,hartree_per_elementary_charge
-3.84375,0.13,-3.46875,,-0.023527396799970769,1,bohr,hartree_per_elementary_charge
-3.84375,0.13,-3.375,,-0.024128903897336396,1,bohr,hartree_per_elementary_charge
-3.84375,0.13,-3.28125,,-0.02473041099470203,1,bohr,hartree_per_elementary_charge
-3.84375,0.13,-3.1875,,-0.02535050341768921,1,bohr,hartree_per_elementary_charge
-3.84375,0.13,-3.09375,,-0.025973130162368279,1,bohr,hartree_per_elementary_charge
-3.84375,0.13,-3,,-0.026595756907047352,1,bohr,hartree_per_elementary_charge
-3.84375,0.13,-2.90625,,-0.027225924606854024,1,bohr,hartree_per_elementary_charge
-3.84375,0.13,-2.8125,,-0.027856992703232795,1,bohr,hartree_per_elementary_charge
-3.84375,0.13,-2.71875,,-0.02848806079961157,1,bohr,hartree_per_elementary_charge
-3.84375,0.13,-2.625,,-0.029110600789527558,1,bohr,hartree_per_elementary_charge
-3.84375,0.13,-2.53125,,-0.029732262903544023,1,bohr,hartree_per_elementary_charge
-3.84375,0.13,-2.4375,,-0.030353925017560492,1,bohr,hartree_per_elementary_charge
-3.84375,0.13,-2.34375,,-0.03094521746161568,1,bohr,hartree_per_elementary_charge
-3.84375,0.13,-2.25,,-0.031533869124573351,1,bohr,hartree_per_elementary_charge
-3.84375,0.13,-2.1562500000000004,,-0.032122520787531021,1,bohr,hartree_per_elementary_charge
-3.84375,0.13,-2.0625,,-0.032652958322415007,1,bohr,hartree_per_elementary_charge
-3.84375,0.13,-1.96875,,-0.033179237815761653,1,bohr,hartree_per_elementary_charge
-3.84375,0.13,-1.8750000000000004,,-0.033705517309108306,1,bohr,hartree_per_elementary_charge
-3.84375,0.13,-1.78125,,-0.034140427442449918,1,bohr,hartree_per_elementary_charge
-3.84375,0.13,-1.6875,,-0.034570190173451483,1,bohr,hartree_per_elementary_charge
-3.84375,0.13,-1.5937500000000004,,-0.034999952904453055,1,bohr,hartree_per_elementary_charge
-3.84375,0.13,-1.5,,-0.035301898514694723,1,bohr,hartree_per_elementary_charge
-3.84375,0.13,-1.40625,,-0.03559851863730417,1,bohr,hartree_per_elementary_charge
-3.84375,0.13,-1.3125000000000004,,-0.035895138759913618,1,bohr,hartree_per_elementary_charge
-3.84375,0.13,-1.21875,,-0.036027764149263571,1,bohr,hartree_per_elementary_charge
-3.84375,0.13,-1.125,,-0.036155896811765786,1,bohr,hartree_per_elementary_charge
-3.84375,0.13,-1.0312500000000004,,-0.036284029474268002,1,bohr,hartree_per_elementary_charge
-3.84375,0.13,-0.9375,,-0.036217159793462822,1,bohr,hartree_per_elementary_charge
-3.84375,0.13,-0.84375,,-0.036147655266784158,1,bohr,hartree_per_elementary_charge
-3.84375,0.13,-0.75000000000000044,,-0.036078150397723115,1,bohr,hartree_per_elementary_charge
-3.84375,0.13,-0.65625,,-0.035793237492975784,1,bohr,hartree_per_elementary_charge
-3.84375,0.13,-0.5625,,-0.035508324588228453,1,bohr,hartree_per_elementary_charge
-3.84375,0.13,-0.46875,,-0.03522050896404768,1,bohr,hartree_per_elementary_charge
-3.84375,0.13,-0.375,,-0.034717917843463925,1,bohr,hartree_per_elementary_charge
-3.84375,0.13,-0.28125,,-0.034215326722880156,1,bohr,hartree_per_elementary_charge
-3.84375,0.13,-0.1875,,-0.033707329763929289,1,bohr,hartree_per_elementary_charge
-3.84375,0.13,-0.09375,,-0.03300203159354418,1,bohr,hartree_per_elementary_charge
-3.84375,0.13,0,,-0.032296733423159078,1,bohr,hartree_per_elementary_charge
-3.84375,0.13,0.09375,,-0.031584561404749904,1,bohr,hartree_per_elementary_charge
-3.84375,0.13,0.18749999999999911,,-0.030707423698173763,1,bohr,hartree_per_elementary_charge
-3.84375,0.13,0.28125,,-0.029830285991597594,1,bohr,hartree_per_elementary_charge
-3.84375,0.13,0.375,,-0.028946258145600309,1,bohr,hartree_per_elementary_charge
-3.84375,0.13,0.46874999999999911,,-0.027939934051730307,1,bohr,hartree_per_elementary_charge
-3.84375,0.13,0.5625,,-0.026933609957860309,1,bohr,hartree_per_elementary_charge
-3.84375,0.13,0.65625,,-0.02592192479314636,1,bohr,hartree_per_elementary_charge
-3.84375,0.13,0.74999999999999911,,-0.024835186477152715,1,bohr,hartree_per_elementary_charge
-3.84375,0.13,0.84375,,-0.023748448161159064,1,bohr,hartree_per_elementary_charge
-3.84375,0.13,0.9375,,-0.022659210423978709,1,bohr,hartree_per_elementary_charge
-3.84375,0.13,1.0312499999999991,,-0.021541229934082751,1,bohr,hartree_per_elementary_charge
-3.84375,0.13,1.125,,-0.020423249444186779,1,bohr,hartree_per_elementary_charge
-3.84375,0.13,1.21875,,-0.019306547168305932,1,bohr,hartree_per_elementary_charge
-3.84375,0.13,1.3124999999999991,,-0.018202261608409345,1,bohr,hartree_per_elementary_charge
-3.84375,0.13,1.40625,,-0.017097976048512716,1,bohr,hartree_per_elementary_charge
-3.84375,0.13,1.5,,-0.01599916373648386,1,bohr,hartree_per_elementary_charge
-3.84375,0.13,1.5937499999999991,,-0.014946189159688256,1,bohr,hartree_per_elementary_charge
-3.84375,0.13,1.6875,,-0.013893214582892617,1,bohr,hartree_per_elementary_charge
-3.84375,0.13,1.78125,,-0.012849839072062897,1,bohr,hartree_per_elementary_charge
-3.84375,0.13,1.8749999999999991,,-0.011876855728413334,1,bohr,hartree_per_elementary_charge
-3.84375,0.13,1.96875,,-0.010903872384763747,1,bohr,hartree_per_elementary_charge
-3.84375,0.13,2.0625,,-0.009944128781928312,1,bohr,hartree_per_elementary_charge
-3.84375,0.13,2.1562499999999991,,-0.0090704424053695554,1,bohr,hartree_per_elementary_charge
-3.84375,0.13,2.25,,-0.0081967560288108074,1,bohr,hartree_per_elementary_charge
-3.84375,0.13,2.34375,,-0.007339156785495184,1,bohr,hartree_per_elementary_charge
-3.84375,0.13,2.4374999999999991,,-0.0065751543242567453,1,bohr,hartree_per_elementary_charge
-3.84375,0.13,2.53125,,-0.0058111518630183144,1,bohr,hartree_per_elementary_charge
-3.84375,0.13,2.625,,-0.0050651141715598556,1,bohr,hartree_per_elementary_charge
-3.84375,0.13,2.7187499999999991,,-0.0044133905131340115,1,bohr,hartree_per_elementary_charge
-3.84375,0.13,2.8125,,-0.0037616668547081722,1,bohr,hartree_per_elementary_charge
-3.84375,0.13,2.90625,,-0.0031287777045326945,1,bohr,hartree_per_elementary_charge
-3.84375,0.13,2.9999999999999991,,-0.0025857137778503439,1,bohr,hartree_per_elementary_charge
-3.84375,0.13,3.09375,,-0.002042649851168006,1,bohr,hartree_per_elementary_charge
-3.84375,0.13,3.1875,,-0.0015183660495862485,1,bohr,hartree_per_elementary_charge
-3.84375,0.13,3.2812499999999991,,-0.0010759091752251479,1,bohr,hartree_per_elementary_charge
-3.84375,0.13,3.375,,-0.00063345230086405638,1,bohr,hartree_per_elementary_charge
-3.84375,0.13,3.46875,,-0.00020896613023378897,1,bohr,hartree_per_elementary_charge
-3.84375,0.13,3.5625,,0.00014363785386940973,1,bohr,hartree_per_elementary_charge
-3.84375,0.13,3.65625,,0.00049624183797260094,1,bohr,hartree_per_elementary_charge
-3.84375,0.13,3.75,,0.00083223026960818202,1,bohr,hartree_per_elementary_charge
-3.84375,0.13,3.84375,,0.0011069493575303212,1,bohr,hartree_per_elementary_charge
-3.84375,0.13,3.9375,,0.0013816684454524661,1,bohr,hartree_per_elementary_charge
-3.84375,0.13,4.03125,,0.0016414636386631509,1,bohr,hartree_per_elementary_charge
-3.84375,0.13,4.125,,0.0018503424135255372,1,bohr,hartree_per_elementary_charge
-3.84375,0.13,4.21875,,0.0020592211883879281,1,bohr,hartree_per_elementary_charge
-3.84375,0.13,4.3125,,0.0022550224791688784,1,bohr,hartree_per_elementary_charge
-3.84375,0.13,4.40625,,0.0024094120459280904,1,bohr,hartree_per_elementary_charge
-3.84375,0.13,4.5,,0.0025638016126873059,1,bohr,hartree_per_elementary_charge
-3.75,0.13,-4.5,,-0.01793829804998593,1,bohr,hartree_per_elementary_charge
-3.75,0.13,-4.40625,,-0.018420113047609019,1,bohr,hartree_per_elementary_charge
-3.75,0.13,-4.3125,,-0.018935935325158096,1,bohr,hartree_per_elementary_charge
-3.75,0.13,-4.21875,,-0.019458888074078452,1,bohr,hartree_per_elementary_charge
-3.75,0.13,-4.125,,-0.019981840822998816,1,bohr,hartree_per_elementary_charge
-3.75,0.13,-4.03125,,-0.020539338084020208,1,bohr,hartree_per_elementary_charge
-3.75,0.13,-3.9375,,-0.021103415166822223,1,bohr,hartree_per_elementary_charge
-3.75,0.13,-3.84375,,-0.021667492249624231,1,bohr,hartree_per_elementary_charge
-3.75,0.13,-3.75,,-0.022265061585953618,1,bohr,hartree_per_elementary_charge
-3.75,0.13,-3.65625,,-0.022868387323818358,1,bohr,hartree_per_elementary_charge
-3.75,0.13,-3.5625,,-0.023471713061683098,1,bohr,hartree_per_elementary_charge
-3.75,0.13,-3.46875,,-0.024105129092333952,1,bohr,hartree_per_elementary_charge
-3.75,0.13,-3.375,,-0.024743174330028869,1,bohr,hartree_per_elementary_charge
-3.75,0.13,-3.28125,,-0.025381219567723778,1,bohr,hartree_per_elementary_charge
-3.75,0.13,-3.1875,,-0.026042652571107199,1,bohr,hartree_per_elementary_charge
-3.75,0.13,-3.09375,,-0.02670727476380675,1,bohr,hartree_per_elementary_charge
-3.75,0.13,-3,,-0.027371896956506298,1,bohr,hartree_per_elementary_charge
-3.75,0.13,-2.90625,,-0.028048794902808778,1,bohr,hartree_per_elementary_charge
-3.75,0.13,-2.8125,,-0.028727158584721278,1,bohr,hartree_per_elementary_charge
-3.75,0.13,-2.71875,,-0.029405522266633774,1,bohr,hartree_per_elementary_charge
-3.75,0.13,-2.625,,-0.030079479041356716,1,bohr,hartree_per_elementary_charge
-3.75,0.13,-2.53125,,-0.030752982172867066,1,bohr,hartree_per_elementary_charge
-3.75,0.13,-2.4375,,-0.031426485304377423,1,bohr,hartree_per_elementary_charge
-3.75,0.13,-2.34375,,-0.032072333069483698,1,bohr,hartree_per_elementary_charge
-3.75,0.13,-2.25,,-0.032715776074546885,1,bohr,hartree_per_elementary_charge
-3.75,0.13,-2.1562500000000004,,-0.033359219079610071,1,bohr,hartree_per_elementary_charge
-3.75,0.13,-2.0625,,-0.033944725096007752,1,bohr,hartree_per_elementary_charge
-3.75,0.13,-1.96875,,-0.03452609286601422,1,bohr,hartree_per_elementary_charge
-3.75,0.13,-1.8750000000000004,,-0.035107460636020688,1,bohr,hartree_per_elementary_charge
-3.75,0.13,-1.78125,,-0.035594132880483041,1,bohr,hartree_per_elementary_charge
-3.75,0.13,-1.6875,,-0.03607547033908555,1,bohr,hartree_per_elementary_charge
-3.75,0.13,-1.5937500000000004,,-0.036556807797688079,1,bohr,hartree_per_elementary_charge
-3.75,0.13,-1.5,,-0.036902325932735458,1,bohr,hartree_per_elementary_charge
-3.75,0.13,-1.40625,,-0.037242185169166525,1,bohr,hartree_per_elementary_charge
-3.75,0.13,-1.3125000000000004,,-0.037582044405597592,1,bohr,hartree_per_elementary_charge
-3.75,0.13,-1.21875,,-0.037744605294307614,1,bohr,hartree_per_elementary_charge
-3.75,0.13,-1.125,,-0.037902308996259057,1,bohr,hartree_per_elementary_charge
-3.75,0.13,-1.0312500000000004,,-0.038060012698210494,1,bohr,hartree_per_elementary_charge
-3.75,0.13,-0.9375,,-0.038004325116364375,1,bohr,hartree_per_elementary_charge
-3.75,0.13,-0.84375,,-0.03794575421971285,1,bohr,hartree_per_elementary_charge
-3.75,0.13,-0.75000000000000044,,-0.03788718294546449,1,bohr,hartree_per_elementary_charge
-3.75,0.13,-0.65625,,-0.037591048669724014,1,bohr,hartree_per_elementary_charge
-3.75,0.13,-0.5625,,-0.037294914393983525,1,bohr,hartree_per_elementary_charge
-3.75,0.13,-0.46875,,-0.036995567325751412,1,bohr,hartree_per_elementary_charge
-3.75,0.13,-0.375,,-0.036458502104575491,1,bohr,hartree_per_elementary_charge
-3.75,0.13,-0.28125,,-0.035921436883399577,1,bohr,hartree_per_elementary_charge
-3.75,0.13,-0.1875,,-0.035378393227270134,1,bohr,hartree_per_elementary_charge
-3.75,0.13,-0.09375,,-0.034617149843603826,1,bohr,hartree_per_elementary_charge
-3.75,0.13,0,,-0.033855906459937517,1,bohr,hartree_per_elementary_charge
-3.75,0.13,0.09375,,-0.03308710581198579,1,bohr,hartree_per_elementary_charge
-3.75,0.13,0.18749999999999911,,-0.032136938148188021,1,bohr,hartree_per_elementary_charge
-3.75,0.13,0.28125,,-0.031186770484390228,1,bohr,hartree_per_elementary_charge
-3.75,0.13,0.375,,-0.030229125532848265,1,bohr,hartree_per_elementary_charge
-3.75,0.13,0.46874999999999911,,-0.029138762768285947,1,bohr,hartree_per_elementary_charge
-3.75,0.13,0.5625,,-0.028048400003723613,1,bohr,hartree_per_elementary_charge
-3.75,0.13,0.65625,,-0.026952380908303337,1,bohr,hartree_per_elementary_charge
-3.75,0.13,0.74999999999999911,,-0.025777175122774575,1,bohr,hartree_per_elementary_charge
-3.75,0.13,0.84375,,-0.024601969337245788,1,bohr,hartree_per_elementary_charge
-3.75,0.13,0.9375,,-0.02342439370558972,1,bohr,hartree_per_elementary_charge
-3.75,0.13,1.0312499999999991,,-0.02221956540376618,1,bohr,hartree_per_elementary_charge
-3.75,0.13,1.125,,-0.021014737101942627,1,bohr,hartree_per_elementary_charge
-3.75,0.13,1.21875,,-0.019811793213898751,1,bohr,hartree_per_elementary_charge
-3.75,0.13,1.3124999999999991,,-0.018627154735138533,1,bohr,hartree_per_elementary_charge
-3.75,0.13,1.40625,,-0.017442516256378274,1,bohr,hartree_per_elementary_charge
-3.75,0.13,1.5,,-0.016264412267810155,1,bohr,hartree_per_elementary_charge
-3.75,0.13,1.5937499999999991,,-0.015141033780178149,1,bohr,hartree_per_elementary_charge
-3.75,0.13,1.6875,,-0.014017655292546113,1,bohr,hartree_per_elementary_charge
-3.75,0.13,1.78125,,-0.012905314736939599,1,bohr,hartree_per_elementary_charge
-3.75,0.13,1.8749999999999991,,-0.011873917885566691,1,bohr,hartree_per_elementary_charge
-3.75,0.13,1.96875,,-0.01084252103419376,1,bohr,hartree_per_elementary_charge
-3.75,0.13,2.0625,,-0.0098260642851680791,1,bohr,hartree_per_elementary_charge
-3.75,0.13,2.1562499999999991,,-0.0089067169725235516,1,bohr,hartree_per_elementary_charge
-3.75,0.13,2.25,,-0.0079873696598790345,1,bohr,hartree_per_elementary_charge
-3.75,0.13,2.34375,,-0.0070859332547241151,1,bohr,hartree_per_elementary_charge
-3.75,0.13,2.4374999999999991,,-0.0062887045589088983,1,bohr,hartree_per_elementary_charge
-3.75,0.13,2.53125,,-0.0054914758630936894,1,bohr,hartree_per_elementary_charge
-3.75,0.13,2.625,,-0.0047140183304510185,1,bohr,hartree_per_elementary_charge
-3.75,0.13,2.7187499999999991,,-0.0040403582947641176,1,bohr,hartree_per_elementary_charge
-3.75,0.13,2.8125,,-0.003366698259077225,1,bohr,hartree_per_elementary_charge
-3.75,0.13,2.90625,,-0.0027135386200198099,1,bohr,hartree_per_elementary_charge
-3.75,0.13,2.9999999999999991,,-0.0021581491316062574,1,bohr,hartree_per_elementary_charge
-3.75,0.13,3.09375,,-0.0016027596431927168,1,bohr,hartree_per_elementary_charge
-3.75,0.13,3.1875,,-0.0010675863069552606,1,bohr,hartree_per_elementary_charge
-3.75,0.13,3.2812499999999991,,-0.00062049681488468827,1,bohr,hartree_per_elementary_charge
-3.75,0.13,3.375,,-0.00017340732281412552,1,bohr,hartree_per_elementary_charge
-3.75,0.13,3.46875,,0.0002545538328533119,1,bohr,hartree_per_elementary_charge
-3.75,0.13,3.5625,,0.00060600231178435833,1,bohr,hartree_per_elementary_charge
-3.75,0.13,3.65625,,0.00095745079071539734,1,bohr,hartree_per_elementary_charge
-3.75,0.13,3.75,,0.0012914148398151639,1,bohr,hartree_per_elementary_charge
-3.75,0.13,3.84375,,0.0015609055863838185,1,bohr,hartree_per_elementary_charge
-3.75,0.13,3.9375,,0.0018303963329524785,1,bohr,hartree_per_elementary_charge
-3.75,0.13,4.03125,,0.0020843644820793808,1,bohr,hartree_per_elementary_charge
-3.75,0.13,4.125,,0.0022853735960162362,1,bohr,hartree_per_elementary_charge
-3.75,0.13,4.21875,,0.002486382709953096,1,bohr,hartree_per_elementary_charge
-3.75,0.13,4.3125,,0.0026739496987937682,1,bohr,hartree_per_elementary_charge
-3.75,0.13,4.40625,,0.0028189502756791754,1,bohr,hartree_per_elementary_charge
-3.75,0.13,4.5,,0.0029639508525645866,1,bohr,hartree_per_elementary_charge
-3.65625,0.13,-4.5,,-0.01822337905989984,1,bohr,hartree_per_elementary_charge
-3.65625,0.13,-4.40625,,-0.018723768715987681,1,bohr,hartree_per_elementary_charge
-3.65625,0.13,-4.3125,,-0.019261215818856151,1,bohr,hartree_per_elementary_charge
-3.65625,0.13,-4.21875,,-0.01980643293637846,1,bohr,hartree_per_elementary_charge
-3.65625,0.13,-4.125,,-0.020351650053900772,1,bohr,hartree_per_elementary_charge
-3.65625,0.13,-4.03125,,-0.020934982677103763,1,bohr,hartree_per_elementary_charge
-3.65625,0.13,-3.9375,,-0.021525575302524289,1,bohr,hartree_per_elementary_charge
-3.65625,0.13,-3.84375,,-0.02211616792794481,1,bohr,hartree_per_elementary_charge
-3.65625,0.13,-3.75,,-0.022744340865164067,1,bohr,hartree_per_elementary_charge
-3.65625,0.13,-3.65625,,-0.023378972829225454,1,bohr,hartree_per_elementary_charge
-3.65625,0.13,-3.5625,,-0.02401360479328684,1,bohr,hartree_per_elementary_charge
-3.65625,0.13,-3.46875,,-0.024682861384697143,1,bohr,hartree_per_elementary_charge
-3.65625,0.13,-3.375,,-0.025357444762721337,1,bohr,hartree_per_elementary_charge
-3.65625,0.13,-3.28125,,-0.026032028140745532,1,bohr,hartree_per_elementary_charge
-3.65625,0.13,-3.1875,,-0.026734801724525185,1,bohr,hartree_per_elementary_charge
-3.65625,0.13,-3.09375,,-0.027441419365245214,1,bohr,hartree_per_elementary_charge
-3.65625,0.13,-3,,-0.028148037005965243,1,bohr,hartree_per_elementary_charge
-3.65625,0.13,-2.90625,,-0.028871665198763535,1,bohr,hartree_per_elementary_charge
-3.65625,0.13,-2.8125,,-0.029597324466209753,1,bohr,hartree_per_elementary_charge
-3.65625,0.13,-2.71875,,-0.030322983733655971,1,bohr,hartree_per_elementary_charge
-3.65625,0.13,-2.625,,-0.031048357293185874,1,bohr,hartree_per_elementary_charge
-3.65625,0.13,-2.53125,,-0.031773701442190112,1,bohr,hartree_per_elementary_charge
-3.65625,0.13,-2.4375,,-0.032499045591194348,1,bohr,hartree_per_elementary_charge
-3.65625,0.13,-2.34375,,-0.033199448677351709,1,bohr,hartree_per_elementary_charge
-3.65625,0.13,-2.25,,-0.033897683024520411,1,bohr,hartree_per_elementary_charge
-3.65625,0.13,-2.1562500000000004,,-0.034595917371689107,1,bohr,hartree_per_elementary_charge
-3.65625,0.13,-2.0625,,-0.035236491869600498,1,bohr,hartree_per_elementary_charge
-3.65625,0.13,-1.96875,,-0.035872947916266787,1,bohr,hartree_per_elementary_charge
-3.65625,0.13,-1.8750000000000004,,-0.036509403962933069,1,bohr,hartree_per_elementary_charge
-3.65625,0.13,-1.78125,,-0.037047838318516164,1,bohr,hartree_per_elementary_charge
-3.65625,0.13,-1.6875,,-0.03758075050471963,1,bohr,hartree_per_elementary_charge
-3.65625,0.13,-1.5937500000000004,,-0.038113662690923096,1,bohr,hartree_per_elementary_charge
-3.65625,0.13,-1.5,,-0.038502753350776193,1,bohr,hartree_per_elementary_charge
-3.65625,0.13,-1.40625,,-0.03888585170102888,1,bohr,hartree_per_elementary_charge
-3.65625,0.13,-1.3125000000000004,,-0.039268950051281566,1,bohr,hartree_per_elementary_charge
-3.65625,0.13,-1.21875,,-0.039461446439351656,1,bohr,hartree_per_elementary_charge
-3.65625,0.13,-1.125,,-0.039648721180752328,1,bohr,hartree_per_elementary_charge
-3.65625,0.13,-1.0312500000000004,,-0.039835995922152999,1,bohr,hartree_per_elementary_charge
-3.65625,0.13,-0.9375,,-0.039791490439265949,1,bohr,hartree_per_elementary_charge
-3.65625,0.13,-0.84375,,-0.039743853172641529,1,bohr,hartree_per_elementary_charge
-3.65625,0.13,-0.75000000000000044,,-0.039696215493205872,1,bohr,hartree_per_elementary_charge
-3.65625,0.13,-0.65625,,-0.039388859846472224,1,bohr,hartree_per_elementary_charge
-3.65625,0.13,-0.5625,,-0.039081504199738597,1,bohr,hartree_per_elementary_charge
-3.65625,0.13,-0.46875,,-0.038770625687455124,1,bohr,hartree_per_elementary_charge
-3.65625,0.13,-0.375,,-0.038199086365687057,1,bohr,hartree_per_elementary_charge
-3.65625,0.13,-0.28125,,-0.037627547043918984,1,bohr,hartree_per_elementary_charge
-3.65625,0.13,-0.1875,,-0.03704945669061098,1,bohr,hartree_per_elementary_charge
-3.65625,0.13,-0.09375,,-0.036232268093663464,1,bohr,hartree_per_elementary_charge
-3.65625,0.13,0,,-0.035415079496715962,1,bohr,hartree_per_elementary_charge
-3.65625,0.13,0.09375,,-0.034589650219221682,1,bohr,hartree_per_elementary_charge
-3.65625,0.13,0.18749999999999911,,-0.033566452598202283,1,bohr,hartree_per_elementary_charge
-3.65625,0.13,0.28125,,-0.03254325497718287,1,bohr,hartree_per_elementary_charge
-3.65625,0.13,0.375,,-0.031511992920096224,1,bohr,hartree_per_elementary_charge
-3.65625,0.13,0.46874999999999911,,-0.030337591484841577,1,bohr,hartree_per_elementary_charge
-3.65625,0.13,0.5625,,-0.029163190049586916,1,bohr,hartree_per_elementary_charge
-3.65625,0.13,0.65625,,-0.02798283702346032,1,bohr,hartree_per_elementary_charge
-3.65625,0.13,0.74999999999999911,,-0.02671916376839642,1,bohr,hartree_per_elementary_charge
-3.65625,0.13,0.84375,,-0.025455490513332513,1,bohr,hartree_per_elementary_charge
-3.65625,0.13,0.9375,,-0.024189576987200728,1,bohr,hartree_per_elementary_charge
-3.65625,0.13,1.0312499999999991,,-0.02289790087344961,1,bohr,hartree_per_elementary_charge
-3.65625,0.13,1.125,,-0.021606224759698478,1,bohr,hartree_per_elementary_charge
-3.65625,0.13,1.21875,,-0.020317039259491573,1,bohr,hartree_per_elementary_charge
-3.65625,0.13,1.3124999999999991,,-0.019052047861867726,1,bohr,hartree_per_elementary_charge
-3.65625,0.13,1.40625,,-0.017787056464243837,1,bohr,hartree_per_elementary_charge
-3.65625,0.13,1.5,,-0.016529660799136446,1,bohr,hartree_per_elementary_charge
-3.65625,0.13,1.5937499999999991,,-0.015335878400668046,1,bohr,hartree_per_elementary_charge
-3.65625,0.13,1.6875,,-0.01414209600219961,1,bohr,hartree_per_elementary_charge
-3.65625,0.13,1.78125,,-0.012960790401816307,1,bohr,hartree_per_elementary_charge
-3.65625,0.13,1.8749999999999991,,-0.011870980042720051,1,bohr,hartree_per_elementary_charge
-3.65625,0.13,1.96875,,-0.010781169683623774,1,bohr,hartree_per_elementary_charge
-3.65625,0.13,2.0625,,-0.0097079997884078478,1,bohr,hartree_per_elementary_charge
-3.65625,0.13,2.1562499999999991,,-0.0087429915396775495,1,bohr,hartree_per_elementary_charge
-3.65625,0.13,2.25,,-0.0077779832909472607,1,bohr,hartree_per_elementary_charge
-3.65625,0.13,2.34375,,-0.006832709723953047,1,bohr,hartree_per_elementary_charge
-3.65625,0.13,2.4374999999999991,,-0.0060022547935610505,1,bohr,hartree_per_elementary_charge
-3.65625,0.13,2.53125,,-0.0051717998631690644,1,bohr,hartree_per_elementary_charge
-3.65625,0.13,2.625,,-0.0043629224893421787,1,bohr,hartree_per_elementary_charge
-3.65625,0.13,2.7187499999999991,,-0.0036673260763942241,1,bohr,hartree_per_elementary_charge
-3.65625,0.13,2.8125,,-0.0029717296634462764,1,bohr,hartree_per_elementary_charge
-3.65625,0.13,2.90625,,-0.0022982995355069259,1,bohr,hartree_per_elementary_charge
-3.65625,0.13,2.9999999999999991,,-0.0017305844853621709,1,bohr,hartree_per_elementary_charge
-3.65625,0.13,3.09375,,-0.001162869435217428,1,bohr,hartree_per_elementary_charge
-3.65625,0.13,3.1875,,-0.00061680656432427233,1,bohr,hartree_per_elementary_charge
-3.65625,0.13,3.2812499999999991,,-0.00016508445454422872,1,bohr,hartree_per_elementary_charge
-3.65625,0.13,3.375,,0.00028663765523580535,1,bohr,hartree_per_elementary_charge
-3.65625,0.13,3.46875,,0.00071807379594041282,1,bohr,hartree_per_elementary_charge
-3.65625,0.13,3.5625,,0.0010683667696993072,1,bohr,hartree_per_elementary_charge
-3.65625,0.13,3.65625,,0.0014186597434581939,1,bohr,hartree_per_elementary_charge
-3.65625,0.13,3.75,,0.0017505994100221456,1,bohr,hartree_per_elementary_charge
-3.65625,0.13,3.84375,,0.0020148618152373153,1,bohr,hartree_per_elementary_charge
-3.65625,0.13,3.9375,,0.0022791242204524909,1,bohr,hartree_per_elementary_charge
-3.65625,0.13,4.03125,,0.0025272653254956108,1,bohr,hartree_per_elementary_charge
-3.65625,0.13,4.125,,0.0027204047785069352,1,bohr,hartree_per_elementary_charge
-3.65625,0.13,4.21875,,0.002913544231518263,1,bohr,hartree_per_elementary_charge
-3.65625,0.13,4.3125,,0.0030928769184186571,1,bohr,hartree_per_elementary_charge
-3.65625,0.13,4.40625,,0.00322848850543026,1,bohr,hartree_per_elementary_charge
-3.65625,0.13,4.5,,0.0033641000924418667,1,bohr,hartree_per_elementary_charge
-3.5625,0.13,-4.5,,-0.018502980692719512,1,bohr,hartree_per_elementary_charge
-3.5625,0.13,-4.40625,,-0.019022492152242068,1,bohr,hartree_per_elementary_charge
-3.5625,0.13,-4.3125,,-0.019582407606629149,1,bohr,hartree_per_elementary_charge
-3.5625,0.13,-4.21875,,-0.020150794762642876,1,bohr,hartree_per_elementary_charge
-3.5625,0.13,-4.125,,-0.020719181918656598,1,bohr,hartree_per_elementary_charge
-3.5625,0.13,-4.03125,,-0.02132967247671359,1,bohr,hartree_per_elementary_charge
-3.5625,0.13,-3.9375,,-0.021948182626449639,1,bohr,hartree_per_elementary_charge
-3.5625,0.13,-3.84375,,-0.022566692776185684,1,bohr,hartree_per_elementary_charge
-3.5625,0.13,-3.75,,-0.023227443457317209,1,bohr,hartree_per_elementary_charge
-3.5625,0.13,-3.65625,,-0.023895454129466663,1,bohr,hartree_per_elementary_charge
-3.5625,0.13,-3.5625,,-0.02456346480161611,1,bohr,hartree_per_elementary_charge
-3.5625,0.13,-3.46875,,-0.025271397437172688,1,bohr,hartree_per_elementary_charge
-3.5625,0.13,-3.375,,-0.025985471822014661,1,bohr,hartree_per_elementary_charge
-3.5625,0.13,-3.28125,,-0.026699546206856641,1,bohr,hartree_per_elementary_charge
-3.5625,0.13,-3.1875,,-0.027447594706139181,1,bohr,hartree_per_elementary_charge
-3.5625,0.13,-3.09375,,-0.028200275964456595,1,bohr,hartree_per_elementary_charge
-3.5625,0.13,-3,,-0.028952957222774002,1,bohr,hartree_per_elementary_charge
-3.5625,0.13,-2.90625,,-0.029728586953731505,1,bohr,hartree_per_elementary_charge
-3.5625,0.13,-2.8125,,-0.030506956752193788,1,bohr,hartree_per_elementary_charge
-3.5625,0.13,-2.71875,,-0.031285326550656065,1,bohr,hartree_per_elementary_charge
-3.5625,0.13,-2.625,,-0.032068908960417426,1,bohr,hartree_per_elementary_charge
-3.5625,0.13,-2.53125,,-0.032853027951875197,1,bohr,hartree_per_elementary_charge
-3.5625,0.13,-2.4375,,-0.033637146943332967,1,bohr,hartree_per_elementary_charge
-3.5625,0.13,-2.34375,,-0.034400456720125525,1,bohr,hartree_per_elementary_charge
-3.5625,0.13,-2.25,,-0.035161957040944013,1,bohr,hartree_per_elementary_charge
-3.5625,0.13,-2.1562500000000004,,-0.035923457361762494,1,bohr,hartree_per_elementary_charge
-3.5625,0.13,-2.0625,,-0.036628779541458857,1,bohr,hartree_per_elementary_charge
-3.5625,0.13,-1.96875,,-0.037330089103393783,1,bohr,hartree_per_elementary_charge
-3.5625,0.13,-1.8750000000000004,,-0.038031398665328703,1,bohr,hartree_per_elementary_charge
-3.5625,0.13,-1.78125,,-0.038631969380163847,1,bohr,hartree_per_elementary_charge
-3.5625,0.13,-1.6875,,-0.039226864851380501,1,bohr,hartree_per_elementary_charge
-3.5625,0.13,-1.5937500000000004,,-0.039821760322597155,1,bohr,hartree_per_elementary_charge
-3.5625,0.13,-1.5,,-0.040264383483026793,1,bohr,hartree_per_elementary_charge
-3.5625,0.13,-1.40625,,-0.040700662232762412,1,bohr,hartree_per_elementary_charge
-3.5625,0.13,-1.3125000000000004,,-0.041136940982498052,1,bohr,hartree_per_elementary_charge
-3.5625,0.13,-1.21875,,-0.041367401793151334,1,bohr,hartree_per_elementary_charge
-3.5625,0.13,-1.125,,-0.041592224106992676,1,bohr,hartree_per_elementary_charge
-3.5625,0.13,-1.0312500000000004,,-0.041817046420834017,1,bohr,hartree_per_elementary_charge
-3.5625,0.13,-0.9375,,-0.041788176508021066,1,bohr,hartree_per_elementary_charge
-3.5625,0.13,-0.84375,,-0.041755878739392668,1,bohr,hartree_per_elementary_charge
-3.5625,0.13,-0.75000000000000044,,-0.041723580515048229,1,bohr,hartree_per_elementary_charge
-3.5625,0.13,-0.65625,,-0.041404571005601819,1,bohr,hartree_per_elementary_charge
-3.5625,0.13,-0.5625,,-0.041085561496155415,1,bohr,hartree_per_elementary_charge
-3.5625,0.13,-0.46875,,-0.040762648160047564,1,bohr,hartree_per_elementary_charge
-3.5625,0.13,-0.375,,-0.040150886270605736,1,bohr,hartree_per_elementary_charge
-3.5625,0.13,-0.28125,,-0.039539124381163922,1,bohr,hartree_per_elementary_charge
-3.5625,0.13,-0.1875,,-0.038920111474624118,1,bohr,hartree_per_elementary_charge
-3.5625,0.13,-0.09375,,-0.038036452391042253,1,bohr,hartree_per_elementary_charge
-3.5625,0.13,0,,-0.037152793307460373,1,bohr,hartree_per_elementary_charge
-3.5625,0.13,0.09375,,-0.036260075540276285,1,bohr,hartree_per_elementary_charge
-3.5625,0.13,0.18749999999999911,,-0.0351499581493162,1,bohr,hartree_per_elementary_charge
-3.5625,0.13,0.28125,,-0.034039840758356088,1,bohr,hartree_per_elementary_charge
-3.5625,0.13,0.375,,-0.032920990296080324,1,bohr,hartree_per_elementary_charge
-3.5625,0.13,0.46874999999999911,,-0.031647132541639499,1,bohr,hartree_per_elementary_charge
-3.5625,0.13,0.5625,,-0.030373274787198656,1,bohr,hartree_per_elementary_charge
-3.5625,0.13,0.65625,,-0.029093184987679856,1,bohr,hartree_per_elementary_charge
-3.5625,0.13,0.74999999999999911,,-0.027725848696623416,1,bohr,hartree_per_elementary_charge
-3.5625,0.13,0.84375,,-0.026358512405566973,1,bohr,hartree_per_elementary_charge
-3.5625,0.13,0.9375,,-0.024989189453060483,1,bohr,hartree_per_elementary_charge
-3.5625,0.13,1.0312499999999991,,-0.023597020363579548,1,bohr,hartree_per_elementary_charge
-3.5625,0.13,1.125,,-0.02220485127409861,1,bohr,hartree_per_elementary_charge
-3.5625,0.13,1.21875,,-0.020816000559406869,1,bohr,hartree_per_elementary_charge
-3.5625,0.13,1.3124999999999991,,-0.019459384913959446,1,bohr,hartree_per_elementary_charge
-3.5625,0.13,1.40625,,-0.018102769268511981,1,bohr,hartree_per_elementary_charge
-3.5625,0.13,1.5,,-0.016755106099939184,1,bohr,hartree_per_elementary_charge
-3.5625,0.13,1.5937499999999991,,-0.015482418754602692,1,bohr,hartree_per_elementary_charge
-3.5625,0.13,1.6875,,-0.014209731409266164,1,bohr,hartree_per_elementary_charge
-3.5625,0.13,1.78125,,-0.012951301344017551,1,bohr,hartree_per_elementary_charge
-3.5625,0.13,1.8749999999999991,,-0.011797423205700824,1,bohr,hartree_per_elementary_charge
-3.5625,0.13,1.96875,,-0.010643545067384073,1,bohr,hartree_per_elementary_charge
-3.5625,0.13,2.0625,,-0.0095083643504360014,1,bohr,hartree_per_elementary_charge
-3.5625,0.13,2.1562499999999991,,-0.0084947153344556593,1,bohr,hartree_per_elementary_charge
-3.5625,0.13,2.25,,-0.0074810663184753283,1,bohr,hartree_per_elementary_charge
-3.5625,0.13,2.34375,,-0.0064893133940312061,1,bohr,hartree_per_elementary_charge
-3.5625,0.13,2.4374999999999991,,-0.0056249544357390322,1,bohr,hartree_per_elementary_charge
-3.5625,0.13,2.53125,,-0.0047605954774468662,1,bohr,hartree_per_elementary_charge
-3.5625,0.13,2.625,,-0.0039199070595566168,1,bohr,hartree_per_elementary_charge
-3.5625,0.13,2.7187499999999991,,-0.0032034876502152537,1,bohr,hartree_per_elementary_charge
-3.5625,0.13,2.8125,,-0.0024870682408738979,1,bohr,hartree_per_elementary_charge
-3.5625,0.13,2.90625,,-0.0017946935065043209,1,bohr,hartree_per_elementary_charge
-3.5625,0.13,2.9999999999999991,,-0.0012169922361004676,1,bohr,hartree_per_elementary_charge
-3.5625,0.13,3.09375,,-0.0006392909656966272,1,bohr,hartree_per_elementary_charge
-3.5625,0.13,3.1875,,-8.4807287460717261e-05,1,bohr,hartree_per_elementary_charge
-3.5625,0.13,3.2812499999999991,,0.00036851496536459291,1,bohr,hartree_per_elementary_charge
-3.5625,0.13,3.375,,0.00082183721818989341,1,bohr,hartree_per_elementary_charge
-3.5625,0.13,3.46875,,0.00125366464645029,1,bohr,hartree_per_elementary_charge
-3.5625,0.13,3.5625,,0.0015995135280780972,1,bohr,hartree_per_elementary_charge
-3.5625,0.13,3.65625,,0.0019453624097058966,1,bohr,hartree_per_elementary_charge
-3.5625,0.13,3.75,,0.0022720013573504657,1,bohr,hartree_per_elementary_charge
-3.5625,0.13,3.84375,,0.0025278042584521675,1,bohr,hartree_per_elementary_charge
-3.5625,0.13,3.9375,,0.0027836071595538753,1,bohr,hartree_per_elementary_charge
-3.5625,0.13,4.03125,,0.0030227470522030081,1,bohr,hartree_per_elementary_charge
-3.5625,0.13,4.125,,0.0032050371261073711,1,bohr,hartree_per_elementary_charge
-3.5625,0.13,4.21875,,0.0033873272000117379,1,bohr,hartree_per_elementary_charge
-3.5625,0.13,4.3125,,0.0035555295635851508,1,bohr,hartree_per_elementary_charge
-3.5625,0.13,4.40625,,0.00367912117720922,1,bohr,hartree_per_elementary_charge
-3.5625,0.13,4.5,,0.0038027127908332918,1,bohr,hartree_per_elementary_charge
-3.46875,0.13,-4.5,,-0.018777247166191585,1,bohr,hartree_per_elementary_charge
-3.46875,0.13,-4.40625,,-0.019316413173209156,1,bohr,hartree_per_elementary_charge
-3.46875,0.13,-4.3125,,-0.019899618303621119,1,bohr,hartree_per_elementary_charge
-3.46875,0.13,-4.21875,,-0.020492057330694726,1,bohr,hartree_per_elementary_charge
-3.46875,0.13,-4.125,,-0.021084496357768337,1,bohr,hartree_per_elementary_charge
-3.46875,0.13,-4.03125,,-0.021723432613108273,1,bohr,hartree_per_elementary_charge
-3.46875,0.13,-3.9375,,-0.022371225368560028,1,bohr,hartree_per_elementary_charge
-3.46875,0.13,-3.84375,,-0.023019018124011779,1,bohr,hartree_per_elementary_charge
-3.46875,0.13,-3.75,,-0.023714268732438547,1,bohr,hartree_per_elementary_charge
-3.46875,0.13,-3.65625,,-0.024417676046639261,1,bohr,hartree_per_elementary_charge
-3.46875,0.13,-3.5625,,-0.025121083360839985,1,bohr,hartree_per_elementary_charge
-3.46875,0.13,-3.46875,,-0.025870452893726692,1,bohr,hartree_per_elementary_charge
-3.46875,0.13,-3.375,,-0.02662689343213713,1,bohr,hartree_per_elementary_charge
-3.46875,0.13,-3.28125,,-0.027383333970547569,1,bohr,hartree_per_elementary_charge
-3.46875,0.13,-3.1875,,-0.028180488168350819,1,bohr,hartree_per_elementary_charge
-3.46875,0.13,-3.09375,,-0.028983194139217183,1,bohr,hartree_per_elementary_charge
-3.46875,0.13,-3,,-0.029785900110083561,1,bohr,hartree_per_elementary_charge
-3.46875,0.13,-2.90625,,-0.030618663929946135,1,bohr,hartree_per_elementary_charge
-3.46875,0.13,-2.8125,,-0.031455016683006556,1,bohr,hartree_per_elementary_charge
-3.46875,0.13,-2.71875,,-0.032291369436066981,1,bohr,hartree_per_elementary_charge
-3.46875,0.13,-2.625,,-0.033139773993651048,1,bohr,hartree_per_elementary_charge
-3.46875,0.13,-2.53125,,-0.033989419153563807,1,bohr,hartree_per_elementary_charge
-3.46875,0.13,-2.4375,,-0.034839064313476553,1,bohr,hartree_per_elementary_charge
-3.46875,0.13,-2.34375,,-0.035673412341615585,1,bohr,hartree_per_elementary_charge
-3.46875,0.13,-2.25,,-0.036506430214488322,1,bohr,hartree_per_elementary_charge
-3.46875,0.13,-2.1562500000000004,,-0.03733944808736106,1,bohr,hartree_per_elementary_charge
-3.46875,0.13,-2.0625,,-0.038118942391605924,1,bohr,hartree_per_elementary_charge
-3.46875,0.13,-1.96875,,-0.038894613685373003,1,bohr,hartree_per_elementary_charge
-3.46875,0.13,-1.8750000000000004,,-0.039670284979140089,1,bohr,hartree_per_elementary_charge
-3.46875,0.13,-1.78125,,-0.040343093250122489,1,bohr,hartree_per_elementary_charge
-3.46875,0.13,-1.6875,,-0.041010106609504791,1,bohr,hartree_per_elementary_charge
-3.46875,0.13,-1.5937500000000004,,-0.041677119968887108,1,bohr,hartree_per_elementary_charge
-3.46875,0.13,-1.5,,-0.042182973458117466,1,bohr,hartree_per_elementary_charge
-3.46875,0.13,-1.40625,,-0.042682112237376238,1,bohr,hartree_per_elementary_charge
-3.46875,0.13,-1.3125000000000004,,-0.043181251016635017,1,bohr,hartree_per_elementary_charge
-3.46875,0.13,-1.21875,,-0.043457493851041903,1,bohr,hartree_per_elementary_charge
-3.46875,0.13,-1.125,,-0.043727630327178718,1,bohr,hartree_per_elementary_charge
-3.46875,0.13,-1.0312500000000004,,-0.043997766803315519,1,bohr,hartree_per_elementary_charge
-3.46875,0.13,-0.9375,,-0.043988868715891832,1,bohr,hartree_per_elementary_charge
-3.46875,0.13,-0.84375,,-0.043976200350347945,1,bohr,hartree_per_elementary_charge
-3.46875,0.13,-0.75000000000000044,,-0.043963531478695285,1,bohr,hartree_per_elementary_charge
-3.46875,0.13,-0.65625,,-0.043632446998041294,1,bohr,hartree_per_elementary_charge
-3.46875,0.13,-0.5625,,-0.04330136251738731,1,bohr,hartree_per_elementary_charge
-3.46875,0.13,-0.46875,,-0.042965924226687408,1,bohr,hartree_per_elementary_charge
-3.46875,0.13,-0.375,,-0.042308342602711969,1,bohr,hartree_per_elementary_charge
-3.46875,0.13,-0.28125,,-0.041650760978736504,1,bohr,hartree_per_elementary_charge
-3.46875,0.13,-0.1875,,-0.040985104316023736,1,bohr,hartree_per_elementary_charge
-3.46875,0.13,-0.09375,,-0.040024726498689205,1,bohr,hartree_per_elementary_charge
-3.46875,0.13,0,,-0.039064348681354673,1,bohr,hartree_per_elementary_charge
-3.46875,0.13,0.09375,,-0.038093963132906139,1,bohr,hartree_per_elementary_charge
-3.46875,0.13,0.18749999999999911,,-0.036883401740529786,1,bohr,hartree_per_elementary_charge
-3.46875,0.13,0.28125,,-0.035672840348153406,1,bohr,hartree_per_elementary_charge
-3.46875,0.13,0.375,,-0.034452797907031506,1,bohr,hartree_per_elementary_charge
-3.46875,0.13,0.46874999999999911,,-0.033064471978942758,1,bohr,hartree_per_elementary_charge
-3.46875,0.13,0.5625,,-0.031676146050853983,1,bohr,hartree_per_elementary_charge
-3.46875,0.13,0.65625,,-0.030281322039598851,1,bohr,hartree_per_elementary_charge
-3.46875,0.13,0.74999999999999911,,-0.028795527094903413,1,bohr,hartree_per_elementary_charge
-3.46875,0.13,0.84375,,-0.02730973215020796,1,bohr,hartree_per_elementary_charge
-3.46875,0.13,0.9375,,-0.025822324923636893,1,bohr,hartree_per_elementary_charge
-3.46875,0.13,1.0312499999999991,,-0.024316376836683758,1,bohr,hartree_per_elementary_charge
-3.46875,0.13,1.125,,-0.022810428749730598,1,bohr,hartree_per_elementary_charge
-3.46875,0.13,1.21875,,-0.021308842528771993,1,bohr,hartree_per_elementary_charge
-3.46875,0.13,1.3124999999999991,,-0.019849627969033234,1,bohr,hartree_per_elementary_charge
-3.46875,0.13,1.40625,,-0.018390413409294426,1,bohr,hartree_per_elementary_charge
-3.46875,0.13,1.5,,-0.016941795795179512,1,bohr,hartree_per_elementary_charge
-3.46875,0.13,1.5937499999999991,,-0.015581926215051762,1,bohr,hartree_per_elementary_charge
-3.46875,0.13,1.6875,,-0.014222056634923963,1,bohr,hartree_per_elementary_charge
-3.46875,0.13,1.78125,,-0.012878557441464647,1,bohr,hartree_per_elementary_charge
-3.46875,0.13,1.8749999999999991,,-0.01165510607341495,1,bohr,hartree_per_elementary_charge
-3.46875,0.13,1.96875,,-0.010431654705365225,1,bohr,hartree_per_elementary_charge
-3.46875,0.13,2.0625,,-0.0092293049264869313,1,bohr,hartree_per_elementary_charge
-3.46875,0.13,2.1562499999999991,,-0.0081641137415430168,1,bohr,hartree_per_elementary_charge
-3.46875,0.13,2.25,,-0.007098922556599112,1,bohr,hartree_per_elementary_charge
-3.46875,0.13,2.34375,,-0.0060581176219440744,1,bohr,hartree_per_elementary_charge
-3.46875,0.13,2.4374999999999991,,-0.0051591946820155792,1,bohr,hartree_per_elementary_charge
-3.46875,0.13,2.53125,,-0.0042602717420870927,1,bohr,hartree_per_elementary_charge
-3.46875,0.13,2.625,,-0.003387391373752774,1,bohr,hartree_per_elementary_charge
-3.46875,0.13,2.7187499999999991,,-0.0026512330445911765,1,bohr,hartree_per_elementary_charge
-3.46875,0.13,2.8125,,-0.0019150747154295859,1,bohr,hartree_per_elementary_charge
-3.46875,0.13,2.90625,,-0.0012050463597243237,1,bohr,hartree_per_elementary_charge
-3.46875,0.13,2.9999999999999991,,-0.00061963663883473361,1,bohr,hartree_per_elementary_charge
-3.46875,0.13,3.09375,,-3.4226917945156241e-05,1,bohr,hartree_per_elementary_charge
-3.46875,0.13,3.1875,,0.00052627381746742595,1,bohr,hartree_per_elementary_charge
-3.46875,0.13,3.2812499999999991,,0.00097824355370666077,1,bohr,hartree_per_elementary_charge
-3.46875,0.13,3.375,,0.0014302132899458859,1,bohr,hartree_per_elementary_charge
-3.46875,0.13,3.46875,,0.0018594294715031643,1,bohr,hartree_per_elementary_charge
-3.46875,0.13,3.5625,,0.0021976322299747208,1,bohr,hartree_per_elementary_charge
-3.46875,0.13,3.65625,,0.0025358349884462704,1,bohr,hartree_per_elementary_charge
-3.46875,0.13,3.75,,0.0028539831142853061,1,bohr,hartree_per_elementary_charge
-3.46875,0.13,3.84375,,0.003098180393036738,1,bohr,hartree_per_elementary_charge
-3.46875,0.13,3.9375,,0.0033423776717881751,1,bohr,hartree_per_elementary_charge
-3.46875,0.13,4.03125,,0.0035694257281567473,1,bohr,hartree_per_elementary_charge
-3.46875,0.13,4.125,,0.0037379651312497409,1,bohr,hartree_per_elementary_charge
-3.46875,0.13,4.21875,,0.0039065045343427375,1,bohr,hartree_per_elementary_charge
-3.46875,0.13,4.3125,,0.0040607567767715815,1,bohr,hartree_per_elementary_charge
-3.46875,0.13,4.40625,,0.0041697666812404903,1,bohr,hartree_per_elementary_charge
-3.46875,0.13,4.5,,0.0042787765857094009,1,bohr,hartree_per_elementary_charge
-3.375,0.13,-4.5,,-0.019051513639663658,1,bohr,hartree_per_elementary_charge
-3.375,0.13,-4.40625,,-0.019610334194176241,1,bohr,hartree_per_elementary_charge
-3.375,0.13,-4.3125,,-0.020216829000613095,1,bohr,hartree_per_elementary_charge
-3.375,0.13,-4.21875,,-0.020833319898746584,1,bohr,hartree_per_elementary_charge
-3.375,0.13,-4.125,,-0.021449810796880069,1,bohr,hartree_per_elementary_charge
-3.375,0.13,-4.03125,,-0.022117192749502957,1,bohr,hartree_per_elementary_charge
-3.375,0.13,-3.9375,,-0.022794268110670417,1,bohr,hartree_per_elementary_charge
-3.375,0.13,-3.84375,,-0.023471343471837876,1,bohr,hartree_per_elementary_charge
-3.375,0.13,-3.75,,-0.024201094007559876,1,bohr,hartree_per_elementary_charge
-3.375,0.13,-3.65625,,-0.024939897963811866,1,bohr,hartree_per_elementary_charge
-3.375,0.13,-3.5625,,-0.025678701920063857,1,bohr,hartree_per_elementary_charge
-3.375,0.13,-3.46875,,-0.026469508350280696,1,bohr,hartree_per_elementary_charge
-3.375,0.13,-3.375,,-0.0272683150422596,1,bohr,hartree_per_elementary_charge
-3.375,0.13,-3.28125,,-0.028067121734238504,1,bohr,hartree_per_elementary_charge
-3.375,0.13,-3.1875,,-0.028913381630562451,1,bohr,hartree_per_elementary_charge
-3.375,0.13,-3.09375,,-0.029766112313977789,1,bohr,hartree_per_elementary_charge
-3.375,0.13,-3,,-0.03061884299739312,1,bohr,hartree_per_elementary_charge
-3.375,0.13,-2.90625,,-0.031508740906160758,1,bohr,hartree_per_elementary_charge
-3.375,0.13,-2.8125,,-0.032403076613819332,1,bohr,hartree_per_elementary_charge
-3.375,0.13,-2.71875,,-0.033297412321477898,1,bohr,hartree_per_elementary_charge
-3.375,0.13,-2.625,,-0.034210639026884676,1,bohr,hartree_per_elementary_charge
-3.375,0.13,-2.53125,,-0.035125810355252404,1,bohr,hartree_per_elementary_charge
-3.375,0.13,-2.4375,,-0.036040981683620139,1,bohr,hartree_per_elementary_charge
-3.375,0.13,-2.34375,,-0.036946367963105631,1,bohr,hartree_per_elementary_charge
-3.375,0.13,-2.25,,-0.037850903388032632,1,bohr,hartree_per_elementary_charge
-3.375,0.13,-2.1562500000000004,,-0.038755438812959619,1,bohr,hartree_per_elementary_charge
-3.375,0.13,-2.0625,,-0.039609105241752991,1,bohr,hartree_per_elementary_charge
-3.375,0.13,-1.96875,,-0.040459138267352236,1,bohr,hartree_per_elementary_charge
-3.375,0.13,-1.8750000000000004,,-0.041309171292951481,1,bohr,hartree_per_elementary_charge
-3.375,0.13,-1.78125,,-0.042054217120081137,1,bohr,hartree_per_elementary_charge
-3.375,0.13,-1.6875,,-0.042793348367629103,1,bohr,hartree_per_elementary_charge
-3.375,0.13,-1.5937500000000004,,-0.043532479615177068,1,bohr,hartree_per_elementary_charge
-3.375,0.13,-1.5,,-0.044101563433208146,1,bohr,hartree_per_elementary_charge
-3.375,0.13,-1.40625,,-0.044663562241990071,1,bohr,hartree_per_elementary_charge
-3.375,0.13,-1.3125000000000004,,-0.045225561050772009,1,bohr,hartree_per_elementary_charge
-3.375,0.13,-1.21875,,-0.045547585908932472,1,bohr,hartree_per_elementary_charge
-3.375,0.13,-1.125,,-0.045863036547364754,1,bohr,hartree_per_elementary_charge
-3.375,0.13,-1.0312500000000004,,-0.046178487185797021,1,bohr,hartree_per_elementary_charge
-3.375,0.13,-0.9375,,-0.046189560923762578,1,bohr,hartree_per_elementary_charge
-3.375,0.13,-0.84375,,-0.046196521961303229,1,bohr,hartree_per_elementary_charge
-3.375,0.13,-0.75000000000000044,,-0.046203482442342354,1,bohr,hartree_per_elementary_charge
-3.375,0.13,-0.65625,,-0.045860322990480776,1,bohr,hartree_per_elementary_charge
-3.375,0.13,-0.5625,,-0.045517163538619204,1,bohr,hartree_per_elementary_charge
-3.375,0.13,-0.46875,,-0.045169200293327272,1,bohr,hartree_per_elementary_charge
-3.375,0.13,-0.375,,-0.044465798934818189,1,bohr,hartree_per_elementary_charge
-3.375,0.13,-0.28125,,-0.043762397576309099,1,bohr,hartree_per_elementary_charge
-3.375,0.13,-0.1875,,-0.043050097157423341,1,bohr,hartree_per_elementary_charge
-3.375,0.13,-0.09375,,-0.042013000606336157,1,bohr,hartree_per_elementary_charge
-3.375,0.13,0,,-0.040975904055248973,1,bohr,hartree_per_elementary_charge
-3.375,0.13,0.09375,,-0.039927850725535986,1,bohr,hartree_per_elementary_charge
-3.375,0.13,0.18749999999999911,,-0.038616845331743373,1,bohr,hartree_per_elementary_charge
-3.375,0.13,0.28125,,-0.037305839937950731,1,bohr,hartree_per_elementary_charge
-3.375,0.13,0.375,,-0.035984605517982701,1,bohr,hartree_per_elementary_charge
-3.375,0.13,0.46874999999999911,,-0.034481811416246011,1,bohr,hartree_per_elementary_charge
-3.375,0.13,0.5625,,-0.032979017314509314,1,bohr,hartree_per_elementary_charge
-3.375,0.13,0.65625,,-0.031469459091517854,1,bohr,hartree_per_elementary_charge
-3.375,0.13,0.74999999999999911,,-0.029865205493183406,1,bohr,hartree_per_elementary_charge
-3.375,0.13,0.84375,,-0.028260951894848948,1,bohr,hartree_per_elementary_charge
-3.375,0.13,0.9375,,-0.026655460394213303,1,bohr,hartree_per_elementary_charge
-3.375,0.13,1.0312499999999991,,-0.025035733309787957,1,bohr,hartree_per_elementary_charge
-3.375,0.13,1.125,,-0.023416006225362586,1,bohr,hartree_per_elementary_charge
-3.375,0.13,1.21875,,-0.021801684498137117,1,bohr,hartree_per_elementary_charge
-3.375,0.13,1.3124999999999991,,-0.020239871024107021,1,bohr,hartree_per_elementary_charge
-3.375,0.13,1.40625,,-0.018678057550076874,1,bohr,hartree_per_elementary_charge
-3.375,0.13,1.5,,-0.017128485490419846,1,bohr,hartree_per_elementary_charge
-3.375,0.13,1.5937499999999991,,-0.015681433675500827,1,bohr,hartree_per_elementary_charge
-3.375,0.13,1.6875,,-0.014234381860581763,1,bohr,hartree_per_elementary_charge
-3.375,0.13,1.78125,,-0.012805813538911743,1,bohr,hartree_per_elementary_charge
-3.375,0.13,1.8749999999999991,,-0.011512788941129072,1,bohr,hartree_per_elementary_charge
-3.375,0.13,1.96875,,-0.010219764343346375,1,bohr,hartree_per_elementary_charge
-3.375,0.13,2.0625,,-0.0089502455025378593,1,bohr,hartree_per_elementary_charge
-3.375,0.13,2.1562499999999991,,-0.0078335121486303727,1,bohr,hartree_per_elementary_charge
-3.375,0.13,2.25,,-0.0067167787947228982,1,bohr,hartree_per_elementary_charge
-3.375,0.13,2.34375,,-0.0056269218498569426,1,bohr,hartree_per_elementary_charge
-3.375,0.13,2.4374999999999991,,-0.004693434928292127,1,bohr,hartree_per_elementary_charge
-3.375,0.13,2.53125,,-0.0037599480067273205,1,bohr,hartree_per_elementary_charge
-3.375,0.13,2.625,,-0.0028548756879489311,1,bohr,hartree_per_elementary_charge
-3.375,0.13,2.7187499999999991,,-0.0020989784389670984,1,bohr,hartree_per_elementary_charge
-3.375,0.13,2.8125,,-0.0013430811899852737,1,bohr,hartree_per_elementary_charge
-3.375,0.13,2.90625,,-0.00061539921294432654,1,bohr,hartree_per_elementary_charge
-3.375,0.13,2.9999999999999991,,-2.2281041568999489e-05,1,bohr,hartree_per_elementary_charge
-3.375,0.13,3.09375,,0.00057083712980631504,1,bohr,hartree_per_elementary_charge
-3.375,0.13,3.1875,,0.0011373549223955694,1,bohr,hartree_per_elementary_charge
-3.375,0.13,3.2812499999999991,,0.0015879721420487289,1,bohr,hartree_per_elementary_charge
-3.375,0.13,3.375,,0.0020385893617018789,1,bohr,hartree_per_elementary_charge
-3.375,0.13,3.46875,,0.0024651942965560384,1,bohr,hartree_per_elementary_charge
-3.375,0.13,3.5625,,0.0027957509318713445,1,bohr,hartree_per_elementary_charge
-3.375,0.13,3.65625,,0.003126307567186644,1,bohr,hartree_per_elementary_charge
-3.375,0.13,3.75,,0.0034359648712201461,1,bohr,hartree_per_elementary_charge
-3.375,0.13,3.84375,,0.0036685565276213081,1,bohr,hartree_per_elementary_charge
-3.375,0.13,3.9375,,0.0039011481840224745,1,bohr,hartree_per_elementary_charge
-3.375,0.13,4.03125,,0.0041161044041104844,1,bohr,hartree_per_elementary_charge
-3.375,0.13,4.125,,0.0042708931363921098,1,bohr,hartree_per_elementary_charge
-3.375,0.13,4.21875,,0.0044256818686737379,1,bohr,hartree_per_elementary_charge
-3.375,0.13,4.3125,,0.0045659839899580132,1,bohr,hartree_per_elementary_charge
-3.375,0.13,4.40625,,0.0046604121852717589,1,bohr,hartree_per_elementary_charge
-3.375,0.13,4.5,,0.004754840380585509,1,bohr,hartree_per_elementary_charge
-3.28125,0.13,-4.5,,-0.019315579829663039,1,bohr,hartree_per_elementary_charge
-3.28125,0.13,-4.40625,,-0.019894381659222918,1,bohr,hartree_per_elementary_charge
-3.28125,0.13,-4.3125,,-0.020524797389666789,1,bohr,hartree_per_elementary_charge
-3.28125,0.13,-4.21875,,-0.021166035257118219,1,bohr,hartree_per_elementary_charge
-3.28125,0.13,-4.125,,-0.021807273124569645,1,bohr,hartree_per_elementary_charge
-3.28125,0.13,-4.03125,,-0.022504251196802539,1,bohr,hartree_per_elementary_charge
-3.28125,0.13,-3.9375,,-0.02321184631328272,1,bohr,hartree_per_elementary_charge
-3.28125,0.13,-3.84375,,-0.023919441429762895,1,bohr,hartree_per_elementary_charge
-3.28125,0.13,-3.75,,-0.024685591702861533,1,bohr,hartree_per_elementary_charge
-3.28125,0.13,-3.65625,,-0.02546180600444322,1,bohr,hartree_per_elementary_charge
-3.28125,0.13,-3.5625,,-0.026238020306024901,1,bohr,hartree_per_elementary_charge
-3.28125,0.13,-3.46875,,-0.027073214551015867,1,bohr,hartree_per_elementary_charge
-3.28125,0.13,-3.375,,-0.027917482498660003,1,bohr,hartree_per_elementary_charge
-3.28125,0.13,-3.28125,,-0.028761750446304139,1,bohr,hartree_per_elementary_charge
-3.28125,0.13,-3.1875,,-0.029661492288648915,1,bohr,hartree_per_elementary_charge
-3.28125,0.13,-3.09375,,-0.030568798630940364,1,bohr,hartree_per_elementary_charge
-3.28125,0.13,-3,,-0.031476104973231805,1,bohr,hartree_per_elementary_charge
-3.28125,0.13,-2.90625,,-0.032429362946466055,1,bohr,hartree_per_elementary_charge
-3.28125,0.13,-2.8125,,-0.033388107584225335,1,bohr,hartree_per_elementary_charge
-3.28125,0.13,-2.71875,,-0.034346852221984608,1,bohr,hartree_per_elementary_charge
-3.28125,0.13,-2.625,,-0.035333383932815571,1,bohr,hartree_per_elementary_charge
-3.28125,0.13,-2.53125,,-0.036322776020903107,1,bohr,hartree_per_elementary_charge
-3.28125,0.13,-2.4375,,-0.037312168108990636,1,bohr,hartree_per_elementary_charge
-3.28125,0.13,-2.34375,,-0.038299583868673673,1,bohr,hartree_per_elementary_charge
-3.28125,0.13,-2.25,,-0.03928682777760234,1,bohr,hartree_per_elementary_charge
-3.28125,0.13,-2.1562500000000004,,-0.040274071686530993,1,bohr,hartree_per_elementary_charge
-3.28125,0.13,-2.0625,,-0.041215282470937545,1,bohr,hartree_per_elementary_charge
-3.28125,0.13,-1.96875,,-0.042153205262374191,1,bohr,hartree_per_elementary_charge
-3.28125,0.13,-1.8750000000000004,,-0.043091128053810823,1,bohr,hartree_per_elementary_charge
-3.28125,0.13,-1.78125,,-0.043923381618006886,1,bohr,hartree_per_elementary_charge
-3.28125,0.13,-1.6875,,-0.0447496821797135,1,bohr,hartree_per_elementary_charge
-3.28125,0.13,-1.5937500000000004,,-0.045575982741420114,1,bohr,hartree_per_elementary_charge
-3.28125,0.13,-1.5,,-0.046223208512603746,1,bohr,hartree_per_elementary_charge
-3.28125,0.13,-1.40625,,-0.046862973150439163,1,bohr,hartree_per_elementary_charge
-3.28125,0.13,-1.3125000000000004,,-0.047502737788274588,1,bohr,hartree_per_elementary_charge
-3.28125,0.13,-1.21875,,-0.047882902550823767,1,bohr,hartree_per_elementary_charge
-3.28125,0.13,-1.125,,-0.048255955430532634,1,bohr,hartree_per_elementary_charge
-3.28125,0.13,-1.0312500000000004,,-0.048629008310241528,1,bohr,hartree_per_elementary_charge
-3.28125,0.13,-0.9375,,-0.048666994268049213,1,bohr,hartree_per_elementary_charge
-3.28125,0.13,-0.84375,,-0.048700452845921151,1,bohr,hartree_per_elementary_charge
-3.28125,0.13,-0.75000000000000044,,-0.048733910804689043,1,bohr,hartree_per_elementary_charge
-3.28125,0.13,-0.65625,,-0.048377862780039971,1,bohr,hartree_per_elementary_charge
-3.28125,0.13,-0.5625,,-0.048021814755390899,1,bohr,hartree_per_elementary_charge
-3.28125,0.13,-0.46875,,-0.047660399956726038,1,bohr,hartree_per_elementary_charge
-3.28125,0.13,-0.375,,-0.04690189147410196,1,bohr,hartree_per_elementary_charge
-3.28125,0.13,-0.28125,,-0.046143382991477855,1,bohr,hartree_per_elementary_charge
-3.28125,0.13,-0.1875,,-0.045374955539867777,1,bohr,hartree_per_elementary_charge
-3.28125,0.13,-0.09375,,-0.044244507534882536,1,bohr,hartree_per_elementary_charge
-3.28125,0.13,0,,-0.043114059529897296,1,bohr,hartree_per_elementary_charge
-3.28125,0.13,0.09375,,-0.041971518883724315,1,bohr,hartree_per_elementary_charge
-3.28125,0.13,0.18749999999999911,,-0.040538766573239418,1,bohr,hartree_per_elementary_charge
-3.28125,0.13,0.28125,,-0.039106014262754486,1,bohr,hartree_per_elementary_charge
-3.28125,0.13,0.375,,-0.037662207314633045,1,bohr,hartree_per_elementary_charge
-3.28125,0.13,0.46874999999999911,,-0.036022186527878378,1,bohr,hartree_per_elementary_charge
-3.28125,0.13,0.5625,,-0.034382165741123683,1,bohr,hartree_per_elementary_charge
-3.28125,0.13,0.65625,,-0.032735200175111313,1,bohr,hartree_per_elementary_charge
-3.28125,0.13,0.74999999999999911,,-0.030991010083737586,1,bohr,hartree_per_elementary_charge
-3.28125,0.13,0.84375,,-0.029246819992363837,1,bohr,hartree_per_elementary_charge
-3.28125,0.13,0.9375,,-0.027502010129968325,1,bohr,hartree_per_elementary_charge
-3.28125,0.13,1.0312499999999991,,-0.025750073047353293,1,bohr,hartree_per_elementary_charge
-3.28125,0.13,1.125,,-0.023998135964738248,1,bohr,hartree_per_elementary_charge
-3.28125,0.13,1.21875,,-0.022253014194047908,1,bohr,hartree_per_elementary_charge
-3.28125,0.13,1.3124999999999991,,-0.020574097136739907,1,bohr,hartree_per_elementary_charge
-3.28125,0.13,1.40625,,-0.018895180079431844,1,bohr,hartree_per_elementary_charge
-3.28125,0.13,1.5,,-0.017230600824782515,1,bohr,hartree_per_elementary_charge
-3.28125,0.13,1.5937499999999991,,-0.015686098792648116,1,bohr,hartree_per_elementary_charge
-3.28125,0.13,1.6875,,-0.01414159676051367,1,bohr,hartree_per_elementary_charge
-3.28125,0.13,1.78125,,-0.012618194943619054,1,bohr,hartree_per_elementary_charge
-3.28125,0.13,1.8749999999999991,,-0.011249525877178878,1,bohr,hartree_per_elementary_charge
-3.28125,0.13,1.96875,,-0.0098808568107386779,1,bohr,hartree_per_elementary_charge
-3.28125,0.13,2.0625,,-0.008538611638391062,1,bohr,hartree_per_elementary_charge
-3.28125,0.13,2.1562499999999991,,-0.0073681196041870834,1,bohr,hartree_per_elementary_charge
-3.28125,0.13,2.25,,-0.0061976275699831213,1,bohr,hartree_per_elementary_charge
-3.28125,0.13,2.34375,,-0.0050569733738444252,1,bohr,hartree_per_elementary_charge
-3.28125,0.13,2.4374999999999991,,-0.004089919133946668,1,bohr,hartree_per_elementary_charge
-3.28125,0.13,2.53125,,-0.0031228648940489212,1,bohr,hartree_per_elementary_charge
-3.28125,0.13,2.625,,-0.0021869731173238213,1,bohr,hartree_per_elementary_charge
-3.28125,0.13,2.7187499999999991,,-0.0014146825231932717,1,bohr,hartree_per_elementary_charge
-3.28125,0.13,2.8125,,-0.0006423919290627308,1,bohr,hartree_per_elementary_charge
-3.28125,0.13,2.90625,,9.935211843364716e-05,1,bohr,hartree_per_elementary_charge
-3.28125,0.13,2.9999999999999991,,0.00069541408377081515,1,bohr,hartree_per_elementary_charge
-3.28125,0.13,3.09375,,0.0012914760491079707,1,bohr,hartree_per_elementary_charge
-3.28125,0.13,3.1875,,0.0018591363946292351,1,bohr,hartree_per_elementary_charge
-3.28125,0.13,3.2812499999999991,,0.0023030479756892975,1,bohr,hartree_per_elementary_charge
-3.28125,0.13,3.375,,0.0027469595567493495,1,bohr,hartree_per_elementary_charge
-3.28125,0.13,3.46875,,0.0031656076906911839,1,bohr,hartree_per_elementary_charge
-3.28125,0.13,3.5625,,0.0034832029195676641,1,bohr,hartree_per_elementary_charge
-3.28125,0.13,3.65625,,0.0038007981484441383,1,bohr,hartree_per_elementary_charge
-3.28125,0.13,3.75,,0.0040967417746449221,1,bohr,hartree_per_elementary_charge
-3.28125,0.13,3.84375,,0.0043128457753580981,1,bohr,hartree_per_elementary_charge
-3.28125,0.13,3.9375,,0.0045289497760712793,1,bohr,hartree_per_elementary_charge
-3.28125,0.13,4.03125,,0.0047270747123412749,1,bohr,hartree_per_elementary_charge
-3.28125,0.13,4.125,,0.0048638597916637882,1,bohr,hartree_per_elementary_charge
-3.28125,0.13,4.21875,,0.0050006448709863042,1,bohr,hartree_per_elementary_charge
-3.28125,0.13,4.3125,,0.0051229075211411687,1,bohr,hartree_per_elementary_charge
-3.28125,0.13,4.40625,,0.0051991828219656172,1,bohr,hartree_per_elementary_charge
-3.28125,0.13,4.5,,0.0052754581227900674,1,bohr,hartree_per_elementary_charge
-3.1875,0.13,-4.5,,-0.019570230414631636,1,bohr,hartree_per_elementary_charge
-3.1875,0.13,-4.40625,,-0.020169315112581125,1,bohr,hartree_per_elementary_charge
-3.1875,0.13,-4.3125,,-0.020824234454924179,1,bohr,hartree_per_elementary_charge
-3.1875,0.13,-4.21875,,-0.021490860918043735,1,bohr,hartree_per_elementary_charge
-3.1875,0.13,-4.125,,-0.022157487381163292,1,bohr,hartree_per_elementary_charge
-3.1875,0.13,-4.03125,,-0.022885123496655599,1,bohr,hartree_per_elementary_charge
-3.1875,0.13,-3.9375,,-0.023624380347688642,1,bohr,hartree_per_elementary_charge
-3.1875,0.13,-3.84375,,-0.024363637198721685,1,bohr,hartree_per_elementary_charge
-3.1875,0.13,-3.75,,-0.025167940872358172,1,bohr,hartree_per_elementary_charge
-3.1875,0.13,-3.65625,,-0.025983424314152025,1,bohr,hartree_per_elementary_charge
-3.1875,0.13,-3.5625,,-0.026798907755945872,1,bohr,hartree_per_elementary_charge
-3.1875,0.13,-3.46875,,-0.027681213727571406,1,bohr,hartree_per_elementary_charge
-3.1875,0.13,-3.375,,-0.028573799935683739,1,bohr,hartree_per_elementary_charge
-3.1875,0.13,-3.28125,,-0.029466386143796066,1,bohr,hartree_per_elementary_charge
-3.1875,0.13,-3.1875,,-0.030423649527540397,1,bohr,hartree_per_elementary_charge
-3.1875,0.13,-3.09375,,-0.031389732383835904,1,bohr,hartree_per_elementary_charge
-3.1875,0.13,-3,,-0.032355815240131411,1,bohr,hartree_per_elementary_charge
-3.1875,0.13,-2.90625,,-0.033378180307017849,1,bohr,hartree_per_elementary_charge
-3.1875,0.13,-2.8125,,-0.034407265518584758,1,bohr,hartree_per_elementary_charge
-3.1875,0.13,-2.71875,,-0.03543635073015166,1,bohr,hartree_per_elementary_charge
-3.1875,0.13,-2.625,,-0.036504017742194333,1,bohr,hartree_per_elementary_charge
-3.1875,0.13,-2.53125,,-0.037575656331391386,1,bohr,hartree_per_elementary_charge
-3.1875,0.13,-2.4375,,-0.038647294920588438,1,bohr,hartree_per_elementary_charge
-3.1875,0.13,-2.34375,,-0.039726885865727285,1,bohr,hartree_per_elementary_charge
-3.1875,0.13,-2.25,,-0.040807168304427932,1,bohr,hartree_per_elementary_charge
-3.1875,0.13,-2.1562500000000004,,-0.041887450743128558,1,bohr,hartree_per_elementary_charge
-3.1875,0.13,-2.0625,,-0.042928549426974549,1,bohr,hartree_per_elementary_charge
-3.1875,0.13,-1.96875,,-0.043966849345543721,1,bohr,hartree_per_elementary_charge
-3.1875,0.13,-1.8750000000000004,,-0.045005149264112865,1,bohr,hartree_per_elementary_charge
-3.1875,0.13,-1.78125,,-0.045938429133374099,1,bohr,hartree_per_elementary_charge
-3.1875,0.13,-1.6875,,-0.046865792572362328,1,bohr,hartree_per_elementary_charge
-3.1875,0.13,-1.5937500000000004,,-0.047793156011350563,1,bohr,hartree_per_elementary_charge
-3.1875,0.13,-1.5,,-0.048532288251706315,1,bohr,hartree_per_elementary_charge
-3.1875,0.13,-1.40625,,-0.049263577857880075,1,bohr,hartree_per_elementary_charge
-3.1875,0.13,-1.3125000000000004,,-0.049994867464053828,1,bohr,hartree_per_elementary_charge
-3.1875,0.13,-1.21875,,-0.050444579355446731,1,bohr,hartree_per_elementary_charge
-3.1875,0.13,-1.125,,-0.050886577268873551,1,bohr,hartree_per_elementary_charge
-3.1875,0.13,-1.0312500000000004,,-0.051328575182300357,1,bohr,hartree_per_elementary_charge
-3.1875,0.13,-0.9375,,-0.051399879849838515,1,bohr,hartree_per_elementary_charge
-3.1875,0.13,-0.84375,,-0.051466175759262857,1,bohr,hartree_per_elementary_charge
-3.1875,0.13,-0.75000000000000044,,-0.051532470975710044,1,bohr,hartree_per_elementary_charge
-3.1875,0.13,-0.65625,,-0.05116278336472084,1,bohr,hartree_per_elementary_charge
-3.1875,0.13,-0.5625,,-0.050793095753731636,1,bohr,hartree_per_elementary_charge
-3.1875,0.13,-0.46875,,-0.050417374083489563,1,bohr,hartree_per_elementary_charge
-3.1875,0.13,-0.375,,-0.049595185539312102,1,bohr,hartree_per_elementary_charge
-3.1875,0.13,-0.28125,,-0.048772996995134626,1,bohr,hartree_per_elementary_charge
-3.1875,0.13,-0.1875,,-0.047939688755412491,1,bohr,hartree_per_elementary_charge
-3.1875,0.13,-0.09375,,-0.046700536083660572,1,bohr,hartree_per_elementary_charge
-3.1875,0.13,0,,-0.045461383411908675,1,bohr,hartree_per_elementary_charge
-3.1875,0.13,0.09375,,-0.044208829792500938,1,bohr,hartree_per_elementary_charge
-3.1875,0.13,0.18749999999999911,,-0.042634666421990833,1,bohr,hartree_per_elementary_charge
-3.1875,0.13,0.28125,,-0.041060503051480714,1,bohr,hartree_per_elementary_charge
-3.1875,0.13,0.375,,-0.039474387770004227,1,bohr,hartree_per_elementary_charge
-3.1875,0.13,0.46874999999999911,,-0.037676132533621634,1,bohr,hartree_per_elementary_charge
-3.1875,0.13,0.5625,,-0.035877877297239028,1,bohr,hartree_per_elementary_charge
-3.1875,0.13,0.65625,,-0.034072575435637097,1,bohr,hartree_per_elementary_charge
-3.1875,0.13,0.74999999999999911,,-0.032168623240176226,1,bohr,hartree_per_elementary_charge
-3.1875,0.13,0.84375,,-0.030264671044715332,1,bohr,hartree_per_elementary_charge
-3.1875,0.13,0.9375,,-0.028360942210100156,1,bohr,hartree_per_elementary_charge
-3.1875,0.13,1.0312499999999991,,-0.026459781972402088,1,bohr,hartree_per_elementary_charge
-3.1875,0.13,1.125,,-0.024558621734703988,1,bohr,hartree_per_elementary_charge
-3.1875,0.13,1.21875,,-0.022666025036191355,1,bohr,hartree_per_elementary_charge
-3.1875,0.13,1.3124999999999991,,-0.020856615529046444,1,bohr,hartree_per_elementary_charge
-3.1875,0.13,1.40625,,-0.019047206021901481,1,bohr,hartree_per_elementary_charge
-3.1875,0.13,1.5,,-0.017254647860368341,1,bohr,hartree_per_elementary_charge
-3.1875,0.13,1.5937499999999991,,-0.015603217514921797,1,bohr,hartree_per_elementary_charge
-3.1875,0.13,1.6875,,-0.0139517871694752,1,bohr,hartree_per_elementary_charge
-3.1875,0.13,1.78125,,-0.012324538634985784,1,bohr,hartree_per_elementary_charge
-3.1875,0.13,1.8749999999999991,,-0.010874620903895526,1,bohr,hartree_per_elementary_charge
-3.1875,0.13,1.96875,,-0.009424703172805235,1,bohr,hartree_per_elementary_charge
-3.1875,0.13,2.0625,,-0.0080046019040618047,1,bohr,hartree_per_elementary_charge
-3.1875,0.13,2.1562499999999991,,-0.0067783051880641381,1,bohr,hartree_per_elementary_charge
-3.1875,0.13,2.25,,-0.0055520084720664872,1,bohr,hartree_per_elementary_charge
-3.1875,0.13,2.34375,,-0.0043589460399637292,1,bohr,hartree_per_elementary_charge
-3.1875,0.13,2.4374999999999991,,-0.0033592444745977812,1,bohr,hartree_per_elementary_charge
-3.1875,0.13,2.53125,,-0.0023595429092318431,1,bohr,hartree_per_elementary_charge
-3.1875,0.13,2.625,,-0.0013940985851608469,1,bohr,hartree_per_elementary_charge
-3.1875,0.13,2.7187499999999991,,-0.0006085028551252083,1,bohr,hartree_per_elementary_charge
-3.1875,0.13,2.8125,,0.00017709287491042195,1,bohr,hartree_per_elementary_charge
-3.1875,0.13,2.90625,,0.00092958372965146316,1,bohr,hartree_per_elementary_charge
-3.1875,0.13,2.9999999999999991,,0.0015241913637359687,1,bohr,hartree_per_elementary_charge
-3.1875,0.13,3.09375,,0.0021187989978204615,1,bohr,hartree_per_elementary_charge
-3.1875,0.13,3.1875,,0.0026831023736073852,1,bohr,hartree_per_elementary_charge
-3.1875,0.13,3.2812499999999991,,0.0031153669943322008,1,bohr,hartree_per_elementary_charge
-3.1875,0.13,3.375,,0.0035476316150570078,1,bohr,hartree_per_elementary_charge
-3.1875,0.13,3.46875,,0.0039533886119732841,1,bohr,hartree_per_elementary_charge
-3.1875,0.13,3.5625,,0.0042531160405690988,1,bohr,hartree_per_elementary_charge
-3.1875,0.13,3.65625,,0.0045528434691649074,1,bohr,hartree_per_elementary_charge
-3.1875,0.13,3.75,,0.004830252340783857,1,bohr,hartree_per_elementary_charge
-3.1875,0.13,3.84375,,0.0050253622132410943,1,bohr,hartree_per_elementary_charge
-3.1875,0.13,3.9375,,0.0052204720856983376,1,bohr,hartree_per_elementary_charge
-3.1875,0.13,4.03125,,0.0053973908826675104,1,bohr,hartree_per_elementary_charge
-3.1875,0.13,4.125,,0.0055122464965558643,1,bohr,hartree_per_elementary_charge
-3.1875,0.13,4.21875,,0.0056271021104442216,1,bohr,hartree_per_elementary_charge
-3.1875,0.13,4.3125,,0.005727550521406318,1,bohr,hartree_per_elementary_charge
-3.1875,0.13,4.40625,,0.0057823764634139839,1,bohr,hartree_per_elementary_charge
-3.1875,0.13,4.5,,0.0058372024054216499,1,bohr,hartree_per_elementary_charge
-3.09375,0.13,-4.5,,-0.019824880999600236,1,bohr,hartree_per_elementary_charge
-3.09375,0.13,-4.40625,,-0.020444248565939332,1,bohr,hartree_per_elementary_charge
-3.09375,0.13,-4.3125,,-0.021123671520181565,1,bohr,hartree_per_elementary_charge
-3.09375,0.13,-4.21875,,-0.021815686578969255,1,bohr,hartree_per_elementary_charge
-3.09375,0.13,-4.125,,-0.022507701637756949,1,bohr,hartree_per_elementary_charge
-3.09375,0.13,-4.03125,,-0.023265995796508645,1,bohr,hartree_per_elementary_charge
-3.09375,0.13,-3.9375,,-0.024036914382094564,1,bohr,hartree_per_elementary_charge
-3.09375,0.13,-3.84375,,-0.024807832967680479,1,bohr,hartree_per_elementary_charge
-3.09375,0.13,-3.75,,-0.02565029004185481,1,bohr,hartree_per_elementary_charge
-3.09375,0.13,-3.65625,,-0.026505042623860831,1,bohr,hartree_per_elementary_charge
-3.09375,0.13,-3.5625,,-0.027359795205866844,1,bohr,hartree_per_elementary_charge
-3.09375,0.13,-3.46875,,-0.028289212904126948,1,bohr,hartree_per_elementary_charge
-3.09375,0.13,-3.375,,-0.029230117372707476,1,bohr,hartree_per_elementary_charge
-3.09375,0.13,-3.28125,,-0.030171021841287997,1,bohr,hartree_per_elementary_charge
-3.09375,0.13,-3.1875,,-0.031185806766431887,1,bohr,hartree_per_elementary_charge
-3.09375,0.13,-3.09375,,-0.032210666136731451,1,bohr,hartree_per_elementary_charge
-3.09375,0.13,-3,,-0.033235525507031023,1,bohr,hartree_per_elementary_charge
-3.09375,0.13,-2.90625,,-0.034326997667569643,1,bohr,hartree_per_elementary_charge
-3.09375,0.13,-2.8125,,-0.035426423452944188,1,bohr,hartree_per_elementary_charge
-3.09375,0.13,-2.71875,,-0.036525849238318725,1,bohr,hartree_per_elementary_charge
-3.09375,0.13,-2.625,,-0.037674651551573103,1,bohr,hartree_per_elementary_charge
-3.09375,0.13,-2.53125,,-0.038828536641879671,1,bohr,hartree_per_elementary_charge
-3.09375,0.13,-2.4375,,-0.039982421732186239,1,bohr,hartree_per_elementary_charge
-3.09375,0.13,-2.34375,,-0.041154187862780911,1,bohr,hartree_per_elementary_charge
-3.09375,0.13,-2.25,,-0.042327508831253524,1,bohr,hartree_per_elementary_charge
-3.09375,0.13,-2.1562500000000004,,-0.04350082979972613,1,bohr,hartree_per_elementary_charge
-3.09375,0.13,-2.0625,,-0.044641816383011561,1,bohr,hartree_per_elementary_charge
-3.09375,0.13,-1.96875,,-0.045780493428713237,1,bohr,hartree_per_elementary_charge
-3.09375,0.13,-1.8750000000000004,,-0.046919170474414906,1,bohr,hartree_per_elementary_charge
-3.09375,0.13,-1.78125,,-0.047953476648741312,1,bohr,hartree_per_elementary_charge
-3.09375,0.13,-1.6875,,-0.048981902965011169,1,bohr,hartree_per_elementary_charge
-3.09375,0.13,-1.5937500000000004,,-0.050010329281281025,1,bohr,hartree_per_elementary_charge
-3.09375,0.13,-1.5,,-0.050841367990808899,1,bohr,hartree_per_elementary_charge
-3.09375,0.13,-1.40625,,-0.051664182565320994,1,bohr,hartree_per_elementary_charge
-3.09375,0.13,-1.3125000000000004,,-0.052486997139833097,1,bohr,hartree_per_elementary_charge
-3.09375,0.13,-1.21875,,-0.053006256160069737,1,bohr,hartree_per_elementary_charge
-3.09375,0.13,-1.125,,-0.053517199107214468,1,bohr,hartree_per_elementary_charge
-3.09375,0.13,-1.0312500000000004,,-0.054028142054359213,1,bohr,hartree_per_elementary_charge
-3.09375,0.13,-0.9375,,-0.054132765431627844,1,bohr,hartree_per_elementary_charge
-3.09375,0.13,-0.84375,,-0.054231898672604563,1,bohr,hartree_per_elementary_charge
-3.09375,0.13,-0.75000000000000044,,-0.054331031146731081,1,bohr,hartree_per_elementary_charge
-3.09375,0.13,-0.65625,,-0.053947703949401737,1,bohr,hartree_per_elementary_charge
-3.09375,0.13,-0.5625,,-0.053564376752072387,1,bohr,hartree_per_elementary_charge
-3.09375,0.13,-0.46875,,-0.05317434821025311,1,bohr,hartree_per_elementary_charge
-3.09375,0.13,-0.375,,-0.052288479604522257,1,bohr,hartree_per_elementary_charge
-3.09375,0.13,-0.28125,,-0.051402610998791398,1,bohr,hartree_per_elementary_charge
-3.09375,0.13,-0.1875,,-0.050504421970957211,1,bohr,hartree_per_elementary_charge
-3.09375,0.13,-0.09375,,-0.049156564632438636,1,bohr,hartree_per_elementary_charge
-3.09375,0.13,0,,-0.047808707293920061,1,bohr,hartree_per_elementary_charge
-3.09375,0.13,0.09375,,-0.04644614070127754,1,bohr,hartree_per_elementary_charge
-3.09375,0.13,0.18749999999999911,,-0.044730566270742268,1,bohr,hartree_per_elementary_charge
-3.09375,0.13,0.28125,,-0.043014991840206948,1,bohr,hartree_per_elementary_charge
-3.09375,0.13,0.375,,-0.041286568225375422,1,bohr,hartree_per_elementary_charge
-3.09375,0.13,0.46874999999999911,,-0.039330078539364911,1,bohr,hartree_per_elementary_charge
-3.09375,0.13,0.5625,,-0.037373588853354373,1,bohr,hartree_per_elementary_charge
-3.09375,0.13,0.65625,,-0.035409950696162901,1,bohr,hartree_per_elementary_charge
-3.09375,0.13,0.74999999999999911,,-0.033346236396614874,1,bohr,hartree_per_elementary_charge
-3.09375,0.13,0.84375,,-0.031282522097066834,1,bohr,hartree_per_elementary_charge
-3.09375,0.13,0.9375,,-0.029219874290231984,1,bohr,hartree_per_elementary_charge
-3.09375,0.13,1.0312499999999991,,-0.027169490897450865,1,bohr,hartree_per_elementary_charge
-3.09375,0.13,1.125,,-0.025119107504669731,1,bohr,hartree_per_elementary_charge
-3.09375,0.13,1.21875,,-0.023079035878334795,1,bohr,hartree_per_elementary_charge
-3.09375,0.13,1.3124999999999991,,-0.021139133921352991,1,bohr,hartree_per_elementary_charge
-3.09375,0.13,1.40625,,-0.019199231964371115,1,bohr,hartree_per_elementary_charge
-3.09375,0.13,1.5,,-0.017278694895954166,1,bohr,hartree_per_elementary_charge
-3.09375,0.13,1.5937499999999991,,-0.015520336237195474,1,bohr,hartree_per_elementary_charge
-3.09375,0.13,1.6875,,-0.013761977578436732,1,bohr,hartree_per_elementary_charge
-3.09375,0.13,1.78125,,-0.012030882326352514,1,bohr,hartree_per_elementary_charge
-3.09375,0.13,1.8749999999999991,,-0.010499715930612169,1,bohr,hartree_per_elementary_charge
-3.09375,0.13,1.96875,,-0.0089685495348717902,1,bohr,hartree_per_elementary_charge
-3.09375,0.13,2.0625,,-0.0074705921697325447,1,bohr,hartree_per_elementary_charge
-3.09375,0.13,2.1562499999999991,,-0.0061884907719411911,1,bohr,hartree_per_elementary_charge
-3.09375,0.13,2.25,,-0.0049063893741498497,1,bohr,hartree_per_elementary_charge
-3.09375,0.13,2.34375,,-0.0036609187060830323,1,bohr,hartree_per_elementary_charge
-3.09375,0.13,2.4374999999999991,,-0.0026285698152488913,1,bohr,hartree_per_elementary_charge
-3.09375,0.13,2.53125,,-0.0015962209244147615,1,bohr,hartree_per_elementary_charge
-3.09375,0.13,2.625,,-0.00060122405299786828,1,bohr,hartree_per_elementary_charge
-3.09375,0.13,2.7187499999999991,,0.00019767681294285952,1,bohr,hartree_per_elementary_charge
-3.09375,0.13,2.8125,,0.00099657767888357892,1,bohr,hartree_per_elementary_charge
-3.09375,0.13,2.90625,,0.0017598153408692832,1,bohr,hartree_per_elementary_charge
-3.09375,0.13,2.9999999999999991,,0.0023529686437011262,1,bohr,hartree_per_elementary_charge
-3.09375,0.13,3.09375,,0.0029461219465329569,1,bohr,hartree_per_elementary_charge
-3.09375,0.13,3.1875,,0.0035070683525855384,1,bohr,hartree_per_elementary_charge
-3.09375,0.13,3.2812499999999991,,0.0039276860129751076,1,bohr,hartree_per_elementary_charge
-3.09375,0.13,3.375,,0.0043483036733646691,1,bohr,hartree_per_elementary_charge
-3.09375,0.13,3.46875,,0.0047411695332553886,1,bohr,hartree_per_elementary_charge
-3.09375,0.13,3.5625,,0.0050230291615705382,1,bohr,hartree_per_elementary_charge
-3.09375,0.13,3.65625,,0.0053048887898856801,1,bohr,hartree_per_elementary_charge
-3.09375,0.13,3.75,,0.0055637629069227954,1,bohr,hartree_per_elementary_charge
-3.09375,0.13,3.84375,,0.0057378786511240948,1,bohr,hartree_per_elementary_charge
-3.09375,0.13,3.9375,,0.0059119943953253994,1,bohr,hartree_per_elementary_charge
-3.09375,0.13,4.03125,,0.0060677070529937469,1,bohr,hartree_per_elementary_charge
-3.09375,0.13,4.125,,0.006160633201447943,1,bohr,hartree_per_elementary_charge
-3.09375,0.13,4.21875,,0.0062535593499021417,1,bohr,hartree_per_elementary_charge
-3.09375,0.13,4.3125,,0.0063321935216714706,1,bohr,hartree_per_elementary_charge
-3.09375,0.13,4.40625,,0.0063655701048623533,1,bohr,hartree_per_elementary_charge
-3.09375,0.13,4.5,,0.0063989466880532359,1,bohr,hartree_per_elementary_charge
-3,0.13,-4.5,,-0.020063420233809491,1,bohr,hartree_per_elementary_charge
-3,0.13,-4.40625,,-0.020703050972086152,1,bohr,hartree_per_elementary_charge
-3,0.13,-4.3125,,-0.021407237461275801,1,bohr,hartree_per_elementary_charge
-3,0.13,-4.21875,,-0.022124959667957075,1,bohr,hartree_per_elementary_charge
-3,0.13,-4.125,,-0.022842681874638348,1,bohr,hartree_per_elementary_charge
-3,0.13,-4.03125,,-0.02363240775907903,1,bohr,hartree_per_elementary_charge
-3,0.13,-3.9375,,-0.024435848451991198,1,bohr,hartree_per_elementary_charge
-3,0.13,-3.84375,,-0.025239289144903369,1,bohr,hartree_per_elementary_charge
-3,0.13,-3.75,,-0.026121473759069917,1,bohr,hartree_per_elementary_charge
-3,0.13,-3.65625,,-0.02701719229769568,1,bohr,hartree_per_elementary_charge
-3,0.13,-3.5625,,-0.027912910836321435,1,bohr,hartree_per_elementary_charge
-3,0.13,-3.46875,,-0.028892219997171745,1,bohr,hartree_per_elementary_charge
-3,0.13,-3.375,,-0.029884389062708572,1,bohr,hartree_per_elementary_charge
-3,0.13,-3.28125,,-0.030876558128245388,1,bohr,hartree_per_elementary_charge
-3,0.13,-3.1875,,-0.031953396763570674,1,bohr,hartree_per_elementary_charge
-3,0.13,-3.09375,,-0.033041781063025119,1,bohr,hartree_per_elementary_charge
-3,0.13,-3,,-0.034130165362479557,1,bohr,hartree_per_elementary_charge
-3,0.13,-2.90625,,-0.035297714908747571,1,bohr,hartree_per_elementary_charge
-3,0.13,-2.8125,,-0.036474716854035943,1,bohr,hartree_per_elementary_charge
-3,0.13,-2.71875,,-0.037651718799324288,1,bohr,hartree_per_elementary_charge
-3,0.13,-2.625,,-0.03889181974459599,1,bohr,hartree_per_elementary_charge
-3,0.13,-2.53125,,-0.040138416046323538,1,bohr,hartree_per_elementary_charge
-3,0.13,-2.4375,,-0.04138501234805108,1,bohr,hartree_per_elementary_charge
-3,0.13,-2.34375,,-0.042662937845404085,1,bohr,hartree_per_elementary_charge
-3,0.13,-2.25,,-0.043943587558980458,1,bohr,hartree_per_elementary_charge
-3,0.13,-2.1562500000000004,,-0.045224237272556846,1,bohr,hartree_per_elementary_charge
-3,0.13,-2.0625,,-0.046483040780682501,1,bohr,hartree_per_elementary_charge
-3,0.13,-1.96875,,-0.047740283887017343,1,bohr,hartree_per_elementary_charge
-3,0.13,-1.8750000000000004,,-0.048997526993352178,1,bohr,hartree_per_elementary_charge
-3,0.13,-1.78125,,-0.050153816046008583,1,bohr,hartree_per_elementary_charge
-3,0.13,-1.6875,,-0.051304417731126102,1,bohr,hartree_per_elementary_charge
-3,0.13,-1.5937500000000004,,-0.052455019416243615,1,bohr,hartree_per_elementary_charge
-3,0.13,-1.5,,-0.053399479683734541,1,bohr,hartree_per_elementary_charge
-3,0.13,-1.40625,,-0.054335351089549247,1,bohr,hartree_per_elementary_charge
-3,0.13,-1.3125000000000004,,-0.055271222495363967,1,bohr,hartree_per_elementary_charge
-3,0.13,-1.21875,,-0.055877995137937564,1,bohr,hartree_per_elementary_charge
-3,0.13,-1.125,,-0.056475751937015595,1,bohr,hartree_per_elementary_charge
-3,0.13,-1.0312500000000004,,-0.057073508736093612,1,bohr,hartree_per_elementary_charge
-3,0.13,-0.9375,,-0.057220914388361598,1,bohr,hartree_per_elementary_charge
-3,0.13,-0.84375,,-0.05736223495549337,1,bohr,hartree_per_elementary_charge
-3,0.13,-0.75000000000000044,,-0.057503554662141639,1,bohr,hartree_per_elementary_charge
-3,0.13,-0.65625,,-0.057103505822567124,1,bohr,hartree_per_elementary_charge
-3,0.13,-0.5625,,-0.056703456982992624,1,bohr,hartree_per_elementary_charge
-3,0.13,-0.46875,,-0.056295859766516909,1,bohr,hartree_per_elementary_charge
-3,0.13,-0.375,,-0.055329749599283426,1,bohr,hartree_per_elementary_charge
-3,0.13,-0.28125,,-0.054363639432049922,1,bohr,hartree_per_elementary_charge
-3,0.13,-0.1875,,-0.053383719770757086,1,bohr,hartree_per_elementary_charge
-3,0.13,-0.09375,,-0.05189978394727561,1,bohr,hartree_per_elementary_charge
-3,0.13,0,,-0.050415848123794106,1,bohr,hartree_per_elementary_charge
-3,0.13,0.09375,,-0.048915674895214395,1,bohr,hartree_per_elementary_charge
-3,0.13,0.18749999999999911,,-0.047025819686948987,1,bohr,hartree_per_elementary_charge
-3,0.13,0.28125,,-0.045135964478683552,1,bohr,hartree_per_elementary_charge
-3,0.13,0.375,,-0.043232367806549377,1,bohr,hartree_per_elementary_charge
-3,0.13,0.46874999999999911,,-0.041084867583454684,1,bohr,hartree_per_elementary_charge
-3,0.13,0.5625,,-0.038937367360359985,1,bohr,hartree_per_elementary_charge
-3,0.13,0.65625,,-0.036782880477793503,1,bohr,hartree_per_elementary_charge
-3,0.13,0.74999999999999911,,-0.034530582761246507,1,bohr,hartree_per_elementary_charge
-3,0.13,0.84375,,-0.032278285044699491,1,bohr,hartree_per_elementary_charge
-3,0.13,0.9375,,-0.03002834926588089,1,bohr,hartree_per_elementary_charge
-3,0.13,1.0312499999999991,,-0.027805575212512635,1,bohr,hartree_per_elementary_charge
-3,0.13,1.125,,-0.02558280115914436,1,bohr,hartree_per_elementary_charge
-3,0.13,1.21875,,-0.023372649687621358,1,bohr,hartree_per_elementary_charge
-3,0.13,1.3124999999999991,,-0.02128511540845042,1,bohr,hartree_per_elementary_charge
-3,0.13,1.40625,,-0.019197581129279415,1,bohr,hartree_per_elementary_charge
-3,0.13,1.5,,-0.017132567264427332,1,bohr,hartree_per_elementary_charge
-3,0.13,1.5937499999999991,,-0.015256158924819775,1,bohr,hartree_per_elementary_charge
-3,0.13,1.6875,,-0.013379750585212161,1,bohr,hartree_per_elementary_charge
-3,0.13,1.78125,,-0.011534396356971363,1,bohr,hartree_per_elementary_charge
-3,0.13,1.8749999999999991,,-0.0099167690978677111,1,bohr,hartree_per_elementary_charge
-3,0.13,1.96875,,-0.008299141838764023,1,bohr,hartree_per_elementary_charge
-3,0.13,2.0625,,-0.0067188434615397816,1,bohr,hartree_per_elementary_charge
-3,0.13,2.1562499999999991,,-0.0053811797461002274,1,bohr,hartree_per_elementary_charge
-3,0.13,2.25,,-0.004043516030660688,1,bohr,hartree_per_elementary_charge
-3,0.13,2.34375,,-0.0027465296885084063,1,bohr,hartree_per_elementary_charge
-3,0.13,2.4374999999999991,,-0.0016862089588987421,1,bohr,hartree_per_elementary_charge
-3,0.13,2.53125,,-0.00062588822928908935,1,bohr,hartree_per_elementary_charge
-3,0.13,2.625,,0.00039351149907861468,1,bohr,hartree_per_elementary_charge
-3,0.13,2.7187499999999991,,0.0011980782677073784,1,bohr,hartree_per_elementary_charge
-3,0.13,2.8125,,0.0020026450363361337,1,bohr,hartree_per_elementary_charge
-3,0.13,2.90625,,0.0027687458762913897,1,bohr,hartree_per_elementary_charge
-3,0.13,2.9999999999999991,,0.0033513956489801427,1,bohr,hartree_per_elementary_charge
-3,0.13,3.09375,,0.0039340454216688844,1,bohr,hartree_per_elementary_charge
-3,0.13,3.1875,,0.0044825634713273584,1,bohr,hartree_per_elementary_charge
-3,0.13,3.2812499999999991,,0.0048823661103399741,1,bohr,hartree_per_elementary_charge
-3,0.13,3.375,,0.0052821687493525811,1,bohr,hartree_per_elementary_charge
-3,0.13,3.46875,,0.0056531233679877882,1,bohr,hartree_per_elementary_charge
-3,0.13,3.5625,,0.0059086869138656115,1,bohr,hartree_per_elementary_charge
-3,0.13,3.65625,,0.0061642504597434261,1,bohr,hartree_per_elementary_charge
-3,0.13,3.75,,0.0063964120144583778,1,bohr,hartree_per_elementary_charge
-3,0.13,3.84375,,0.0065422794394456689,1,bohr,hartree_per_elementary_charge
-3,0.13,3.9375,,0.0066881468644329652,1,bohr,hartree_per_elementary_charge
-3,0.13,4.03125,,0.0068156915705905831,1,bohr,hartree_per_elementary_charge
-3,0.13,4.125,,0.0068807239610794331,1,bohr,hartree_per_elementary_charge
-3,0.13,4.21875,,0.0069457563515682831,1,bohr,hartree_per_elementary_charge
-3,0.13,4.3125,,0.0069969030575914616,1,bohr,hartree_per_elementary_charge
-3,0.13,4.40625,,0.0070040787574666306,1,bohr,hartree_per_elementary_charge
-3,0.13,4.5,,0.0070112544573417996,1,bohr,hartree_per_elementary_charge
-2.90625,0.13,-4.5,,-0.020287862097324062,1,bohr,hartree_per_elementary_charge
-2.90625,0.13,-4.40625,,-0.020947738773217595,1,bohr,hartree_per_elementary_charge
-2.90625,0.13,-4.3125,,-0.021676916229034202,1,bohr,hartree_per_elementary_charge
-2.90625,0.13,-4.21875,,-0.022420624315595886,1,bohr,hartree_per_elementary_charge
-2.90625,0.13,-4.125,,-0.02316433240215757,1,bohr,hartree_per_elementary_charge
-2.90625,0.13,-4.03125,,-0.023986166981473309,1,bohr,hartree_per_elementary_charge
-2.90625,0.13,-3.9375,,-0.024822882604619199,1,bohr,hartree_per_elementary_charge
-2.90625,0.13,-3.84375,,-0.025659598227765087,1,bohr,hartree_per_elementary_charge
-2.90625,0.13,-3.75,,-0.02658288774796505,1,bohr,hartree_per_elementary_charge
-2.90625,0.13,-3.65625,,-0.02752105695111963,1,bohr,hartree_per_elementary_charge
-2.90625,0.13,-3.5625,,-0.028459226154274209,1,bohr,hartree_per_elementary_charge
-2.90625,0.13,-3.46875,,-0.029490859036113506,1,bohr,hartree_per_elementary_charge
-2.90625,0.13,-3.375,,-0.03053687073183825,1,bohr,hartree_per_elementary_charge
-2.90625,0.13,-3.28125,,-0.031582882427562999,1,bohr,hartree_per_elementary_charge
-2.90625,0.13,-3.1875,,-0.032725740403532523,1,bohr,hartree_per_elementary_charge
-2.90625,0.13,-3.09375,,-0.03388180447735583,1,bohr,hartree_per_elementary_charge
-2.90625,0.13,-3,,-0.03503786855117913,1,bohr,hartree_per_elementary_charge
-2.90625,0.13,-2.90625,,-0.03628759446225846,1,bohr,hartree_per_elementary_charge
-2.90625,0.13,-2.8125,,-0.037548503677809861,1,bohr,hartree_per_elementary_charge
-2.90625,0.13,-2.71875,,-0.038809412893361254,1,bohr,hartree_per_elementary_charge
-2.90625,0.13,-2.625,,-0.04014970534648668,1,bohr,hartree_per_elementary_charge
-2.90625,0.13,-2.53125,,-0.041498169441394048,1,bohr,hartree_per_elementary_charge
-2.90625,0.13,-2.4375,,-0.042846633536301415,1,bohr,hartree_per_elementary_charge
-2.90625,0.13,-2.34375,,-0.044242954505915498,1,bohr,hartree_per_elementary_charge
-2.90625,0.13,-2.25,,-0.045643436848711194,1,bohr,hartree_per_elementary_charge
-2.90625,0.13,-2.1562500000000004,,-0.047043919191506876,1,bohr,hartree_per_elementary_charge
-2.90625,0.13,-2.0625,,-0.048436227453571928,1,bohr,hartree_per_elementary_charge
-2.90625,0.13,-1.96875,,-0.049827951868238914,1,bohr,hartree_per_elementary_charge
-2.90625,0.13,-1.8750000000000004,,-0.051219676282905878,1,bohr,hartree_per_elementary_charge
-2.90625,0.13,-1.78125,,-0.052516285135868424,1,bohr,hartree_per_elementary_charge
-2.90625,0.13,-1.6875,,-0.053807535539730916,1,bohr,hartree_per_elementary_charge
-2.90625,0.13,-1.5937500000000004,,-0.055098785943593409,1,bohr,hartree_per_elementary_charge
-2.90625,0.13,-1.5,,-0.05617549338998664,1,bohr,hartree_per_elementary_charge
-2.90625,0.13,-1.40625,,-0.057243261925381178,1,bohr,hartree_per_elementary_charge
-2.90625,0.13,-1.3125000000000004,,-0.05831103046077573,1,bohr,hartree_per_elementary_charge
-2.90625,0.13,-1.21875,,-0.059021037339224036,1,bohr,hartree_per_elementary_charge
-2.90625,0.13,-1.125,,-0.05972124313827603,1,bohr,hartree_per_elementary_charge
-2.90625,0.13,-1.0312500000000004,,-0.060421448937328037,1,bohr,hartree_per_elementary_charge
-2.90625,0.13,-0.9375,,-0.060619917448246081,1,bohr,hartree_per_elementary_charge
-2.90625,0.13,-0.84375,,-0.060811606551282212,1,bohr,hartree_per_elementary_charge
-2.90625,0.13,-0.75000000000000044,,-0.061003294682911456,1,bohr,hartree_per_elementary_charge
-2.90625,0.13,-0.65625,,-0.06058382741388605,1,bohr,hartree_per_elementary_charge
-2.90625,0.13,-0.5625,,-0.060164360144860651,1,bohr,hartree_per_elementary_charge
-2.90625,0.13,-0.46875,,-0.059736340188428376,1,bohr,hartree_per_elementary_charge
-2.90625,0.13,-0.375,,-0.058675497210166828,1,bohr,hartree_per_elementary_charge
-2.90625,0.13,-0.28125,,-0.057614654231905288,1,bohr,hartree_per_elementary_charge
-2.90625,0.13,-0.1875,,-0.056538260386501379,1,bohr,hartree_per_elementary_charge
-2.90625,0.13,-0.09375,,-0.054894294091149987,1,bohr,hartree_per_elementary_charge
-2.90625,0.13,0,,-0.05325032779579858,1,bohr,hartree_per_elementary_charge
-2.90625,0.13,0.09375,,-0.051588403581267102,1,bohr,hartree_per_elementary_charge
-2.90625,0.13,0.18749999999999911,,-0.049495506717177742,1,bohr,hartree_per_elementary_charge
-2.90625,0.13,0.28125,,-0.047402609853088327,1,bohr,hartree_per_elementary_charge
-2.90625,0.13,0.375,,-0.045295083615076337,1,bohr,hartree_per_elementary_charge
-2.90625,0.13,0.46874999999999911,,-0.042927893902915466,1,bohr,hartree_per_elementary_charge
-2.90625,0.13,0.5625,,-0.040560704190754575,1,bohr,hartree_per_elementary_charge
-2.90625,0.13,0.65625,,-0.038186920330291182,1,bohr,hartree_per_elementary_charge
-2.90625,0.13,0.74999999999999911,,-0.035720820657462245,1,bohr,hartree_per_elementary_charge
-2.90625,0.13,0.84375,,-0.033254720984633279,1,bohr,hartree_per_elementary_charge
-2.90625,0.13,0.9375,,-0.030792674466833553,1,bohr,hartree_per_elementary_charge
-2.90625,0.13,1.0312499999999991,,-0.028377238273593702,1,bohr,hartree_per_elementary_charge
-2.90625,0.13,1.125,,-0.025961802080353827,1,bohr,hartree_per_elementary_charge
-2.90625,0.13,1.21875,,-0.023561791546841612,1,bohr,hartree_per_elementary_charge
-2.90625,0.13,1.3124999999999991,,-0.021311627622301235,1,bohr,hartree_per_elementary_charge
-2.90625,0.13,1.40625,,-0.019061463697760787,1,bohr,hartree_per_elementary_charge
-2.90625,0.13,1.5,,-0.016837537445804657,1,bohr,hartree_per_elementary_charge
-2.90625,0.13,1.5937499999999991,,-0.014833348271012443,1,bohr,hartree_per_elementary_charge
-2.90625,0.13,1.6875,,-0.012829159096220163,1,bohr,hartree_per_elementary_charge
-2.90625,0.13,1.78125,,-0.010860435205145602,1,bohr,hartree_per_elementary_charge
-2.90625,0.13,1.8749999999999991,,-0.0091517864286098285,1,bohr,hartree_per_elementary_charge
-2.90625,0.13,1.96875,,-0.0074431376520740196,1,bohr,hartree_per_elementary_charge
-2.90625,0.13,2.0625,,-0.0057765739785784797,1,bohr,hartree_per_elementary_charge
-2.90625,0.13,2.1562499999999991,,-0.0043835600131970952,1,bohr,hartree_per_elementary_charge
-2.90625,0.13,2.25,,-0.0029905460478157281,1,bohr,hartree_per_elementary_charge
-2.90625,0.13,2.34375,,-0.0016428250198302075,1,bohr,hartree_per_elementary_charge
-2.90625,0.13,2.4374999999999991,,-0.00055862348453524478,1,bohr,hartree_per_elementary_charge
-2.90625,0.13,2.53125,,0.00052557805075970608,1,bohr,hartree_per_elementary_charge
-2.90625,0.13,2.625,,0.0015648746765502539,1,bohr,hartree_per_elementary_charge
-2.90625,0.13,2.7187499999999991,,0.002368423047829602,1,bohr,hartree_per_elementary_charge
-2.90625,0.13,2.8125,,0.0031719714191089416,1,bohr,hartree_per_elementary_charge
-2.90625,0.13,2.90625,,0.0039340372913741484,1,bohr,hartree_per_elementary_charge
-2.90625,0.13,2.9999999999999991,,0.0044982655192757313,1,bohr,hartree_per_elementary_charge
-2.90625,0.13,3.09375,,0.0050624937471773013,1,bohr,hartree_per_elementary_charge
-2.90625,0.13,3.1875,,0.0055906460115837222,1,bohr,hartree_per_elementary_charge
-2.90625,0.13,3.2812499999999991,,0.0059616116106445795,1,bohr,hartree_per_elementary_charge
-2.90625,0.13,3.375,,0.0063325772097054291,1,bohr,hartree_per_elementary_charge
-2.90625,0.13,3.46875,,0.0066737280301584039,1,bohr,hartree_per_elementary_charge
-2.90625,0.13,3.5625,,0.006895620778737511,1,bohr,hartree_per_elementary_charge
-2.90625,0.13,3.65625,,0.0071175135273166103,1,bohr,hartree_per_elementary_charge
-2.90625,0.13,3.75,,0.0073158069690105456,1,bohr,hartree_per_elementary_charge
-2.90625,0.13,3.84375,,0.0074270786852599097,1,bohr,hartree_per_elementary_charge
-2.90625,0.13,3.9375,,0.0075383504015092773,1,bohr,hartree_per_elementary_charge
-2.90625,0.13,4.03125,,0.0076316355969259135,1,bohr,hartree_per_elementary_charge
-2.90625,0.13,4.125,,0.007663555496147674,1,bohr,hartree_per_elementary_charge
-2.90625,0.13,4.21875,,0.0076954753953694345,1,bohr,hartree_per_elementary_charge
-2.90625,0.13,4.3125,,0.0077141705839693089,1,bohr,hartree_per_elementary_charge
-2.90625,0.13,4.40625,,0.0076909878346469911,1,bohr,hartree_per_elementary_charge
-2.90625,0.13,4.5,,0.0076678050853246724,1,bohr,hartree_per_elementary_charge
-2.8125,0.13,-4.5,,-0.02051230396083863,1,bohr,hartree_per_elementary_charge
-2.8125,0.13,-4.40625,,-0.021192426574349034,1,bohr,hartree_per_elementary_charge
-2.8125,0.13,-4.3125,,-0.021946594996792596,1,bohr,hartree_per_elementary_charge
-2.8125,0.13,-4.21875,,-0.022716288963234695,1,bohr,hartree_per_elementary_charge
-2.8125,0.13,-4.125,,-0.023485982929676789,1,bohr,hartree_per_elementary_charge
-2.8125,0.13,-4.03125,,-0.02433992620386758,1,bohr,hartree_per_elementary_charge
-2.8125,0.13,-3.9375,,-0.025209916757247198,1,bohr,hartree_per_elementary_charge
-2.8125,0.13,-3.84375,,-0.026079907310626808,1,bohr,hartree_per_elementary_charge
-2.8125,0.13,-3.75,,-0.02704430173686018,1,bohr,hartree_per_elementary_charge
-2.8125,0.13,-3.65625,,-0.028024921604543583,1,bohr,hartree_per_elementary_charge
-2.8125,0.13,-3.5625,,-0.029005541472226982,1,bohr,hartree_per_elementary_charge
-2.8125,0.13,-3.46875,,-0.030089498075055267,1,bohr,hartree_per_elementary_charge
-2.8125,0.13,-3.375,,-0.031189352400967939,1,bohr,hartree_per_elementary_charge
-2.8125,0.13,-3.28125,,-0.032289206726880612,1,bohr,hartree_per_elementary_charge
-2.8125,0.13,-3.1875,,-0.033498084043494379,1,bohr,hartree_per_elementary_charge
-2.8125,0.13,-3.09375,,-0.034721827891686541,1,bohr,hartree_per_elementary_charge
-2.8125,0.13,-3,,-0.035945571739878709,1,bohr,hartree_per_elementary_charge
-2.8125,0.13,-2.90625,,-0.037277474015769356,1,bohr,hartree_per_elementary_charge
-2.8125,0.13,-2.8125,,-0.038622290501583785,1,bohr,hartree_per_elementary_charge
-2.8125,0.13,-2.71875,,-0.039967106987398207,1,bohr,hartree_per_elementary_charge
-2.8125,0.13,-2.625,,-0.041407590948377371,1,bohr,hartree_per_elementary_charge
-2.8125,0.13,-2.53125,,-0.04285792283646455,1,bohr,hartree_per_elementary_charge
-2.8125,0.13,-2.4375,,-0.044308254724551743,1,bohr,hartree_per_elementary_charge
-2.8125,0.13,-2.34375,,-0.045822971166426911,1,bohr,hartree_per_elementary_charge
-2.8125,0.13,-2.25,,-0.047343286138441909,1,bohr,hartree_per_elementary_charge
-2.8125,0.13,-2.1562500000000004,,-0.0488636011104569,1,bohr,hartree_per_elementary_charge
-2.8125,0.13,-2.0625,,-0.050389414126461356,1,bohr,hartree_per_elementary_charge
-2.8125,0.13,-1.96875,,-0.05191561984946047,1,bohr,hartree_per_elementary_charge
-2.8125,0.13,-1.8750000000000004,,-0.053441825572459571,1,bohr,hartree_per_elementary_charge
-2.8125,0.13,-1.78125,,-0.054878754225728264,1,bohr,hartree_per_elementary_charge
-2.8125,0.13,-1.6875,,-0.056310653348335724,1,bohr,hartree_per_elementary_charge
-2.8125,0.13,-1.5937500000000004,,-0.057742552470943183,1,bohr,hartree_per_elementary_charge
-2.8125,0.13,-1.5,,-0.058951507096238739,1,bohr,hartree_per_elementary_charge
-2.8125,0.13,-1.40625,,-0.060151172761213102,1,bohr,hartree_per_elementary_charge
-2.8125,0.13,-1.3125000000000004,,-0.061350838426187493,1,bohr,hartree_per_elementary_charge
-2.8125,0.13,-1.21875,,-0.062164079540510488,1,bohr,hartree_per_elementary_charge
-2.8125,0.13,-1.125,,-0.062966734339536465,1,bohr,hartree_per_elementary_charge
-2.8125,0.13,-1.0312500000000004,,-0.063769389138562463,1,bohr,hartree_per_elementary_charge
-2.8125,0.13,-0.9375,,-0.064018920508130558,1,bohr,hartree_per_elementary_charge
-2.8125,0.13,-0.84375,,-0.06426097814707106,1,bohr,hartree_per_elementary_charge
-2.8125,0.13,-0.75000000000000044,,-0.064503034703681281,1,bohr,hartree_per_elementary_charge
-2.8125,0.13,-0.65625,,-0.06406414900520499,1,bohr,hartree_per_elementary_charge
-2.8125,0.13,-0.5625,,-0.063625263306728685,1,bohr,hartree_per_elementary_charge
-2.8125,0.13,-0.46875,,-0.063176820610339843,1,bohr,hartree_per_elementary_charge
-2.8125,0.13,-0.375,,-0.062021244821050252,1,bohr,hartree_per_elementary_charge
-2.8125,0.13,-0.28125,,-0.06086566903176064,1,bohr,hartree_per_elementary_charge
-2.8125,0.13,-0.1875,,-0.059692801002245686,1,bohr,hartree_per_elementary_charge
-2.8125,0.13,-0.09375,,-0.05788880423502437,1,bohr,hartree_per_elementary_charge
-2.8125,0.13,0,,-0.056084807467803054,1,bohr,hartree_per_elementary_charge
-2.8125,0.13,0.09375,,-0.054261132267319816,1,bohr,hartree_per_elementary_charge
-2.8125,0.13,0.18749999999999911,,-0.051965193747406491,1,bohr,hartree_per_elementary_charge
-2.8125,0.13,0.28125,,-0.049669255227493117,1,bohr,hartree_per_elementary_charge
-2.8125,0.13,0.375,,-0.047357799423603297,1,bohr,hartree_per_elementary_charge
-2.8125,0.13,0.46874999999999911,,-0.044770920222376248,1,bohr,hartree_per_elementary_charge
-2.8125,0.13,0.5625,,-0.042184041021149157,1,bohr,hartree_per_elementary_charge
-2.8125,0.13,0.65625,,-0.039590960182788862,1,bohr,hartree_per_elementary_charge
-2.8125,0.13,0.74999999999999911,,-0.036911058553677982,1,bohr,hartree_per_elementary_charge
-2.8125,0.13,0.84375,,-0.034231156924567074,1,bohr,hartree_per_elementary_charge
-2.8125,0.13,0.9375,,-0.031556999667786231,1,bohr,hartree_per_elementary_charge
-2.8125,0.13,1.0312499999999991,,-0.028948901334674777,1,bohr,hartree_per_elementary_charge
-2.8125,0.13,1.125,,-0.026340803001563294,1,bohr,hartree_per_elementary_charge
-2.8125,0.13,1.21875,,-0.023750933406061863,1,bohr,hartree_per_elementary_charge
-2.8125,0.13,1.3124999999999991,,-0.021338139836152049,1,bohr,hartree_per_elementary_charge
-2.8125,0.13,1.40625,,-0.018925346266242152,1,bohr,hartree_per_elementary_charge
-2.8125,0.13,1.5,,-0.016542507627181985,1,bohr,hartree_per_elementary_charge
-2.8125,0.13,1.5937499999999991,,-0.014410537617205108,1,bohr,hartree_per_elementary_charge
-2.8125,0.13,1.6875,,-0.012278567607228169,1,bohr,hartree_per_elementary_charge
-2.8125,0.13,1.78125,,-0.010186474053319839,1,bohr,hartree_per_elementary_charge
-2.8125,0.13,1.8749999999999991,,-0.0083868037593519476,1,bohr,hartree_per_elementary_charge
-2.8125,0.13,1.96875,,-0.0065871334653840145,1,bohr,hartree_per_elementary_charge
-2.8125,0.13,2.0625,,-0.0048343044956171768,1,bohr,hartree_per_elementary_charge
-2.8125,0.13,2.1562499999999991,,-0.0033859402802939639,1,bohr,hartree_per_elementary_charge
-2.8125,0.13,2.25,,-0.0019375760649707676,1,bohr,hartree_per_elementary_charge
-2.8125,0.13,2.34375,,-0.00053912035115200854,1,bohr,hartree_per_elementary_charge
-2.8125,0.13,2.4374999999999991,,0.00056896198982825234,1,bohr,hartree_per_elementary_charge
-2.8125,0.13,2.53125,,0.0016770443308085016,1,bohr,hartree_per_elementary_charge
-2.8125,0.13,2.625,,0.0027362378540218934,1,bohr,hartree_per_elementary_charge
-2.8125,0.13,2.7187499999999991,,0.003538767827951826,1,bohr,hartree_per_elementary_charge
-2.8125,0.13,2.8125,,0.0043412978018817494,1,bohr,hartree_per_elementary_charge
-2.8125,0.13,2.90625,,0.0050993287064569071,1,bohr,hartree_per_elementary_charge
-2.8125,0.13,2.9999999999999991,,0.0056451353895713187,1,bohr,hartree_per_elementary_charge
-2.8125,0.13,3.09375,,0.0061909420726857182,1,bohr,hartree_per_elementary_charge
-2.8125,0.13,3.1875,,0.0066987285518400868,1,bohr,hartree_per_elementary_charge
-2.8125,0.13,3.2812499999999991,,0.0070408571109491849,1,bohr,hartree_per_elementary_charge
-2.8125,0.13,3.375,,0.0073829856700582779,1,bohr,hartree_per_elementary_charge
-2.8125,0.13,3.46875,,0.0076943326923290195,1,bohr,hartree_per_elementary_charge
-2.8125,0.13,3.5625,,0.0078825546436094088,1,bohr,hartree_per_elementary_charge
-2.8125,0.13,3.65625,,0.0080707765948897954,1,bohr,hartree_per_elementary_charge
-2.8125,0.13,3.75,,0.0082352019235627152,1,bohr,hartree_per_elementary_charge
-2.8125,0.13,3.84375,,0.0083118779310741506,1,bohr,hartree_per_elementary_charge
-2.8125,0.13,3.9375,,0.0083885539385855877,1,bohr,hartree_per_elementary_charge
-2.8125,0.13,4.03125,,0.0084475796232612432,1,bohr,hartree_per_elementary_charge
-2.8125,0.13,4.125,,0.0084463870312159149,1,bohr,hartree_per_elementary_charge
-2.8125,0.13,4.21875,,0.0084451944391705867,1,bohr,hartree_per_elementary_charge
-2.8125,0.13,4.3125,,0.0084314381103471597,1,bohr,hartree_per_elementary_charge
-2.8125,0.13,4.40625,,0.0083778969118273525,1,bohr,hartree_per_elementary_charge
-2.8125,0.13,4.5,,0.0083243557133075435,1,bohr,hartree_per_elementary_charge
-2.71875,0.13,-4.5,,-0.020713521598626352,1,bohr,hartree_per_elementary_charge
-2.71875,0.13,-4.40625,,-0.021413375437772272,1,bohr,hartree_per_elementary_charge
-2.71875,0.13,-4.3125,,-0.022192225228716667,1,bohr,hartree_per_elementary_charge
-2.71875,0.13,-4.21875,,-0.022987638484130213,1,bohr,hartree_per_elementary_charge
-2.71875,0.13,-4.125,,-0.023783051739543752,1,bohr,hartree_per_elementary_charge
-2.71875,0.13,-4.03125,,-0.024669226306860775,1,bohr,hartree_per_elementary_charge
-2.71875,0.13,-3.9375,,-0.025572688519033045,1,bohr,hartree_per_elementary_charge
-2.71875,0.13,-3.84375,,-0.026476150731205315,1,bohr,hartree_per_elementary_charge
-2.71875,0.13,-3.75,,-0.027482529810723987,1,bohr,hartree_per_elementary_charge
-2.71875,0.13,-3.65625,,-0.028506597482403872,1,bohr,hartree_per_elementary_charge
-2.71875,0.13,-3.5625,,-0.02953066515408375,1,bohr,hartree_per_elementary_charge
-2.71875,0.13,-3.46875,,-0.030669079894227565,1,bohr,hartree_per_elementary_charge
-2.71875,0.13,-3.375,,-0.031825086229726143,1,bohr,hartree_per_elementary_charge
-2.71875,0.13,-3.28125,,-0.032981092565224718,1,bohr,hartree_per_elementary_charge
-2.71875,0.13,-3.1875,,-0.034260107505071954,1,bohr,hartree_per_elementary_charge
-2.71875,0.13,-3.09375,,-0.035555896074859122,1,bohr,hartree_per_elementary_charge
-2.71875,0.13,-3,,-0.036851684644646276,1,bohr,hartree_per_elementary_charge
-2.71875,0.13,-2.90625,,-0.038272862818100627,1,bohr,hartree_per_elementary_charge
-2.71875,0.13,-2.8125,,-0.039709012618810269,1,bohr,hartree_per_elementary_charge
-2.71875,0.13,-2.71875,,-0.041145162419519897,1,bohr,hartree_per_elementary_charge
-2.71875,0.13,-2.625,,-0.04269713082818348,1,bohr,hartree_per_elementary_charge
-2.71875,0.13,-2.53125,,-0.044261021504126696,1,bohr,hartree_per_elementary_charge
-2.71875,0.13,-2.4375,,-0.045824912180069927,1,bohr,hartree_per_elementary_charge
-2.71875,0.13,-2.34375,,-0.047474678435830087,1,bohr,hartree_per_elementary_charge
-2.71875,0.13,-2.25,,-0.049131911964306961,1,bohr,hartree_per_elementary_charge
-2.71875,0.13,-2.1562500000000004,,-0.050789145492783828,1,bohr,hartree_per_elementary_charge
-2.71875,0.13,-2.0625,,-0.052471007789505572,1,bohr,hartree_per_elementary_charge
-2.71875,0.13,-1.96875,,-0.054154629237223188,1,bohr,hartree_per_elementary_charge
-2.71875,0.13,-1.8750000000000004,,-0.055838250684940804,1,bohr,hartree_per_elementary_charge
-2.71875,0.13,-1.78125,,-0.057442863983275042,1,bohr,hartree_per_elementary_charge
-2.71875,0.13,-1.6875,,-0.059043026262876122,1,bohr,hartree_per_elementary_charge
-2.71875,0.13,-1.5937500000000004,,-0.060643188542477217,1,bohr,hartree_per_elementary_charge
-2.71875,0.13,-1.5,,-0.062012859517025738,1,bohr,hartree_per_elementary_charge
-2.71875,0.13,-1.40625,,-0.063372927094258666,1,bohr,hartree_per_elementary_charge
-2.71875,0.13,-1.3125000000000004,,-0.0647329946714916,1,bohr,hartree_per_elementary_charge
-2.71875,0.13,-1.21875,,-0.065672296567408847,1,bohr,hartree_per_elementary_charge
-2.71875,0.13,-1.125,,-0.066600071353671533,1,bohr,hartree_per_elementary_charge
-2.71875,0.13,-1.0312500000000004,,-0.067527846139934233,1,bohr,hartree_per_elementary_charge
-2.71875,0.13,-0.9375,,-0.067837178569262704,1,bohr,hartree_per_elementary_charge
-2.71875,0.13,-0.84375,,-0.068138154687253996,1,bohr,hartree_per_elementary_charge
-2.71875,0.13,-0.75000000000000044,,-0.068439129579366806,1,bohr,hartree_per_elementary_charge
-2.71875,0.13,-0.65625,,-0.067968849621585226,1,bohr,hartree_per_elementary_charge
-2.71875,0.13,-0.5625,,-0.067498569663803659,1,bohr,hartree_per_elementary_charge
-2.71875,0.13,-0.46875,,-0.067017448583314501,1,bohr,hartree_per_elementary_charge
-2.71875,0.13,-0.375,,-0.065734180562867908,1,bohr,hartree_per_elementary_charge
-2.71875,0.13,-0.28125,,-0.064450912542421301,1,bohr,hartree_per_elementary_charge
-2.71875,0.13,-0.1875,,-0.063148236838974178,1,bohr,hartree_per_elementary_charge
-2.71875,0.13,-0.09375,,-0.061137223388982559,1,bohr,hartree_per_elementary_charge
-2.71875,0.13,0,,-0.059126209938990967,1,bohr,hartree_per_elementary_charge
-2.71875,0.13,0.09375,,-0.057093680811924945,1,bohr,hartree_per_elementary_charge
-2.71875,0.13,0.18749999999999911,,-0.054544796295194209,1,bohr,hartree_per_elementary_charge
-2.71875,0.13,0.28125,,-0.051995911778463424,1,bohr,hartree_per_elementary_charge
-2.71875,0.13,0.375,,-0.049430964055543543,1,bohr,hartree_per_elementary_charge
-2.71875,0.13,0.46874999999999911,,-0.046580903111299116,1,bohr,hartree_per_elementary_charge
-2.71875,0.13,0.5625,,-0.043730842167054682,1,bohr,hartree_per_elementary_charge
-2.71875,0.13,0.65625,,-0.040875653804841205,1,bohr,hartree_per_elementary_charge
-2.71875,0.13,0.74999999999999911,,-0.037948683351380297,1,bohr,hartree_per_elementary_charge
-2.71875,0.13,0.84375,,-0.035021712897919367,1,bohr,hartree_per_elementary_charge
-2.71875,0.13,0.9375,,-0.032102936796201312,1,bohr,hartree_per_elementary_charge
-2.71875,0.13,1.0312499999999991,,-0.029278393802158027,1,bohr,hartree_per_elementary_charge
-2.71875,0.13,1.125,,-0.026453850808114718,1,bohr,hartree_per_elementary_charge
-2.71875,0.13,1.21875,,-0.023651058843977547,1,bohr,hartree_per_elementary_charge
-2.71875,0.13,1.3124999999999991,,-0.021059558852477098,1,bohr,hartree_per_elementary_charge
-2.71875,0.13,1.40625,,-0.018468058860976563,1,bohr,hartree_per_elementary_charge
-2.71875,0.13,1.5,,-0.015911000985067585,1,bohr,hartree_per_elementary_charge
-2.71875,0.13,1.5937499999999991,,-0.01364239132372907,1,bohr,hartree_per_elementary_charge
-2.71875,0.13,1.6875,,-0.011373781662390486,1,bohr,hartree_per_elementary_charge
-2.71875,0.13,1.78125,,-0.00915038552961326,1,bohr,hartree_per_elementary_charge
-2.71875,0.13,1.8749999999999991,,-0.0072585506417113107,1,bohr,hartree_per_elementary_charge
-2.71875,0.13,1.96875,,-0.005366715753809319,1,bohr,hartree_per_elementary_charge
-2.71875,0.13,2.0625,,-0.0035274951622376333,1,bohr,hartree_per_elementary_charge
-2.71875,0.13,2.1562499999999991,,-0.0020302631691022205,1,bohr,hartree_per_elementary_charge
-2.71875,0.13,2.25,,-0.0005330311759668239,1,bohr,hartree_per_elementary_charge
-2.71875,0.13,2.34375,,0.00090878834618920664,1,bohr,hartree_per_elementary_charge
-2.71875,0.13,2.4374999999999991,,0.0020282117712762263,1,bohr,hartree_per_elementary_charge
-2.71875,0.13,2.53125,,0.003147635196363234,1,bohr,hartree_per_elementary_charge
-2.71875,0.13,2.625,,0.004213638628246111,1,bohr,hartree_per_elementary_charge
-2.71875,0.13,2.7187499999999991,,0.0049991900941220536,1,bohr,hartree_per_elementary_charge
-2.71875,0.13,2.8125,,0.0057847415599979884,1,bohr,hartree_per_elementary_charge
-2.71875,0.13,2.90625,,0.0065226505097197348,1,bohr,hartree_per_elementary_charge
-2.71875,0.13,2.9999999999999991,,0.0070333435637865678,1,bohr,hartree_per_elementary_charge
-2.71875,0.13,3.09375,,0.0075440366178533913,1,bohr,hartree_per_elementary_charge
-2.71875,0.13,3.1875,,0.0080149970529818926,1,bohr,hartree_per_elementary_charge
-2.71875,0.13,3.2812499999999991,,0.0083128384007379805,1,bohr,hartree_per_elementary_charge
-2.71875,0.13,3.375,,0.0086106797484940562,1,bohr,hartree_per_elementary_charge
-2.71875,0.13,3.46875,,0.0088772302032646567,1,bohr,hartree_per_elementary_charge
-2.71875,0.13,3.5625,,0.0090186181802674632,1,bohr,hartree_per_elementary_charge
-2.71875,0.13,3.65625,,0.0091600061572702646,1,bohr,hartree_per_elementary_charge
-2.71875,0.13,3.75,,0.0092779497342803784,1,bohr,hartree_per_elementary_charge
-2.71875,0.13,3.84375,,0.0093094428002944082,1,bohr,hartree_per_elementary_charge
-2.71875,0.13,3.9375,,0.0093409358663084346,1,bohr,hartree_per_elementary_charge
-2.71875,0.13,4.03125,,0.0093556596105030723,1,bohr,hartree_per_elementary_charge
-2.71875,0.13,4.125,,0.0093131708226019266,1,bohr,hartree_per_elementary_charge
-2.71875,0.13,4.21875,,0.0092706820347007828,1,bohr,hartree_per_elementary_charge
-2.71875,0.13,4.3125,,0.0092167761387599943,1,bohr,hartree_per_elementary_charge
-2.71875,0.13,4.40625,,0.009126716337043466,1,bohr,hartree_per_elementary_charge
-2.71875,0.13,4.5,,0.0090366565353269361,1,bohr,hartree_per_elementary_charge
-2.625,0.13,-4.5,,-0.020895480205403414,1,bohr,hartree_per_elementary_charge
-2.625,0.13,-4.40625,,-0.021614638437698508,1,bohr,hartree_per_elementary_charge
-2.625,0.13,-4.3125,,-0.022417912858340824,1,bohr,hartree_per_elementary_charge
-2.625,0.13,-4.21875,,-0.023238824328290712,1,bohr,hartree_per_elementary_charge
-2.625,0.13,-4.125,,-0.024059735798240601,1,bohr,hartree_per_elementary_charge
-2.625,0.13,-4.03125,,-0.024978243325088131,1,bohr,hartree_per_elementary_charge
-2.625,0.13,-3.9375,,-0.02591534033610611,1,bohr,hartree_per_elementary_charge
-2.625,0.13,-3.84375,,-0.026852437347124086,1,bohr,hartree_per_elementary_charge
-2.625,0.13,-3.75,,-0.027901530623285271,1,bohr,hartree_per_elementary_charge
-2.625,0.13,-3.65625,,-0.028969872991541627,1,bohr,hartree_per_elementary_charge
-2.625,0.13,-3.5625,,-0.030038215359797983,1,bohr,hartree_per_elementary_charge
-2.625,0.13,-3.46875,,-0.031232858233411598,1,bohr,hartree_per_elementary_charge
-2.625,0.13,-3.375,,-0.032446931665352535,1,bohr,hartree_per_elementary_charge
-2.625,0.13,-3.28125,,-0.033661005097293473,1,bohr,hartree_per_elementary_charge
-2.625,0.13,-3.1875,,-0.035013572806826404,1,bohr,hartree_per_elementary_charge
-2.625,0.13,-3.09375,,-0.036385025794941496,1,bohr,hartree_per_elementary_charge
-2.625,0.13,-3,,-0.037756478783056588,1,bohr,hartree_per_elementary_charge
-2.625,0.13,-2.90625,,-0.039272820246104317,1,bohr,hartree_per_elementary_charge
-2.625,0.13,-2.8125,,-0.040806461518520895,1,bohr,hartree_per_elementary_charge
-2.625,0.13,-2.71875,,-0.042340102790937466,1,bohr,hartree_per_elementary_charge
-2.625,0.13,-2.625,,-0.044012920483855633,1,bohr,hartree_per_elementary_charge
-2.625,0.13,-2.53125,,-0.045700064877064531,1,bohr,hartree_per_elementary_charge
-2.625,0.13,-2.4375,,-0.047387209270273421,1,bohr,hartree_per_elementary_charge
-2.625,0.13,-2.34375,,-0.049185836197837722,1,bohr,hartree_per_elementary_charge
-2.625,0.13,-2.25,,-0.050994157039422255,1,bohr,hartree_per_elementary_charge
-2.625,0.13,-2.1562500000000004,,-0.052802477881006789,1,bohr,hartree_per_elementary_charge
-2.625,0.13,-2.0625,,-0.054659084839098857,1,bohr,hartree_per_elementary_charge
-2.625,0.13,-1.96875,,-0.056519140713884475,1,bohr,hartree_per_elementary_charge
-2.625,0.13,-1.8750000000000004,,-0.058379196588670107,1,bohr,hartree_per_elementary_charge
-2.625,0.13,-1.78125,,-0.060174187232357144,1,bohr,hartree_per_elementary_charge
-2.625,0.13,-1.6875,,-0.061965512348313732,1,bohr,hartree_per_elementary_charge
-2.625,0.13,-1.5937500000000004,,-0.063756837464270341,1,bohr,hartree_per_elementary_charge
-2.625,0.13,-1.5,,-0.065310833266609691,1,bohr,hartree_per_elementary_charge
-2.625,0.13,-1.40625,,-0.066854940766686244,1,bohr,hartree_per_elementary_charge
-2.625,0.13,-1.3125000000000004,,-0.068399048266762824,1,bohr,hartree_per_elementary_charge
-2.625,0.13,-1.21875,,-0.069483340193285656,1,bohr,hartree_per_elementary_charge
-2.625,0.13,-1.125,,-0.070555035216656459,1,bohr,hartree_per_elementary_charge
-2.625,0.13,-1.0312500000000004,,-0.071626730240027275,1,bohr,hartree_per_elementary_charge
-2.625,0.13,-0.9375,,-0.072003110011000362,1,bohr,hartree_per_elementary_charge
-2.625,0.13,-0.84375,,-0.072370094774239349,1,bohr,hartree_per_elementary_charge
-2.625,0.13,-0.75000000000000044,,-0.072737078140996933,1,bohr,hartree_per_elementary_charge
-2.625,0.13,-0.65625,,-0.072225472790736642,1,bohr,hartree_per_elementary_charge
-2.625,0.13,-0.5625,,-0.071713867440476323,1,bohr,hartree_per_elementary_charge
-2.625,0.13,-0.46875,,-0.071189904802595488,1,bohr,hartree_per_elementary_charge
-2.625,0.13,-0.375,,-0.069751612466735474,1,bohr,hartree_per_elementary_charge
-2.625,0.13,-0.28125,,-0.068313320130875432,1,bohr,hartree_per_elementary_charge
-2.625,0.13,-0.1875,,-0.066853194466441695,1,bohr,hartree_per_elementary_charge
-2.625,0.13,-0.09375,,-0.064596200326722322,1,bohr,hartree_per_elementary_charge
-2.625,0.13,0,,-0.062339206187002949,1,bohr,hartree_per_elementary_charge
-2.625,0.13,0.09375,,-0.060058762326549414,1,bohr,hartree_per_elementary_charge
-2.625,0.13,0.18749999999999911,,-0.057215547903713485,1,bohr,hartree_per_elementary_charge
-2.625,0.13,0.28125,,-0.054372333480877492,1,bohr,hartree_per_elementary_charge
-2.625,0.13,0.375,,-0.051512793528090628,1,bohr,hartree_per_elementary_charge
-2.625,0.13,0.46874999999999911,,-0.048363484249097442,1,bohr,hartree_per_elementary_charge
-2.625,0.13,0.5625,,-0.045214174970104208,1,bohr,hartree_per_elementary_charge
-2.625,0.13,0.65625,,-0.04206137780869465,1,bohr,hartree_per_elementary_charge
-2.625,0.13,0.74999999999999911,,-0.038859751490898577,1,bohr,hartree_per_elementary_charge
-2.625,0.13,0.84375,,-0.035658125173102476,1,bohr,hartree_per_elementary_charge
-2.625,0.13,0.9375,,-0.032467772401111296,1,bohr,hartree_per_elementary_charge
-2.625,0.13,1.0312499999999991,,-0.029407062740503039,1,bohr,hartree_per_elementary_charge
-2.625,0.13,1.125,,-0.02634635307989475,1,bohr,hartree_per_elementary_charge
-2.625,0.13,1.21875,,-0.023311513160627045,1,bohr,hartree_per_elementary_charge
-2.625,0.13,1.3124999999999991,,-0.020527974844227873,1,bohr,hartree_per_elementary_charge
-2.625,0.13,1.40625,,-0.017744436527828613,1,bohr,hartree_per_elementary_charge
-2.625,0.13,1.5,,-0.015000465984625528,1,bohr,hartree_per_elementary_charge
-2.625,0.13,1.5937499999999991,,-0.012587870368221787,1,bohr,hartree_per_elementary_charge
-2.625,0.13,1.6875,,-0.010175274751817972,1,bohr,hartree_per_elementary_charge
-2.625,0.13,1.78125,,-0.0078139975527887848,1,bohr,hartree_per_elementary_charge
-2.625,0.13,1.8749999999999991,,-0.0058290501579391337,1,bohr,hartree_per_elementary_charge
-2.625,0.13,1.96875,,-0.0038441027630894404,1,bohr,hartree_per_elementary_charge
-2.625,0.13,2.0625,,-0.0019183857924048831,1,bohr,hartree_per_elementary_charge
-2.625,0.13,2.1562499999999991,,-0.00037766170688328135,1,bohr,hartree_per_elementary_charge
-2.625,0.13,2.25,,0.0011630623786383035,1,bohr,hartree_per_elementary_charge
-2.625,0.13,2.34375,,0.0026421333004795289,1,bohr,hartree_per_elementary_charge
-2.625,0.13,2.4374999999999991,,0.003762499060987926,1,bohr,hartree_per_elementary_charge
-2.625,0.13,2.53125,,0.0048828648214963109,1,bohr,hartree_per_elementary_charge
-2.625,0.13,2.625,,0.0059448255840036024,1,bohr,hartree_per_elementary_charge
-2.625,0.13,2.7187499999999991,,0.0067001633851142776,1,bohr,hartree_per_elementary_charge
-2.625,0.13,2.8125,,0.0074555011862249467,1,bohr,hartree_per_elementary_charge
-2.625,0.13,2.90625,,0.0081599478102111246,1,bohr,hartree_per_elementary_charge
-2.625,0.13,2.9999999999999991,,0.0086216850786743505,1,bohr,hartree_per_elementary_charge
-2.625,0.13,3.09375,,0.0090834223471375694,1,bohr,hartree_per_elementary_charge
-2.625,0.13,3.1875,,0.009503906826381062,1,bohr,hartree_per_elementary_charge
-2.625,0.13,3.2812499999999991,,0.0097446486807456975,1,bohr,hartree_per_elementary_charge
-2.625,0.13,3.375,,0.0099853905351103261,1,bohr,hartree_per_elementary_charge
-2.625,0.13,3.46875,,0.010194711447752254,1,bohr,hartree_per_elementary_charge
-2.625,0.13,3.5625,,0.010278349692225016,1,bohr,hartree_per_elementary_charge
-2.625,0.13,3.65625,,0.010361987936697778,1,bohr,hartree_per_elementary_charge
-2.625,0.13,3.75,,0.010422989716547058,1,bohr,hartree_per_elementary_charge
-2.625,0.13,3.84375,,0.010400520222469281,1,bohr,hartree_per_elementary_charge
-2.625,0.13,3.9375,,0.010378050728391503,1,bohr,hartree_per_elementary_charge
-2.625,0.13,4.03125,,0.010340144699433312,1,bohr,hartree_per_elementary_charge
-2.625,0.13,4.125,,0.010249573258193976,1,bohr,hartree_per_elementary_charge
-2.625,0.13,4.21875,,0.010159001816954637,1,bohr,hartree_per_elementary_charge
-2.625,0.13,4.3125,,0.010058562632883655,1,bohr,hartree_per_elementary_charge
-2.625,0.13,4.40625,,0.0099268758295980759,1,bohr,hartree_per_elementary_charge
-2.625,0.13,4.5,,0.0097951890263124897,1,bohr,hartree_per_elementary_charge
-2.53125,0.13,-4.5,,-0.021077438812180483,1,bohr,hartree_per_elementary_charge
-2.53125,0.13,-4.40625,,-0.021815901437624748,1,bohr,hartree_per_elementary_charge
-2.53125,0.13,-4.3125,,-0.022643600487964974,1,bohr,hartree_per_elementary_charge
-2.53125,0.13,-4.21875,,-0.023490010172451212,1,bohr,hartree_per_elementary_charge
-2.53125,0.13,-4.125,,-0.02433641985693745,1,bohr,hartree_per_elementary_charge
-2.53125,0.13,-4.03125,,-0.02528726034331549,1,bohr,hartree_per_elementary_charge
-2.53125,0.13,-3.9375,,-0.026257992153179172,1,bohr,hartree_per_elementary_charge
-2.53125,0.13,-3.84375,,-0.027228723963042857,1,bohr,hartree_per_elementary_charge
-2.53125,0.13,-3.75,,-0.028320531435846556,1,bohr,hartree_per_elementary_charge
-2.53125,0.13,-3.65625,,-0.029433148500679386,1,bohr,hartree_per_elementary_charge
-2.53125,0.13,-3.5625,,-0.030545765565512216,1,bohr,hartree_per_elementary_charge
-2.53125,0.13,-3.46875,,-0.031796636572595634,1,bohr,hartree_per_elementary_charge
-2.53125,0.13,-3.375,,-0.033068777100978934,1,bohr,hartree_per_elementary_charge
-2.53125,0.13,-3.28125,,-0.034340917629362235,1,bohr,hartree_per_elementary_charge
-2.53125,0.13,-3.1875,,-0.035767038108580868,1,bohr,hartree_per_elementary_charge
-2.53125,0.13,-3.09375,,-0.037214155515023883,1,bohr,hartree_per_elementary_charge
-2.53125,0.13,-3,,-0.038661272921466899,1,bohr,hartree_per_elementary_charge
-2.53125,0.13,-2.90625,,-0.040272777674108001,1,bohr,hartree_per_elementary_charge
-2.53125,0.13,-2.8125,,-0.041903910418231521,1,bohr,hartree_per_elementary_charge
-2.53125,0.13,-2.71875,,-0.043535043162355042,1,bohr,hartree_per_elementary_charge
-2.53125,0.13,-2.625,,-0.0453287101395278,1,bohr,hartree_per_elementary_charge
-2.53125,0.13,-2.53125,,-0.047139108250002351,1,bohr,hartree_per_elementary_charge
-2.53125,0.13,-2.4375,,-0.048949506360476916,1,bohr,hartree_per_elementary_charge
-2.53125,0.13,-2.34375,,-0.050896993959845357,1,bohr,hartree_per_elementary_charge
-2.53125,0.13,-2.25,,-0.052856402114537557,1,bohr,hartree_per_elementary_charge
-2.53125,0.13,-2.1562500000000004,,-0.054815810269229742,1,bohr,hartree_per_elementary_charge
-2.53125,0.13,-2.0625,,-0.056847161888692141,1,bohr,hartree_per_elementary_charge
-2.53125,0.13,-1.96875,,-0.058883652190545768,1,bohr,hartree_per_elementary_charge
-2.53125,0.13,-1.8750000000000004,,-0.060920142492399403,1,bohr,hartree_per_elementary_charge
-2.53125,0.13,-1.78125,,-0.062905510481439247,1,bohr,hartree_per_elementary_charge
-2.53125,0.13,-1.6875,,-0.064887998433751357,1,bohr,hartree_per_elementary_charge
-2.53125,0.13,-1.5937500000000004,,-0.066870486386063466,1,bohr,hartree_per_elementary_charge
-2.53125,0.13,-1.5,,-0.068608807016193624,1,bohr,hartree_per_elementary_charge
-2.53125,0.13,-1.40625,,-0.070336954439113836,1,bohr,hartree_per_elementary_charge
-2.53125,0.13,-1.3125000000000004,,-0.072065101862034048,1,bohr,hartree_per_elementary_charge
-2.53125,0.13,-1.21875,,-0.073294383819162451,1,bohr,hartree_per_elementary_charge
-2.53125,0.13,-1.125,,-0.07450999907964137,1,bohr,hartree_per_elementary_charge
-2.53125,0.13,-1.0312500000000004,,-0.075725614340120317,1,bohr,hartree_per_elementary_charge
-2.53125,0.13,-0.9375,,-0.076169041452738034,1,bohr,hartree_per_elementary_charge
-2.53125,0.13,-0.84375,,-0.076602034861224688,1,bohr,hartree_per_elementary_charge
-2.53125,0.13,-0.75000000000000044,,-0.077035026702627102,1,bohr,hartree_per_elementary_charge
-2.53125,0.13,-0.65625,,-0.076482095959888044,1,bohr,hartree_per_elementary_charge
-2.53125,0.13,-0.5625,,-0.075929165217148986,1,bohr,hartree_per_elementary_charge
-2.53125,0.13,-0.46875,,-0.075362361021876448,1,bohr,hartree_per_elementary_charge
-2.53125,0.13,-0.375,,-0.073769044370603026,1,bohr,hartree_per_elementary_charge
-2.53125,0.13,-0.28125,,-0.072175727719329563,1,bohr,hartree_per_elementary_charge
-2.53125,0.13,-0.1875,,-0.07055815209390924,1,bohr,hartree_per_elementary_charge
-2.53125,0.13,-0.09375,,-0.068055177264462086,1,bohr,hartree_per_elementary_charge
-2.53125,0.13,0,,-0.065552202435014917,1,bohr,hartree_per_elementary_charge
-2.53125,0.13,0.09375,,-0.06302384384117389,1,bohr,hartree_per_elementary_charge
-2.53125,0.13,0.18749999999999911,,-0.059886299512232767,1,bohr,hartree_per_elementary_charge
-2.53125,0.13,0.28125,,-0.056748755183291567,1,bohr,hartree_per_elementary_charge
-2.53125,0.13,0.375,,-0.05359462300063772,1,bohr,hartree_per_elementary_charge
-2.53125,0.13,0.46874999999999911,,-0.050146065386895741,1,bohr,hartree_per_elementary_charge
-2.53125,0.13,0.5625,,-0.046697507773153721,1,bohr,hartree_per_elementary_charge
-2.53125,0.13,0.65625,,-0.043247101812548087,1,bohr,hartree_per_elementary_charge
-2.53125,0.13,0.74999999999999911,,-0.039770819630416857,1,bohr,hartree_per_elementary_charge
-2.53125,0.13,0.84375,,-0.036294537448285577,1,bohr,hartree_per_elementary_charge
-2.53125,0.13,0.9375,,-0.032832608006021287,1,bohr,hartree_per_elementary_charge
-2.53125,0.13,1.0312499999999991,,-0.02953573167884805,1,bohr,hartree_per_elementary_charge
-2.53125,0.13,1.125,,-0.026238855351674781,1,bohr,hartree_per_elementary_charge
-2.53125,0.13,1.21875,,-0.022971967477276544,1,bohr,hartree_per_elementary_charge
-2.53125,0.13,1.3124999999999991,,-0.019996390835978654,1,bohr,hartree_per_elementary_charge
-2.53125,0.13,1.40625,,-0.017020814194680663,1,bohr,hartree_per_elementary_charge
-2.53125,0.13,1.5,,-0.014089930984183478,1,bohr,hartree_per_elementary_charge
-2.53125,0.13,1.5937499999999991,,-0.011533349412714508,1,bohr,hartree_per_elementary_charge
-2.53125,0.13,1.6875,,-0.0089767678412454588,1,bohr,hartree_per_elementary_charge
-2.53125,0.13,1.78125,,-0.0064776095759643106,1,bohr,hartree_per_elementary_charge
-2.53125,0.13,1.8749999999999991,,-0.0043995496741669575,1,bohr,hartree_per_elementary_charge
-2.53125,0.13,1.96875,,-0.0023214897723695602,1,bohr,hartree_per_elementary_charge
-2.53125,0.13,2.0625,,-0.00030927642257213276,1,bohr,hartree_per_elementary_charge
-2.53125,0.13,2.1562499999999991,,0.0012749397553356574,1,bohr,hartree_per_elementary_charge
-2.53125,0.13,2.25,,0.0028591559332434308,1,bohr,hartree_per_elementary_charge
-2.53125,0.13,2.34375,,0.0043754782547698523,1,bohr,hartree_per_elementary_charge
-2.53125,0.13,2.4374999999999991,,0.0054967863506996248,1,bohr,hartree_per_elementary_charge
-2.53125,0.13,2.53125,,0.0066180944466293877,1,bohr,hartree_per_elementary_charge
-2.53125,0.13,2.625,,0.007676012539761092,1,bohr,hartree_per_elementary_charge
-2.53125,0.13,2.7187499999999991,,0.0084011366761065041,1,bohr,hartree_per_elementary_charge
-2.53125,0.13,2.8125,,0.009126260812451905,1,bohr,hartree_per_elementary_charge
-2.53125,0.13,2.90625,,0.0097972451107025127,1,bohr,hartree_per_elementary_charge
-2.53125,0.13,2.9999999999999991,,0.010210026593562132,1,bohr,hartree_per_elementary_charge
-2.53125,0.13,3.09375,,0.010622808076421747,1,bohr,hartree_per_elementary_charge
-2.53125,0.13,3.1875,,0.010992816599780231,1,bohr,hartree_per_elementary_charge
-2.53125,0.13,3.2812499999999991,,0.011176458960753415,1,bohr,hartree_per_elementary_charge
-2.53125,0.13,3.375,,0.011360101321726594,1,bohr,hartree_per_elementary_charge
-2.53125,0.13,3.46875,,0.01151219269223985,1,bohr,hartree_per_elementary_charge
-2.53125,0.13,3.5625,,0.011538081204182572,1,bohr,hartree_per_elementary_charge
-2.53125,0.13,3.65625,,0.011563969716125295,1,bohr,hartree_per_elementary_charge
-2.53125,0.13,3.75,,0.011568029698813738,1,bohr,hartree_per_elementary_charge
-2.53125,0.13,3.84375,,0.011491597644644155,1,bohr,hartree_per_elementary_charge
-2.53125,0.13,3.9375,,0.01141516559047457,1,bohr,hartree_per_elementary_charge
-2.53125,0.13,4.03125,,0.011324629788363553,1,bohr,hartree_per_elementary_charge
-2.53125,0.13,4.125,,0.011185975693786026,1,bohr,hartree_per_elementary_charge
-2.53125,0.13,4.21875,,0.011047321599208496,1,bohr,hartree_per_elementary_charge
-2.53125,0.13,4.3125,,0.010900349127007316,1,bohr,hartree_per_elementary_charge
-2.53125,0.13,4.40625,,0.010727035322152681,1,bohr,hartree_per_elementary_charge
-2.53125,0.13,4.5,,0.010553721517298047,1,bohr,hartree_per_elementary_charge
-2.4375,0.13,-4.5,,-0.021227984504043444,1,bohr,hartree_per_elementary_charge
-2.4375,0.13,-4.40625,,-0.021984582210300196,1,bohr,hartree_per_elementary_charge
-2.4375,0.13,-4.3125,,-0.022835601063842671,1,bohr,hartree_per_elementary_charge
-2.4375,0.13,-4.21875,,-0.023706417657428747,1,bohr,hartree_per_elementary_charge
-2.4375,0.13,-4.125,,-0.024577234251014813,1,bohr,hartree_per_elementary_charge
-2.4375,0.13,-4.03125,,-0.025559542878730225,1,bohr,hartree_per_elementary_charge
-2.4375,0.13,-3.9375,,-0.026563087809114618,1,bohr,hartree_per_elementary_charge
-2.4375,0.13,-3.84375,,-0.027566632739499004,1,bohr,hartree_per_elementary_charge
-2.4375,0.13,-3.75,,-0.028700847532862925,1,bohr,hartree_per_elementary_charge
-2.4375,0.13,-3.65625,,-0.029857520898602809,1,bohr,hartree_per_elementary_charge
-2.4375,0.13,-3.5625,,-0.031014194264342692,1,bohr,hartree_per_elementary_charge
-2.4375,0.13,-3.46875,,-0.032322079705761626,1,bohr,hartree_per_elementary_charge
-2.4375,0.13,-3.375,,-0.033653228197854573,1,bohr,hartree_per_elementary_charge
-2.4375,0.13,-3.28125,,-0.03498437668994752,1,bohr,hartree_per_elementary_charge
-2.4375,0.13,-3.1875,,-0.036486783793807501,1,bohr,hartree_per_elementary_charge
-2.4375,0.13,-3.09375,,-0.038012543967910144,1,bohr,hartree_per_elementary_charge
-2.4375,0.13,-3,,-0.039538304142012794,1,bohr,hartree_per_elementary_charge
-2.4375,0.13,-2.90625,,-0.041250916205823301,1,bohr,hartree_per_elementary_charge
-2.4375,0.13,-2.8125,,-0.042985838547063809,1,bohr,hartree_per_elementary_charge
-2.4375,0.13,-2.71875,,-0.044720760888304283,1,bohr,hartree_per_elementary_charge
-2.4375,0.13,-2.625,,-0.046646079188734861,1,bohr,hartree_per_elementary_charge
-2.4375,0.13,-2.53125,,-0.048590996684446143,1,bohr,hartree_per_elementary_charge
-2.4375,0.13,-2.4375,,-0.050535914180157432,1,bohr,hartree_per_elementary_charge
-2.4375,0.13,-2.34375,,-0.05264962986469357,1,bohr,hartree_per_elementary_charge
-2.4375,0.13,-2.25,,-0.054778023320404379,1,bohr,hartree_per_elementary_charge
-2.4375,0.13,-2.1562500000000004,,-0.05690641677611518,1,bohr,hartree_per_elementary_charge
-2.4375,0.13,-2.0625,,-0.059137334024451857,1,bohr,hartree_per_elementary_charge
-2.4375,0.13,-1.96875,,-0.061375574206282688,1,bohr,hartree_per_elementary_charge
-2.4375,0.13,-1.8750000000000004,,-0.063613814388113504,1,bohr,hartree_per_elementary_charge
-2.4375,0.13,-1.78125,,-0.065820323866390487,1,bohr,hartree_per_elementary_charge
-2.4375,0.13,-1.6875,,-0.068025045757475061,1,bohr,hartree_per_elementary_charge
-2.4375,0.13,-1.5937500000000004,,-0.070229767648559635,1,bohr,hartree_per_elementary_charge
-2.4375,0.13,-1.5,,-0.072183243259786076,1,bohr,hartree_per_elementary_charge
-2.4375,0.13,-1.40625,,-0.074126250719734568,1,bohr,hartree_per_elementary_charge
-2.4375,0.13,-1.3125000000000004,,-0.076069258179683061,1,bohr,hartree_per_elementary_charge
-2.4375,0.13,-1.21875,,-0.077463125276400688,1,bohr,hartree_per_elementary_charge
-2.4375,0.13,-1.125,,-0.078841948367716255,1,bohr,hartree_per_elementary_charge
-2.4375,0.13,-1.0312500000000004,,-0.080220771459031864,1,bohr,hartree_per_elementary_charge
-2.4375,0.13,-0.9375,,-0.080725190887567883,1,bohr,hartree_per_elementary_charge
-2.4375,0.13,-0.84375,,-0.081217795489453376,1,bohr,hartree_per_elementary_charge
-2.4375,0.13,-0.75000000000000044,,-0.081710398297516959,1,bohr,hartree_per_elementary_charge
-2.4375,0.13,-0.65625,,-0.081074427724461703,1,bohr,hartree_per_elementary_charge
-2.4375,0.13,-0.5625,,-0.080438457151406434,1,bohr,hartree_per_elementary_charge
-2.4375,0.13,-0.46875,,-0.079786680629141529,1,bohr,hartree_per_elementary_charge
-2.4375,0.13,-0.375,,-0.077965404034457272,1,bohr,hartree_per_elementary_charge
-2.4375,0.13,-0.28125,,-0.076144127439772932,1,bohr,hartree_per_elementary_charge
-2.4375,0.13,-0.1875,,-0.074295862303857138,1,bohr,hartree_per_elementary_charge
-2.4375,0.13,-0.09375,,-0.071462574768415069,1,bohr,hartree_per_elementary_charge
-2.4375,0.13,0,,-0.068629287232973013,1,bohr,hartree_per_elementary_charge
-2.4375,0.13,0.09375,,-0.065769209623333422,1,bohr,hartree_per_elementary_charge
-2.4375,0.13,0.18749999999999911,,-0.062266196206767446,1,bohr,hartree_per_elementary_charge
-2.4375,0.13,0.28125,,-0.058763182790201381,1,bohr,hartree_per_elementary_charge
-2.4375,0.13,0.375,,-0.055244744088426979,1,bohr,hartree_per_elementary_charge
-2.4375,0.13,0.46874999999999911,,-0.051452514917686577,1,bohr,hartree_per_elementary_charge
-2.4375,0.13,0.5625,,-0.04766028574694612,1,bohr,hartree_per_elementary_charge
-2.4375,0.13,0.65625,,-0.043869417827924993,1,bohr,hartree_per_elementary_charge
-2.4375,0.13,0.74999999999999911,,-0.040097606965636585,1,bohr,hartree_per_elementary_charge
-2.4375,0.13,0.84375,,-0.036325796103348136,1,bohr,hartree_per_elementary_charge
-2.4375,0.13,0.9375,,-0.032572389134085181,1,bohr,hartree_per_elementary_charge
-2.4375,0.13,1.0312499999999991,,-0.029030622583432898,1,bohr,hartree_per_elementary_charge
-2.4375,0.13,1.125,,-0.025488856032780588,1,bohr,hartree_per_elementary_charge
-2.4375,0.13,1.21875,,-0.021981615547769055,1,bohr,hartree_per_elementary_charge
-2.4375,0.13,1.3124999999999991,,-0.018809765182126882,1,bohr,hartree_per_elementary_charge
-2.4375,0.13,1.40625,,-0.015637914816484598,1,bohr,hartree_per_elementary_charge
-2.4375,0.13,1.5,,-0.012516412306459956,1,bohr,hartree_per_elementary_charge
-2.4375,0.13,1.5937499999999991,,-0.0098165665039553537,1,bohr,hartree_per_elementary_charge
-2.4375,0.13,1.6875,,-0.0071167207014506666,1,bohr,hartree_per_elementary_charge
-2.4375,0.13,1.78125,,-0.0044815156284485859,1,bohr,hartree_per_elementary_charge
-2.4375,0.13,1.8749999999999991,,-0.002320335950621046,1,bohr,hartree_per_elementary_charge
-2.4375,0.13,1.96875,,-0.00015915627279346076,1,bohr,hartree_per_elementary_charge
-2.4375,0.13,2.0625,,0.0019280729155283169,1,bohr,hartree_per_elementary_charge
-2.4375,0.13,2.1562499999999991,,0.0035346300047498138,1,bohr,hartree_per_elementary_charge
-2.4375,0.13,2.25,,0.0051411870939712945,1,bohr,hartree_per_elementary_charge
-2.4375,0.13,2.34375,,0.006672382651065456,1,bohr,hartree_per_elementary_charge
-2.4375,0.13,2.4374999999999991,,0.007765116190538459,1,bohr,hartree_per_elementary_charge
-2.4375,0.13,2.53125,,0.0088578497300114516,1,bohr,hartree_per_elementary_charge
-2.4375,0.13,2.625,,0.0098817320302498502,1,bohr,hartree_per_elementary_charge
-2.4375,0.13,2.7187499999999991,,0.010544149188934083,1,bohr,hartree_per_elementary_charge
-2.4375,0.13,2.8125,,0.011206566347618305,1,bohr,hartree_per_elementary_charge
-2.4375,0.13,2.90625,,0.011811928474781764,1,bohr,hartree_per_elementary_charge
-2.4375,0.13,2.9999999999999991,,0.012145184694552454,1,bohr,hartree_per_elementary_charge
-2.4375,0.13,3.09375,,0.012478440914323137,1,bohr,hartree_per_elementary_charge
-2.4375,0.13,3.1875,,0.012768290965695785,1,bohr,hartree_per_elementary_charge
-2.4375,0.13,3.2812499999999991,,0.012869015898709979,1,bohr,hartree_per_elementary_charge
-2.4375,0.13,3.375,,0.012969740831724167,1,bohr,hartree_per_elementary_charge
-2.4375,0.13,3.46875,,0.013039898808733179,1,bohr,hartree_per_elementary_charge
-2.4375,0.13,3.5625,,0.012987790030581099,1,bohr,hartree_per_elementary_charge
-2.4375,0.13,3.65625,,0.01293568125242902,1,bohr,hartree_per_elementary_charge
-2.4375,0.13,3.75,,0.012863649556298125,1,bohr,hartree_per_elementary_charge
-2.4375,0.13,3.84375,,0.012718152706853895,1,bohr,hartree_per_elementary_charge
-2.4375,0.13,3.9375,,0.012572655857409666,1,bohr,hartree_per_elementary_charge
-2.4375,0.13,4.03125,,0.012415340992080203,1,bohr,hartree_per_elementary_charge
-2.4375,0.13,4.125,,0.012217706153145094,1,bohr,hartree_per_elementary_charge
-2.4375,0.13,4.21875,,0.012020071314209978,1,bohr,hartree_per_elementary_charge
-2.4375,0.13,4.3125,,0.011816434269011074,1,bohr,hartree_per_elementary_charge
-2.4375,0.13,4.40625,,0.01159379037908807,1,bohr,hartree_per_elementary_charge
-2.4375,0.13,4.5,,0.011371146489165058,1,bohr,hartree_per_elementary_charge
-2.34375,0.13,-4.5,,-0.021353848725620322,1,bohr,hartree_per_elementary_charge
-2.34375,0.13,-4.40625,,-0.022127662771217388,1,bohr,hartree_per_elementary_charge
-2.34375,0.13,-4.3125,,-0.02300113335371945,1,bohr,hartree_per_elementary_charge
-2.34375,0.13,-4.21875,,-0.023895499405806514,1,bohr,hartree_per_elementary_charge
-2.34375,0.13,-4.125,,-0.024789865457893578,1,bohr,hartree_per_elementary_charge
-2.34375,0.13,-4.03125,,-0.025802962729847938,1,bohr,hartree_per_elementary_charge
-2.34375,0.13,-3.9375,,-0.026838675179120128,1,bohr,hartree_per_elementary_charge
-2.34375,0.13,-3.84375,,-0.027874387628392304,1,bohr,hartree_per_elementary_charge
-2.34375,0.13,-3.75,,-0.029050768626427404,1,bohr,hartree_per_elementary_charge
-2.34375,0.13,-3.65625,,-0.030251326697211929,1,bohr,hartree_per_elementary_charge
-2.34375,0.13,-3.5625,,-0.031451884767996457,1,bohr,hartree_per_elementary_charge
-2.34375,0.13,-3.46875,,-0.032817402448927765,1,bohr,hartree_per_elementary_charge
-2.34375,0.13,-3.375,,-0.034208298154416797,1,bohr,hartree_per_elementary_charge
-2.34375,0.13,-3.28125,,-0.035599193859905835,1,bohr,hartree_per_elementary_charge
-2.34375,0.13,-3.1875,,-0.037180035608100279,1,bohr,hartree_per_elementary_charge
-2.34375,0.13,-3.09375,,-0.038786778671456912,1,bohr,hartree_per_elementary_charge
-2.34375,0.13,-3,,-0.040393521734813559,1,bohr,hartree_per_elementary_charge
-2.34375,0.13,-2.90625,,-0.042211911392456176,1,bohr,hartree_per_elementary_charge
-2.34375,0.13,-2.8125,,-0.04405557183672567,1,bohr,hartree_per_elementary_charge
-2.34375,0.13,-2.71875,,-0.045899232280995149,1,bohr,hartree_per_elementary_charge
-2.34375,0.13,-2.625,,-0.047964689184689741,1,bohr,hartree_per_elementary_charge
-2.34375,0.13,-2.53125,,-0.050052977623986958,1,bohr,hartree_per_elementary_charge
-2.34375,0.13,-2.4375,,-0.052141266063284182,1,bohr,hartree_per_elementary_charge
-2.34375,0.13,-2.34375,,-0.05443485559932492,1,bohr,hartree_per_elementary_charge
-2.34375,0.13,-2.25,,-0.056746297000607168,1,bohr,hartree_per_elementary_charge
-2.34375,0.13,-2.1562500000000004,,-0.059057738401889381,1,bohr,hartree_per_elementary_charge
-2.34375,0.13,-2.0625,,-0.061507723384320347,1,bohr,hartree_per_elementary_charge
-2.34375,0.13,-1.96875,,-0.063967604073931136,1,bohr,hartree_per_elementary_charge
-2.34375,0.13,-1.8750000000000004,,-0.066427484763541919,1,bohr,hartree_per_elementary_charge
-2.34375,0.13,-1.78125,,-0.06887930745485929,1,bohr,hartree_per_elementary_charge
-2.34375,0.13,-1.6875,,-0.071330676189190756,1,bohr,hartree_per_elementary_charge
-2.34375,0.13,-1.5937500000000004,,-0.073782044923522222,1,bohr,hartree_per_elementary_charge
-2.34375,0.13,-1.5,,-0.075974899103971164,1,bohr,hartree_per_elementary_charge
-2.34375,0.13,-1.40625,,-0.078156982301227362,1,bohr,hartree_per_elementary_charge
-2.34375,0.13,-1.3125000000000004,,-0.080339065498483575,1,bohr,hartree_per_elementary_charge
-2.34375,0.13,-1.21875,,-0.081912913825903086,1,bohr,hartree_per_elementary_charge
-2.34375,0.13,-1.125,,-0.083470099221073873,1,bohr,hartree_per_elementary_charge
-2.34375,0.13,-1.0312500000000004,,-0.08502728461624473,1,bohr,hartree_per_elementary_charge
-2.34375,0.13,-0.9375,,-0.085587938860863244,1,bohr,hartree_per_elementary_charge
-2.34375,0.13,-0.84375,,-0.086135128108367959,1,bohr,hartree_per_elementary_charge
-2.34375,0.13,-0.75000000000000044,,-0.086682315291207304,1,bohr,hartree_per_elementary_charge
-2.34375,0.13,-0.65625,,-0.085930529398493272,1,bohr,hartree_per_elementary_charge
-2.34375,0.13,-0.5625,,-0.085178743505779253,1,bohr,hartree_per_elementary_charge
-2.34375,0.13,-0.46875,,-0.084408892050766599,1,bohr,hartree_per_elementary_charge
-2.34375,0.13,-0.375,,-0.082302349193275753,1,bohr,hartree_per_elementary_charge
-2.34375,0.13,-0.28125,,-0.08019580633578488,1,bohr,hartree_per_elementary_charge
-2.34375,0.13,-0.1875,,-0.078059306575527496,1,bohr,hartree_per_elementary_charge
-2.34375,0.13,-0.09375,,-0.07482944574797952,1,bohr,hartree_per_elementary_charge
-2.34375,0.13,0,,-0.071599584920431544,1,bohr,hartree_per_elementary_charge
-2.34375,0.13,0.09375,,-0.068341942355136118,1,bohr,hartree_per_elementary_charge
-2.34375,0.13,0.18749999999999911,,-0.064417565019164916,1,bohr,hartree_per_elementary_charge
-2.34375,0.13,0.28125,,-0.060493187683193624,1,bohr,hartree_per_elementary_charge
-2.34375,0.13,0.375,,-0.056555667183932012,1,bohr,hartree_per_elementary_charge
-2.34375,0.13,0.46874999999999911,,-0.052384862645357216,1,bohr,hartree_per_elementary_charge
-2.34375,0.13,0.5625,,-0.048214058106782372,1,bohr,hartree_per_elementary_charge
-2.34375,0.13,0.65625,,-0.044049058034178225,1,bohr,hartree_per_elementary_charge
-2.34375,0.13,0.74999999999999911,,-0.039965318492404131,1,bohr,hartree_per_elementary_charge
-2.34375,0.13,0.84375,,-0.035881578950629982,1,bohr,hartree_per_elementary_charge
-2.34375,0.13,0.9375,,-0.031821058133915989,1,bohr,hartree_per_elementary_charge
-2.34375,0.13,1.0312499999999991,,-0.028027547165853536,1,bohr,hartree_per_elementary_charge
-2.34375,0.13,1.125,,-0.024234036197791037,1,bohr,hartree_per_elementary_charge
-2.34375,0.13,1.21875,,-0.020479918043664183,1,bohr,hartree_per_elementary_charge
-2.34375,0.13,1.3124999999999991,,-0.017108466154081552,1,bohr,hartree_per_elementary_charge
-2.34375,0.13,1.40625,,-0.013737014264498812,1,bohr,hartree_per_elementary_charge
-2.34375,0.13,1.5,,-0.010421980113523485,1,bohr,hartree_per_elementary_charge
-2.34375,0.13,1.5937499999999991,,-0.0075794371464347294,1,bohr,hartree_per_elementary_charge
-2.34375,0.13,1.6875,,-0.0047368941793458855,1,bohr,hartree_per_elementary_charge
-2.34375,0.13,1.78125,,-0.0019670834955813326,1,bohr,hartree_per_elementary_charge
-2.34375,0.13,1.8749999999999991,,0.00026936456047099868,1,bohr,hartree_per_elementary_charge
-2.34375,0.13,1.96875,,0.0025058126165233771,1,bohr,hartree_per_elementary_charge
-2.34375,0.13,2.0625,,0.0046590372572582932,1,bohr,hartree_per_elementary_charge
-2.34375,0.13,2.1562499999999991,,0.0062713165438478529,1,bohr,hartree_per_elementary_charge
-2.34375,0.13,2.25,,0.0078835958304373944,1,bohr,hartree_per_elementary_charge
-2.34375,0.13,2.34375,,0.0094120818551762103,1,bohr,hartree_per_elementary_charge
-2.34375,0.13,2.4374999999999991,,0.010453049093910814,1,bohr,hartree_per_elementary_charge
-2.34375,0.13,2.53125,,0.011494016332645405,1,bohr,hartree_per_elementary_charge
-2.34375,0.13,2.625,,0.012460296915309078,1,bohr,hartree_per_elementary_charge
-2.34375,0.13,2.7187499999999991,,0.013034476745553457,1,bohr,hartree_per_elementary_charge
-2.34375,0.13,2.8125,,0.01360865657579783,1,bohr,hartree_per_elementary_charge
-2.34375,0.13,2.90625,,0.014123128190186626,1,bohr,hartree_per_elementary_charge
-2.34375,0.13,2.9999999999999991,,0.014352840374580659,1,bohr,hartree_per_elementary_charge
-2.34375,0.13,3.09375,,0.014582552558974685,1,bohr,hartree_per_elementary_charge
-2.34375,0.13,3.1875,,0.01476892226131944,1,bohr,hartree_per_elementary_charge
-2.34375,0.13,3.2812499999999991,,0.014766444333245636,1,bohr,hartree_per_elementary_charge
-2.34375,0.13,3.375,,0.014763966405171835,1,bohr,hartree_per_elementary_charge
-2.34375,0.13,3.46875,,0.014732780902877636,1,bohr,hartree_per_elementary_charge
-2.34375,0.13,3.5625,,0.01458676610754295,1,bohr,hartree_per_elementary_charge
-2.34375,0.13,3.65625,,0.014440751312208268,1,bohr,hartree_per_elementary_charge
-2.34375,0.13,3.75,,0.014277581666116722,1,bohr,hartree_per_elementary_charge
-2.34375,0.13,3.84375,,0.014051154030293925,1,bohr,hartree_per_elementary_charge
-2.34375,0.13,3.9375,,0.013824726394471125,1,bohr,hartree_per_elementary_charge
-2.34375,0.13,4.03125,,0.013589515214204345,1,bohr,hartree_per_elementary_charge
-2.34375,0.13,4.125,,0.013324336881787417,1,bohr,hartree_per_elementary_charge
-2.34375,0.13,4.21875,,0.013059158549370486,1,bohr,hartree_per_elementary_charge
-2.34375,0.13,4.3125,,0.012790896670016887,1,bohr,hartree_per_elementary_charge
-2.34375,0.13,4.40625,,0.012512870298200201,1,bohr,hartree_per_elementary_charge
-2.34375,0.13,4.5,,0.012234843926383507,1,bohr,hartree_per_elementary_charge
-2.25,0.13,-4.5,,-0.021479712947197187,1,bohr,hartree_per_elementary_charge
-2.25,0.13,-4.40625,,-0.022270743332134572,1,bohr,hartree_per_elementary_charge
-2.25,0.13,-4.3125,,-0.023166665643596221,1,bohr,hartree_per_elementary_charge
-2.25,0.13,-4.21875,,-0.024084581154184281,1,bohr,hartree_per_elementary_charge
-2.25,0.13,-4.125,,-0.025002496664772344,1,bohr,hartree_per_elementary_charge
-2.25,0.13,-4.03125,,-0.026046382580965657,1,bohr,hartree_per_elementary_charge
-2.25,0.13,-3.9375,,-0.027114262549125627,1,bohr,hartree_per_elementary_charge
-2.25,0.13,-3.84375,,-0.028182142517285604,1,bohr,hartree_per_elementary_charge
-2.25,0.13,-3.75,,-0.029400689719991883,1,bohr,hartree_per_elementary_charge
-2.25,0.13,-3.65625,,-0.030645132495821056,1,bohr,hartree_per_elementary_charge
-2.25,0.13,-3.5625,,-0.031889575271650226,1,bohr,hartree_per_elementary_charge
-2.25,0.13,-3.46875,,-0.033312725192093898,1,bohr,hartree_per_elementary_charge
-2.25,0.13,-3.375,,-0.03476336811097902,1,bohr,hartree_per_elementary_charge
-2.25,0.13,-3.28125,,-0.036214011029864143,1,bohr,hartree_per_elementary_charge
-2.25,0.13,-3.1875,,-0.037873287422393057,1,bohr,hartree_per_elementary_charge
-2.25,0.13,-3.09375,,-0.039561013375003687,1,bohr,hartree_per_elementary_charge
-2.25,0.13,-3,,-0.041248739327614317,1,bohr,hartree_per_elementary_charge
-2.25,0.13,-2.90625,,-0.043172906579089058,1,bohr,hartree_per_elementary_charge
-2.25,0.13,-2.8125,,-0.04512530512638753,1,bohr,hartree_per_elementary_charge
-2.25,0.13,-2.71875,,-0.047077703673685987,1,bohr,hartree_per_elementary_charge
-2.25,0.13,-2.625,,-0.049283299180644606,1,bohr,hartree_per_elementary_charge
-2.25,0.13,-2.53125,,-0.051514958563527759,1,bohr,hartree_per_elementary_charge
-2.25,0.13,-2.4375,,-0.053746617946410911,1,bohr,hartree_per_elementary_charge
-2.25,0.13,-2.34375,,-0.056220081333956257,1,bohr,hartree_per_elementary_charge
-2.25,0.13,-2.25,,-0.058714570680809923,1,bohr,hartree_per_elementary_charge
-2.25,0.13,-2.1562500000000004,,-0.061209060027663575,1,bohr,hartree_per_elementary_charge
-2.25,0.13,-2.0625,,-0.063878112744188809,1,bohr,hartree_per_elementary_charge
-2.25,0.13,-1.96875,,-0.066559633941579585,1,bohr,hartree_per_elementary_charge
-2.25,0.13,-1.8750000000000004,,-0.069241155138970334,1,bohr,hartree_per_elementary_charge
-2.25,0.13,-1.78125,,-0.071938291043328065,1,bohr,hartree_per_elementary_charge
-2.25,0.13,-1.6875,,-0.074636306620906423,1,bohr,hartree_per_elementary_charge
-2.25,0.13,-1.5937500000000004,,-0.077334322198484795,1,bohr,hartree_per_elementary_charge
-2.25,0.13,-1.5,,-0.079766554948156251,1,bohr,hartree_per_elementary_charge
-2.25,0.13,-1.40625,,-0.082187713882720143,1,bohr,hartree_per_elementary_charge
-2.25,0.13,-1.3125000000000004,,-0.084608872817284075,1,bohr,hartree_per_elementary_charge
-2.25,0.13,-1.21875,,-0.086362702375405442,1,bohr,hartree_per_elementary_charge
-2.25,0.13,-1.125,,-0.088098250074431492,1,bohr,hartree_per_elementary_charge
-2.25,0.13,-1.0312500000000004,,-0.089833797773457555,1,bohr,hartree_per_elementary_charge
-2.25,0.13,-0.9375,,-0.090450686834158592,1,bohr,hartree_per_elementary_charge
-2.25,0.13,-0.84375,,-0.091052460727282528,1,bohr,hartree_per_elementary_charge
-2.25,0.13,-0.75000000000000044,,-0.091654232284897649,1,bohr,hartree_per_elementary_charge
-2.25,0.13,-0.65625,,-0.090786631072524826,1,bohr,hartree_per_elementary_charge
-2.25,0.13,-0.5625,,-0.089919029860152017,1,bohr,hartree_per_elementary_charge
-2.25,0.13,-0.46875,,-0.089031103472391612,1,bohr,hartree_per_elementary_charge
-2.25,0.13,-0.375,,-0.086639294352094234,1,bohr,hartree_per_elementary_charge
-2.25,0.13,-0.28125,,-0.084247485231796815,1,bohr,hartree_per_elementary_charge
-2.25,0.13,-0.1875,,-0.081822750847197812,1,bohr,hartree_per_elementary_charge
-2.25,0.13,-0.09375,,-0.078196316727543944,1,bohr,hartree_per_elementary_charge
-2.25,0.13,0,,-0.074569882607890076,1,bohr,hartree_per_elementary_charge
-2.25,0.13,0.09375,,-0.070914675086938814,1,bohr,hartree_per_elementary_charge
-2.25,0.13,0.18749999999999911,,-0.066568933831562399,1,bohr,hartree_per_elementary_charge
-2.25,0.13,0.28125,,-0.06222319257618586,1,bohr,hartree_per_elementary_charge
-2.25,0.13,0.375,,-0.057866590279437032,1,bohr,hartree_per_elementary_charge
-2.25,0.13,0.46874999999999911,,-0.053317210373027848,1,bohr,hartree_per_elementary_charge
-2.25,0.13,0.5625,,-0.048767830466618631,1,bohr,hartree_per_elementary_charge
-2.25,0.13,0.65625,,-0.044228698240431449,1,bohr,hartree_per_elementary_charge
-2.25,0.13,0.74999999999999911,,-0.03983303001917167,1,bohr,hartree_per_elementary_charge
-2.25,0.13,0.84375,,-0.035437361797911834,1,bohr,hartree_per_elementary_charge
-2.25,0.13,0.9375,,-0.031069727133746804,1,bohr,hartree_per_elementary_charge
-2.25,0.13,1.0312499999999991,,-0.027024471748274173,1,bohr,hartree_per_elementary_charge
-2.25,0.13,1.125,,-0.022979216362801494,1,bohr,hartree_per_elementary_charge
-2.25,0.13,1.21875,,-0.018978220539559314,1,bohr,hartree_per_elementary_charge
-2.25,0.13,1.3124999999999991,,-0.015407167126036229,1,bohr,hartree_per_elementary_charge
-2.25,0.13,1.40625,,-0.011836113712513033,1,bohr,hartree_per_elementary_charge
-2.25,0.13,1.5,,-0.0083275479205870209,1,bohr,hartree_per_elementary_charge
-2.25,0.13,1.5937499999999991,,-0.0053423077889141173,1,bohr,hartree_per_elementary_charge
-2.25,0.13,1.6875,,-0.0023570676572411174,1,bohr,hartree_per_elementary_charge
-2.25,0.13,1.78125,,0.00054734863728590701,1,bohr,hartree_per_elementary_charge
-2.25,0.13,1.8749999999999991,,0.002859065071563029,1,bohr,hartree_per_elementary_charge
-2.25,0.13,1.96875,,0.0051707815058402006,1,bohr,hartree_per_elementary_charge
-2.25,0.13,2.0625,,0.0073900015989882533,1,bohr,hartree_per_elementary_charge
-2.25,0.13,2.1562499999999991,,0.0090080030829458764,1,bohr,hartree_per_elementary_charge
-2.25,0.13,2.25,,0.010626004566903482,1,bohr,hartree_per_elementary_charge
-2.25,0.13,2.34375,,0.012151781059286949,1,bohr,hartree_per_elementary_charge
-2.25,0.13,2.4374999999999991,,0.013140981997283155,1,bohr,hartree_per_elementary_charge
-2.25,0.13,2.53125,,0.014130182935279349,1,bohr,hartree_per_elementary_charge
-2.25,0.13,2.625,,0.015038861800368288,1,bohr,hartree_per_elementary_charge
-2.25,0.13,2.7187499999999991,,0.015524804302172819,1,bohr,hartree_per_elementary_charge
-2.25,0.13,2.8125,,0.016010746803977342,1,bohr,hartree_per_elementary_charge
-2.25,0.13,2.90625,,0.016434327905591475,1,bohr,hartree_per_elementary_charge
-2.25,0.13,2.9999999999999991,,0.01656049605460885,1,bohr,hartree_per_elementary_charge
-2.25,0.13,3.09375,,0.016686664203626224,1,bohr,hartree_per_elementary_charge
-2.25,0.13,3.1875,,0.016769553556943085,1,bohr,hartree_per_elementary_charge
-2.25,0.13,3.2812499999999991,,0.016663872767781286,1,bohr,hartree_per_elementary_charge
-2.25,0.13,3.375,,0.016558191978619491,1,bohr,hartree_per_elementary_charge
-2.25,0.13,3.46875,,0.016425662997022084,1,bohr,hartree_per_elementary_charge
-2.25,0.13,3.5625,,0.016185742184504796,1,bohr,hartree_per_elementary_charge
-2.25,0.13,3.65625,,0.015945821371987509,1,bohr,hartree_per_elementary_charge
-2.25,0.13,3.75,,0.015691513775935317,1,bohr,hartree_per_elementary_charge
-2.25,0.13,3.84375,,0.015384155353733952,1,bohr,hartree_per_elementary_charge
-2.25,0.13,3.9375,,0.01507679693153258,1,bohr,hartree_per_elementary_charge
-2.25,0.13,4.03125,,0.014763689436328477,1,bohr,hartree_per_elementary_charge
-2.25,0.13,4.125,,0.014430967610429736,1,bohr,hartree_per_elementary_charge
-2.25,0.13,4.21875,,0.014098245784530986,1,bohr,hartree_per_elementary_charge
-2.25,0.13,4.3125,,0.013765359071022699,1,bohr,hartree_per_elementary_charge
-2.25,0.13,4.40625,,0.013431950217312328,1,bohr,hartree_per_elementary_charge
-2.25,0.13,4.5,,0.013098541363601949,1,bohr,hartree_per_elementary_charge
-2.1562500000000004,0.13,-4.5,,-0.021565214542338607,1,bohr,hartree_per_elementary_charge
-2.1562500000000004,0.13,-4.40625,,-0.02237148771153985,1,bohr,hartree_per_elementary_charge
-2.1562500000000004,0.13,-4.3125,,-0.023287734522743856,1,bohr,hartree_per_elementary_charge
-2.1562500000000004,0.13,-4.21875,,-0.024227040041013021,1,bohr,hartree_per_elementary_charge
-2.1562500000000004,0.13,-4.125,,-0.025166345559282183,1,bohr,hartree_per_elementary_charge
-2.1562500000000004,0.13,-4.03125,,-0.026238800308051445,1,bohr,hartree_per_elementary_charge
-2.1562500000000004,0.13,-3.9375,,-0.027336616486281776,1,bohr,hartree_per_elementary_charge
-2.1562500000000004,0.13,-3.84375,,-0.028434432664512108,1,bohr,hartree_per_elementary_charge
-2.1562500000000004,0.13,-3.75,,-0.029693064738049859,1,bohr,hartree_per_elementary_charge
-2.1562500000000004,0.13,-3.65625,,-0.030979336661677088,1,bohr,hartree_per_elementary_charge
-2.1562500000000004,0.13,-3.5625,,-0.032265608585304306,1,bohr,hartree_per_elementary_charge
-2.1562500000000004,0.13,-3.46875,,-0.033744900465051159,1,bohr,hartree_per_elementary_charge
-2.1562500000000004,0.13,-3.375,,-0.03525388728152936,1,bohr,hartree_per_elementary_charge
-2.1562500000000004,0.13,-3.28125,,-0.036762874098007554,1,bohr,hartree_per_elementary_charge
-2.1562500000000004,0.13,-3.1875,,-0.038500488360142832,1,bohr,hartree_per_elementary_charge
-2.1562500000000004,0.13,-3.09375,,-0.040269278589096638,1,bohr,hartree_per_elementary_charge
-2.1562500000000004,0.13,-3,,-0.042038068818050424,1,bohr,hartree_per_elementary_charge
-2.1562500000000004,0.13,-2.90625,,-0.044070583418229621,1,bohr,hartree_per_elementary_charge
-2.1562500000000004,0.13,-2.8125,,-0.046134586936697447,1,bohr,hartree_per_elementary_charge
-2.1562500000000004,0.13,-2.71875,,-0.048198590455165259,1,bohr,hartree_per_elementary_charge
-2.1562500000000004,0.13,-2.625,,-0.05055128352880163,1,bohr,hartree_per_elementary_charge
-2.1562500000000004,0.13,-2.53125,,-0.052933694055430781,1,bohr,hartree_per_elementary_charge
-2.1562500000000004,0.13,-2.4375,,-0.055316104582059947,1,bohr,hartree_per_elementary_charge
-2.1562500000000004,0.13,-2.34375,,-0.057982525316498598,1,bohr,hartree_per_elementary_charge
-2.1562500000000004,0.13,-2.25,,-0.060673642031803622,1,bohr,hartree_per_elementary_charge
-2.1562500000000004,0.13,-2.1562500000000004,,-0.063364758747108632,1,bohr,hartree_per_elementary_charge
-2.1562500000000004,0.13,-2.0625,,-0.066272567443999092,1,bohr,hartree_per_elementary_charge
-2.1562500000000004,0.13,-1.96875,,-0.069195853728376527,1,bohr,hartree_per_elementary_charge
-2.1562500000000004,0.13,-1.8750000000000004,,-0.072119140012753935,1,bohr,hartree_per_elementary_charge
-2.1562500000000004,0.13,-1.78125,,-0.075084576536393055,1,bohr,hartree_per_elementary_charge
-2.1562500000000004,0.13,-1.6875,,-0.078052387644249405,1,bohr,hartree_per_elementary_charge
-2.1562500000000004,0.13,-1.5937500000000004,,-0.081020198752105768,1,bohr,hartree_per_elementary_charge
-2.1562500000000004,0.13,-1.5,,-0.083707279561103728,1,bohr,hartree_per_elementary_charge
-2.1562500000000004,0.13,-1.40625,,-0.086382663770102591,1,bohr,hartree_per_elementary_charge
-2.1562500000000004,0.13,-1.3125000000000004,,-0.089058047979101496,1,bohr,hartree_per_elementary_charge
-2.1562500000000004,0.13,-1.21875,,-0.090978725588343509,1,bohr,hartree_per_elementary_charge
-2.1562500000000004,0.13,-1.125,,-0.092878727590902946,1,bohr,hartree_per_elementary_charge
-2.1562500000000004,0.13,-1.0312500000000004,,-0.094778729593462369,1,bohr,hartree_per_elementary_charge
-2.1562500000000004,0.13,-0.9375,,-0.095383372047896375,1,bohr,hartree_per_elementary_charge
-2.1562500000000004,0.13,-0.84375,,-0.095970511775428993,1,bohr,hartree_per_elementary_charge
-2.1562500000000004,0.13,-0.75000000000000044,,-0.096557648788645686,1,bohr,hartree_per_elementary_charge
-2.1562500000000004,0.13,-0.65625,,-0.095437088591663125,1,bohr,hartree_per_elementary_charge
-2.1562500000000004,0.13,-0.5625,,-0.094316528394680577,1,bohr,hartree_per_elementary_charge
-2.1562500000000004,0.13,-0.46875,,-0.093172816825988367,1,bohr,hartree_per_elementary_charge
-2.1562500000000004,0.13,-0.375,,-0.090316109059979943,1,bohr,hartree_per_elementary_charge
-2.1562500000000004,0.13,-0.28125,,-0.087459401293971464,1,bohr,hartree_per_elementary_charge
-2.1562500000000004,0.13,-0.1875,,-0.084567343623663069,1,bohr,hartree_per_elementary_charge
-2.1562500000000004,0.13,-0.09375,,-0.080385092190827553,1,bohr,hartree_per_elementary_charge
-2.1562500000000004,0.13,0,,-0.076202840757992024,1,bohr,hartree_per_elementary_charge
-2.1562500000000004,0.13,0.09375,,-0.071993971347085434,1,bohr,hartree_per_elementary_charge
-2.1562500000000004,0.13,0.18749999999999911,,-0.067146296269434774,1,bohr,hartree_per_elementary_charge
-2.1562500000000004,0.13,0.28125,,-0.062298621191783983,1,bohr,hartree_per_elementary_charge
-2.1562500000000004,0.13,0.375,,-0.057446999965974722,1,bohr,hartree_per_elementary_charge
-2.1562500000000004,0.13,0.46874999999999911,,-0.052525336744808707,1,bohr,hartree_per_elementary_charge
-2.1562500000000004,0.13,0.5625,,-0.047603673523642642,1,bohr,hartree_per_elementary_charge
-2.1562500000000004,0.13,0.65625,,-0.042699788842554036,1,bohr,hartree_per_elementary_charge
-2.1562500000000004,0.13,0.74999999999999911,,-0.038044797618912191,1,bohr,hartree_per_elementary_charge
-2.1562500000000004,0.13,0.84375,,-0.033389806395270318,1,bohr,hartree_per_elementary_charge
-2.1562500000000004,0.13,0.9375,,-0.028767569489960856,1,bohr,hartree_per_elementary_charge
-2.1562500000000004,0.13,1.0312499999999991,,-0.024521999501459821,1,bohr,hartree_per_elementary_charge
-2.1562500000000004,0.13,1.125,,-0.02027642951295874,1,bohr,hartree_per_elementary_charge
-2.1562500000000004,0.13,1.21875,,-0.016078118302634677,1,bohr,hartree_per_elementary_charge
-2.1562500000000004,0.13,1.3124999999999991,,-0.012338884226060689,1,bohr,hartree_per_elementary_charge
-2.1562500000000004,0.13,1.40625,,-0.0085996501494865797,1,bohr,hartree_per_elementary_charge
-2.1562500000000004,0.13,1.5,,-0.0049281020892892428,1,bohr,hartree_per_elementary_charge
-2.1562500000000004,0.13,1.5937499999999991,,-0.0018234155659034191,1,bohr,hartree_per_elementary_charge
-2.1562500000000004,0.13,1.6875,,0.0012812709574825051,1,bohr,hartree_per_elementary_charge
-2.1562500000000004,0.13,1.78125,,0.0042955987486222643,1,bohr,hartree_per_elementary_charge
-2.1562500000000004,0.13,1.8749999999999991,,0.0066473050921074528,1,bohr,hartree_per_elementary_charge
-2.1562500000000004,0.13,1.96875,,0.0089990114355926916,1,bohr,hartree_per_elementary_charge
-2.1562500000000004,0.13,2.0625,,0.01124630761161825,1,bohr,hartree_per_elementary_charge
-2.1562500000000004,0.13,2.1562499999999991,,0.012814946287258704,1,bohr,hartree_per_elementary_charge
-2.1562500000000004,0.13,2.25,,0.014383584962899145,1,bohr,hartree_per_elementary_charge
-2.1562500000000004,0.13,2.34375,,0.015849780930513688,1,bohr,hartree_per_elementary_charge
-2.1562500000000004,0.13,2.4374999999999991,,0.016719953500199915,1,bohr,hartree_per_elementary_charge
-2.1562500000000004,0.13,2.53125,,0.017590126069886136,1,bohr,hartree_per_elementary_charge
-2.1562500000000004,0.13,2.625,,0.018374085188022138,1,bohr,hartree_per_elementary_charge
-2.1562500000000004,0.13,2.7187499999999991,,0.018705428524439374,1,bohr,hartree_per_elementary_charge
-2.1562500000000004,0.13,2.8125,,0.019036771860856602,1,bohr,hartree_per_elementary_charge
-2.1562500000000004,0.13,2.90625,,0.019304868833292722,1,bohr,hartree_per_elementary_charge
-2.1562500000000004,0.13,2.9999999999999991,,0.019271332298540077,1,bohr,hartree_per_elementary_charge
-2.1562500000000004,0.13,3.09375,,0.019237795763787435,1,bohr,hartree_per_elementary_charge
-2.1562500000000004,0.13,3.1875,,0.019163534741125955,1,bohr,hartree_per_elementary_charge
-2.1562500000000004,0.13,3.2812499999999991,,0.018911832956469136,1,bohr,hartree_per_elementary_charge
-2.1562500000000004,0.13,3.375,,0.018660131171812311,1,bohr,hartree_per_elementary_charge
-2.1562500000000004,0.13,3.46875,,0.018385902973254983,1,bohr,hartree_per_elementary_charge
-2.1562500000000004,0.13,3.5625,,0.018021569906795012,1,bohr,hartree_per_elementary_charge
-2.1562500000000004,0.13,3.65625,,0.017657236840335058,1,bohr,hartree_per_elementary_charge
-2.1562500000000004,0.13,3.75,,0.017283346996745989,1,bohr,hartree_per_elementary_charge
-2.1562500000000004,0.13,3.84375,,0.016874216828535866,1,bohr,hartree_per_elementary_charge
-2.1562500000000004,0.13,3.9375,,0.016465086660325728,1,bohr,hartree_per_elementary_charge
-2.1562500000000004,0.13,4.03125,,0.016054817158669646,1,bohr,hartree_per_elementary_charge
-2.1562500000000004,0.13,4.125,,0.015640660549827795,1,bohr,hartree_per_elementary_charge
-2.1562500000000004,0.13,4.21875,,0.015226503940985934,1,bohr,hartree_per_elementary_charge
-2.1562500000000004,0.13,4.3125,,0.014816242200920005,1,bohr,hartree_per_elementary_charge
-2.1562500000000004,0.13,4.40625,,0.014418314119977255,1,bohr,hartree_per_elementary_charge
-2.1562500000000004,0.13,4.5,,0.014020386039034502,1,bohr,hartree_per_elementary_charge
-2.0625,0.13,-4.5,,-0.02162067896211774,1,bohr,hartree_per_elementary_charge
-2.0625,0.13,-4.40625,,-0.022440726229693089,1,bohr,hartree_per_elementary_charge
-2.0625,0.13,-4.3125,,-0.023375714493085887,1,bohr,hartree_per_elementary_charge
-2.0625,0.13,-4.21875,,-0.024334802992717716,1,bohr,hartree_per_elementary_charge
-2.0625,0.13,-4.125,,-0.025293891492349539,1,bohr,hartree_per_elementary_charge
-2.0625,0.13,-4.03125,,-0.026393263127870572,1,bohr,hartree_per_elementary_charge
-2.0625,0.13,-3.9375,,-0.027519355014361646,1,bohr,hartree_per_elementary_charge
-2.0625,0.13,-3.84375,,-0.028645446900852727,1,bohr,hartree_per_elementary_charge
-2.0625,0.13,-3.75,,-0.029942614952222349,1,bohr,hartree_per_elementary_charge
-2.0625,0.13,-3.65625,,-0.031269186313147207,1,bohr,hartree_per_elementary_charge
-2.0625,0.13,-3.5625,,-0.032595757674072058,1,bohr,hartree_per_elementary_charge
-2.0625,0.13,-3.46875,,-0.034130082472112244,1,bohr,hartree_per_elementary_charge
-2.0625,0.13,-3.375,,-0.035696368862595432,1,bohr,hartree_per_elementary_charge
-2.0625,0.13,-3.28125,,-0.037262655253078605,1,bohr,hartree_per_elementary_charge
-2.0625,0.13,-3.1875,,-0.039078535366724912,1,bohr,hartree_per_elementary_charge
-2.0625,0.13,-3.09375,,-0.040928450438899852,1,bohr,hartree_per_elementary_charge
-2.0625,0.13,-3,,-0.042778365511074792,1,bohr,hartree_per_elementary_charge
-2.0625,0.13,-2.90625,,-0.044921139827526026,1,bohr,hartree_per_elementary_charge
-2.0625,0.13,-2.8125,,-0.047098881791336672,1,bohr,hartree_per_elementary_charge
-2.0625,0.13,-2.71875,,-0.049276623755147311,1,bohr,hartree_per_elementary_charge
-2.0625,0.13,-2.625,,-0.051781593136858026,1,bohr,hartree_per_elementary_charge
-2.0625,0.13,-2.53125,,-0.05432024702580257,1,bohr,hartree_per_elementary_charge
-2.0625,0.13,-2.4375,,-0.056858900914747094,1,bohr,hartree_per_elementary_charge
-2.0625,0.13,-2.34375,,-0.059728015509285678,1,bohr,hartree_per_elementary_charge
-2.0625,0.13,-2.25,,-0.062625865166994629,1,bohr,hartree_per_elementary_charge
-2.0625,0.13,-2.1562500000000004,,-0.06552371482470358,1,bohr,hartree_per_elementary_charge
-2.0625,0.13,-2.0625,,-0.068684931157662679,1,bohr,hartree_per_elementary_charge
-2.0625,0.13,-1.96875,,-0.071864958896228501,1,bohr,hartree_per_elementary_charge
-2.0625,0.13,-1.8750000000000004,,-0.075044986634794308,1,bohr,hartree_per_elementary_charge
-2.0625,0.13,-1.78125,,-0.07829583061176805,1,bohr,hartree_per_elementary_charge
-2.0625,0.13,-1.6875,,-0.081550664106357668,1,bohr,hartree_per_elementary_charge
-2.0625,0.13,-1.5937500000000004,,-0.084805497600947327,1,bohr,hartree_per_elementary_charge
-2.0625,0.13,-1.5,,-0.08775893859888409,1,bohr,hartree_per_elementary_charge
-2.0625,0.13,-1.40625,,-0.09069982210840434,1,bohr,hartree_per_elementary_charge
-2.0625,0.13,-1.3125000000000004,,-0.093640705617924633,1,bohr,hartree_per_elementary_charge
-2.0625,0.13,-1.21875,,-0.095718457790955447,1,bohr,hartree_per_elementary_charge
-2.0625,0.13,-1.125,,-0.09777256400139045,1,bohr,hartree_per_elementary_charge
-2.0625,0.13,-1.0312500000000004,,-0.09982667021182548,1,bohr,hartree_per_elementary_charge
-2.0625,0.13,-0.9375,,-0.10036810335825994,1,bohr,hartree_per_elementary_charge
-2.0625,0.13,-0.84375,,-0.10088909746630645,1,bohr,hartree_per_elementary_charge
-2.0625,0.13,-0.75000000000000044,,-0.10141008840088524,1,bohr,hartree_per_elementary_charge
-2.0625,0.13,-0.65625,,-0.099934509252493045,1,bohr,hartree_per_elementary_charge
-2.0625,0.13,-0.5625,,-0.098458930104100811,1,bohr,hartree_per_elementary_charge
-2.0625,0.13,-0.46875,,-0.096956951746137804,1,bohr,hartree_per_elementary_charge
-2.0625,0.13,-0.375,,-0.093501665991358729,1,bohr,hartree_per_elementary_charge
-2.0625,0.13,-0.28125,,-0.09004638023657964,1,bohr,hartree_per_elementary_charge
-2.0625,0.13,-0.1875,,-0.086553724565758328,1,bohr,hartree_per_elementary_charge
-2.0625,0.13,-0.09375,,-0.081697149146393228,1,bohr,hartree_per_elementary_charge
-2.0625,0.13,0,,-0.076840573727028169,1,bohr,hartree_per_elementary_charge
-2.0625,0.13,0.09375,,-0.071961877760901696,1,bohr,hartree_per_elementary_charge
-2.0625,0.13,0.18749999999999911,,-0.066552310119063096,1,bohr,hartree_per_elementary_charge
-2.0625,0.13,0.28125,,-0.06114274247722442,1,bohr,hartree_per_elementary_charge
-2.0625,0.13,0.375,,-0.055739591209500818,1,bohr,hartree_per_elementary_charge
-2.0625,0.13,0.46874999999999911,,-0.050450327111723585,1,bohr,hartree_per_elementary_charge
-2.0625,0.13,0.5625,,-0.04516106301394629,1,bohr,hartree_per_elementary_charge
-2.0625,0.13,0.65625,,-0.039899406089082871,1,bohr,hartree_per_elementary_charge
-2.0625,0.13,0.74999999999999911,,-0.035024240107059929,1,bohr,hartree_per_elementary_charge
-2.0625,0.13,0.84375,,-0.030149074125036947,1,bohr,hartree_per_elementary_charge
-2.0625,0.13,0.9375,,-0.025311313216707893,1,bohr,hartree_per_elementary_charge
-2.0625,0.13,1.0312499999999991,,-0.020903701812279053,1,bohr,hartree_per_elementary_charge
-2.0625,0.13,1.125,,-0.016496090407850168,1,bohr,hartree_per_elementary_charge
-2.0625,0.13,1.21875,,-0.012137347211953666,1,bohr,hartree_per_elementary_charge
-2.0625,0.13,1.3124999999999991,,-0.0082533153389041884,1,bohr,hartree_per_elementary_charge
-2.0625,0.13,1.40625,,-0.0043692834658545857,1,bohr,hartree_per_elementary_charge
-2.0625,0.13,1.5,,-0.00055748745736000855,1,bohr,hartree_per_elementary_charge
-2.0625,0.13,1.5937499999999991,,0.0026493426307495436,1,bohr,hartree_per_elementary_charge
-2.0625,0.13,1.6875,,0.0058561727188591976,1,bohr,hartree_per_elementary_charge
-2.0625,0.13,1.78125,,0.0089620350697610044,1,bohr,hartree_per_elementary_charge
-2.0625,0.13,1.8749999999999991,,0.011327477689974139,1,bohr,hartree_per_elementary_charge
-2.0625,0.13,1.96875,,0.013692920310187325,1,bohr,hartree_per_elementary_charge
-2.0625,0.13,2.0625,,0.015940073623670881,1,bohr,hartree_per_elementary_charge
-2.0625,0.13,2.1562499999999991,,0.017418356173122592,1,bohr,hartree_per_elementary_charge
-2.0625,0.13,2.25,,0.018896638722574282,1,bohr,hartree_per_elementary_charge
-2.0625,0.13,2.34375,,0.020260931746811022,1,bohr,hartree_per_elementary_charge
-2.0625,0.13,2.4374999999999991,,0.020962020669398385,1,bohr,hartree_per_elementary_charge
-2.0625,0.13,2.53125,,0.021663109591985738,1,bohr,hartree_per_elementary_charge
-2.0625,0.13,2.625,,0.022272400875136697,1,bohr,hartree_per_elementary_charge
-2.0625,0.13,2.7187499999999991,,0.022399759703591302,1,bohr,hartree_per_elementary_charge
-2.0625,0.13,2.8125,,0.022527118532045899,1,bohr,hartree_per_elementary_charge
-2.0625,0.13,2.90625,,0.022591661912175903,1,bohr,hartree_per_elementary_charge
-2.0625,0.13,2.9999999999999991,,0.022356626900899207,1,bohr,hartree_per_elementary_charge
-2.0625,0.13,3.09375,,0.022121591889622507,1,bohr,hartree_per_elementary_charge
-2.0625,0.13,3.1875,,0.02185024017605328,1,bohr,hartree_per_elementary_charge
-2.0625,0.13,3.2812499999999991,,0.021420652873558529,1,bohr,hartree_per_elementary_charge
-2.0625,0.13,3.375,,0.020991065571063786,1,bohr,hartree_per_elementary_charge
-2.0625,0.13,3.46875,,0.020545106106695393,1,bohr,hartree_per_elementary_charge
-2.0625,0.13,3.5625,,0.020033658567331074,1,bohr,hartree_per_elementary_charge
-2.0625,0.13,3.65625,,0.019522211027966762,1,bohr,hartree_per_elementary_charge
-2.0625,0.13,3.75,,0.019007571177707967,1,bohr,hartree_per_elementary_charge
-2.0625,0.13,3.84375,,0.018481159778244563,1,bohr,hartree_per_elementary_charge
-2.0625,0.13,3.9375,,0.017954748378781141,1,bohr,hartree_per_elementary_charge
-2.0625,0.13,4.03125,,0.017432979672982858,1,bohr,hartree_per_elementary_charge
-2.0625,0.13,4.125,,0.016927050621476356,1,bohr,hartree_per_elementary_charge
-2.0625,0.13,4.21875,,0.016421121569969842,1,bohr,hartree_per_elementary_charge
-2.0625,0.13,4.3125,,0.01592399632851366,1,bohr,hartree_per_elementary_charge
-2.0625,0.13,4.40625,,0.015454749610928995,1,bohr,hartree_per_elementary_charge
-2.0625,0.13,4.5,,0.01498550289334432,1,bohr,hartree_per_elementary_charge
-1.96875,0.13,-4.5,,-0.02167614338189687,1,bohr,hartree_per_elementary_charge
-1.96875,0.13,-4.40625,,-0.022509964747846327,1,bohr,hartree_per_elementary_charge
-1.96875,0.13,-4.3125,,-0.023463694463427921,1,bohr,hartree_per_elementary_charge
-1.96875,0.13,-4.21875,,-0.024442565944422408,1,bohr,hartree_per_elementary_charge
-1.96875,0.13,-4.125,,-0.025421437425416901,1,bohr,hartree_per_elementary_charge
-1.96875,0.13,-4.03125,,-0.026547725947689692,1,bohr,hartree_per_elementary_charge
-1.96875,0.13,-3.9375,,-0.027702093542441523,1,bohr,hartree_per_elementary_charge
-1.96875,0.13,-3.84375,,-0.028856461137193347,1,bohr,hartree_per_elementary_charge
-1.96875,0.13,-3.75,,-0.030192165166394842,1,bohr,hartree_per_elementary_charge
-1.96875,0.13,-3.65625,,-0.031559035964617337,1,bohr,hartree_per_elementary_charge
-1.96875,0.13,-3.5625,,-0.03292590676283981,1,bohr,hartree_per_elementary_charge
-1.96875,0.13,-3.46875,,-0.034515264479173344,1,bohr,hartree_per_elementary_charge
-1.96875,0.13,-3.375,,-0.036138850443661504,1,bohr,hartree_per_elementary_charge
-1.96875,0.13,-3.28125,,-0.037762436408149656,1,bohr,hartree_per_elementary_charge
-1.96875,0.13,-3.1875,,-0.039656582373306999,1,bohr,hartree_per_elementary_charge
-1.96875,0.13,-3.09375,,-0.041587622288703066,1,bohr,hartree_per_elementary_charge
-1.96875,0.13,-3,,-0.04351866220409914,1,bohr,hartree_per_elementary_charge
-1.96875,0.13,-2.90625,,-0.045771696236822437,1,bohr,hartree_per_elementary_charge
-1.96875,0.13,-2.8125,,-0.048063176645975904,1,bohr,hartree_per_elementary_charge
-1.96875,0.13,-2.71875,,-0.05035465705512935,1,bohr,hartree_per_elementary_charge
-1.96875,0.13,-2.625,,-0.053011902744914428,1,bohr,hartree_per_elementary_charge
-1.96875,0.13,-2.53125,,-0.055706799996174339,1,bohr,hartree_per_elementary_charge
-1.96875,0.13,-2.4375,,-0.058401697247434242,1,bohr,hartree_per_elementary_charge
-1.96875,0.13,-2.34375,,-0.061473505702072752,1,bohr,hartree_per_elementary_charge
-1.96875,0.13,-2.25,,-0.064578088302185643,1,bohr,hartree_per_elementary_charge
-1.96875,0.13,-2.1562500000000004,,-0.067682670902298514,1,bohr,hartree_per_elementary_charge
-1.96875,0.13,-2.0625,,-0.071097294871326211,1,bohr,hartree_per_elementary_charge
-1.96875,0.13,-1.96875,,-0.07453406406408046,1,bohr,hartree_per_elementary_charge
-1.96875,0.13,-1.8750000000000004,,-0.077970833256834668,1,bohr,hartree_per_elementary_charge
-1.96875,0.13,-1.78125,,-0.081507084687143017,1,bohr,hartree_per_elementary_charge
-1.96875,0.13,-1.6875,,-0.085048940568465931,1,bohr,hartree_per_elementary_charge
-1.96875,0.13,-1.5937500000000004,,-0.088590796449788844,1,bohr,hartree_per_elementary_charge
-1.96875,0.13,-1.5,,-0.091810597636664396,1,bohr,hartree_per_elementary_charge
-1.96875,0.13,-1.40625,,-0.095016980446706062,1,bohr,hartree_per_elementary_charge
-1.96875,0.13,-1.3125000000000004,,-0.098223363256747742,1,bohr,hartree_per_elementary_charge
-1.96875,0.13,-1.21875,,-0.10045818999356738,1,bohr,hartree_per_elementary_charge
-1.96875,0.13,-1.125,,-0.10266640041187797,1,bohr,hartree_per_elementary_charge
-1.96875,0.13,-1.0312500000000004,,-0.10487461083018856,1,bohr,hartree_per_elementary_charge
-1.96875,0.13,-0.9375,,-0.10535283466862345,1,bohr,hartree_per_elementary_charge
-1.96875,0.13,-0.84375,,-0.10580768315718389,1,bohr,hartree_per_elementary_charge
-1.96875,0.13,-0.75000000000000044,,-0.10626252801312479,1,bohr,hartree_per_elementary_charge
-1.96875,0.13,-0.65625,,-0.1044319299133229,1,bohr,hartree_per_elementary_charge
-1.96875,0.13,-0.5625,,-0.10260133181352102,1,bohr,hartree_per_elementary_charge
-1.96875,0.13,-0.46875,,-0.10074108666628719,1,bohr,hartree_per_elementary_charge
-1.96875,0.13,-0.375,,-0.096687222922737501,1,bohr,hartree_per_elementary_charge
-1.96875,0.13,-0.28125,,-0.092633359179187774,1,bohr,hartree_per_elementary_charge
-1.96875,0.13,-0.1875,,-0.088540105507853586,1,bohr,hartree_per_elementary_charge
-1.96875,0.13,-0.09375,,-0.083009206101958929,1,bohr,hartree_per_elementary_charge
-1.96875,0.13,0,,-0.077478306696064272,1,bohr,hartree_per_elementary_charge
-1.96875,0.13,0.09375,,-0.071929784174717931,1,bohr,hartree_per_elementary_charge
-1.96875,0.13,0.18749999999999911,,-0.06595832396869146,1,bohr,hartree_per_elementary_charge
-1.96875,0.13,0.28125,,-0.059986863762664863,1,bohr,hartree_per_elementary_charge
-1.96875,0.13,0.375,,-0.054032182453026927,1,bohr,hartree_per_elementary_charge
-1.96875,0.13,0.46874999999999911,,-0.048375317478638477,1,bohr,hartree_per_elementary_charge
-1.96875,0.13,0.5625,,-0.042718452504249958,1,bohr,hartree_per_elementary_charge
-1.96875,0.13,0.65625,,-0.037099023335611728,1,bohr,hartree_per_elementary_charge
-1.96875,0.13,0.74999999999999911,,-0.032003682595207694,1,bohr,hartree_per_elementary_charge
-1.96875,0.13,0.84375,,-0.026908341854803598,1,bohr,hartree_per_elementary_charge
-1.96875,0.13,0.9375,,-0.021855056943454944,1,bohr,hartree_per_elementary_charge
-1.96875,0.13,1.0312499999999991,,-0.017285404123098303,1,bohr,hartree_per_elementary_charge
-1.96875,0.13,1.125,,-0.012715751302741614,1,bohr,hartree_per_elementary_charge
-1.96875,0.13,1.21875,,-0.0081965761212726713,1,bohr,hartree_per_elementary_charge
-1.96875,0.13,1.3124999999999991,,-0.0041677464517477052,1,bohr,hartree_per_elementary_charge
-1.96875,0.13,1.40625,,-0.0001389167822226109,1,bohr,hartree_per_elementary_charge
-1.96875,0.13,1.5,,0.0038131271745692049,1,bohr,hartree_per_elementary_charge
-1.96875,0.13,1.5937499999999991,,0.0071221008274024835,1,bohr,hartree_per_elementary_charge
-1.96875,0.13,1.6875,,0.010431074480235869,1,bohr,hartree_per_elementary_charge
-1.96875,0.13,1.78125,,0.013628471390899718,1,bohr,hartree_per_elementary_charge
-1.96875,0.13,1.8749999999999991,,0.016007650287840802,1,bohr,hartree_per_elementary_charge
-1.96875,0.13,1.96875,,0.018386829184781933,1,bohr,hartree_per_elementary_charge
-1.96875,0.13,2.0625,,0.020633839635723492,1,bohr,hartree_per_elementary_charge
-1.96875,0.13,2.1562499999999991,,0.022021766058986449,1,bohr,hartree_per_elementary_charge
-1.96875,0.13,2.25,,0.023409692482249393,1,bohr,hartree_per_elementary_charge
-1.96875,0.13,2.34375,,0.024672082563108339,1,bohr,hartree_per_elementary_charge
-1.96875,0.13,2.4374999999999991,,0.025204087838596834,1,bohr,hartree_per_elementary_charge
-1.96875,0.13,2.53125,,0.025736093114085323,1,bohr,hartree_per_elementary_charge
-1.96875,0.13,2.625,,0.026170716562251239,1,bohr,hartree_per_elementary_charge
-1.96875,0.13,2.7187499999999991,,0.026094090882743205,1,bohr,hartree_per_elementary_charge
-1.96875,0.13,2.8125,,0.026017465203235182,1,bohr,hartree_per_elementary_charge
-1.96875,0.13,2.90625,,0.025878454991059067,1,bohr,hartree_per_elementary_charge
-1.96875,0.13,2.9999999999999991,,0.025441921503258313,1,bohr,hartree_per_elementary_charge
-1.96875,0.13,3.09375,,0.025005388015457562,1,bohr,hartree_per_elementary_charge
-1.96875,0.13,3.1875,,0.024536945610980593,1,bohr,hartree_per_elementary_charge
-1.96875,0.13,3.2812499999999991,,0.023929472790647912,1,bohr,hartree_per_elementary_charge
-1.96875,0.13,3.375,,0.023321999970315251,1,bohr,hartree_per_elementary_charge
-1.96875,0.13,3.46875,,0.022704309240135789,1,bohr,hartree_per_elementary_charge
-1.96875,0.13,3.5625,,0.022045747227867112,1,bohr,hartree_per_elementary_charge
-1.96875,0.13,3.65625,,0.021387185215598455,1,bohr,hartree_per_elementary_charge
-1.96875,0.13,3.75,,0.020731795358669942,1,bohr,hartree_per_elementary_charge
-1.96875,0.13,3.84375,,0.02008810272795325,1,bohr,hartree_per_elementary_charge
-1.96875,0.13,3.9375,,0.019444410097236547,1,bohr,hartree_per_elementary_charge
-1.96875,0.13,4.03125,,0.01881114218729606,1,bohr,hartree_per_elementary_charge
-1.96875,0.13,4.125,,0.018213440693124909,1,bohr,hartree_per_elementary_charge
-1.96875,0.13,4.21875,,0.017615739198953741,1,bohr,hartree_per_elementary_charge
-1.96875,0.13,4.3125,,0.01703175045610731,1,bohr,hartree_per_elementary_charge
-1.96875,0.13,4.40625,,0.016491185101880728,1,bohr,hartree_per_elementary_charge
-1.96875,0.13,4.5,,0.015950619747654132,1,bohr,hartree_per_elementary_charge
-1.8750000000000004,0.13,-4.5,,-0.021682075815724254,1,bohr,hartree_per_elementary_charge
-1.8750000000000004,0.13,-4.40625,,-0.022526784038601946,1,bohr,hartree_per_elementary_charge
-1.8750000000000004,0.13,-4.3125,,-0.023495919364472862,1,bohr,hartree_per_elementary_charge
-1.8750000000000004,0.13,-4.21875,,-0.024491143924696993,1,bohr,hartree_per_elementary_charge
-1.8750000000000004,0.13,-4.125,,-0.025486368484921137,1,bohr,hartree_per_elementary_charge
-1.8750000000000004,0.13,-4.03125,,-0.026635661666729957,1,bohr,hartree_per_elementary_charge
-1.8750000000000004,0.13,-3.9375,,-0.027814300872273275,1,bohr,hartree_per_elementary_charge
-1.8750000000000004,0.13,-3.84375,,-0.028992940077816585,1,bohr,hartree_per_elementary_charge
-1.8750000000000004,0.13,-3.75,,-0.030362723896242665,1,bohr,hartree_per_elementary_charge
-1.8750000000000004,0.13,-3.65625,,-0.031765360241064793,1,bohr,hartree_per_elementary_charge
-1.8750000000000004,0.13,-3.5625,,-0.033167996585886927,1,bohr,hartree_per_elementary_charge
-1.8750000000000004,0.13,-3.46875,,-0.03480756349138784,1,bohr,hartree_per_elementary_charge
-1.8750000000000004,0.13,-3.375,,-0.036483580710890071,1,bohr,hartree_per_elementary_charge
-1.8750000000000004,0.13,-3.28125,,-0.038159597930392294,1,bohr,hartree_per_elementary_charge
-1.8750000000000004,0.13,-3.1875,,-0.040127235767682373,1,bohr,hartree_per_elementary_charge
-1.8750000000000004,0.13,-3.09375,,-0.042134639411206334,1,bohr,hartree_per_elementary_charge
-1.8750000000000004,0.13,-3,,-0.044142043054730302,1,bohr,hartree_per_elementary_charge
-1.8750000000000004,0.13,-2.90625,,-0.046501329468444756,1,bohr,hartree_per_elementary_charge
-1.8750000000000004,0.13,-2.8125,,-0.048902630989622456,1,bohr,hartree_per_elementary_charge
-1.8750000000000004,0.13,-2.71875,,-0.051303932510800142,1,bohr,hartree_per_elementary_charge
-1.8750000000000004,0.13,-2.625,,-0.054111069982129535,1,bohr,hartree_per_elementary_charge
-1.8750000000000004,0.13,-2.53125,,-0.056959983854979183,1,bohr,hartree_per_elementary_charge
-1.8750000000000004,0.13,-2.4375,,-0.059808897727828818,1,bohr,hartree_per_elementary_charge
-1.8750000000000004,0.13,-2.34375,,-0.063082872497008821,1,bohr,hartree_per_elementary_charge
-1.8750000000000004,0.13,-2.25,,-0.066393808246724625,1,bohr,hartree_per_elementary_charge
-1.8750000000000004,0.13,-2.1562500000000004,,-0.069704743996440416,1,bohr,hartree_per_elementary_charge
-1.8750000000000004,0.13,-2.0625,,-0.073371638457939134,1,bohr,hartree_per_elementary_charge
-1.8750000000000004,0.13,-1.96875,,-0.077063957866235849,1,bohr,hartree_per_elementary_charge
-1.8750000000000004,0.13,-1.8750000000000004,,-0.080756277274532551,1,bohr,hartree_per_elementary_charge
-1.8750000000000004,0.13,-1.78125,,-0.084566347482460391,1,bohr,hartree_per_elementary_charge
-1.8750000000000004,0.13,-1.6875,,-0.088383051322729889,1,bohr,hartree_per_elementary_charge
-1.8750000000000004,0.13,-1.5937500000000004,,-0.092199755162999372,1,bohr,hartree_per_elementary_charge
-1.8750000000000004,0.13,-1.5,,-0.095638125426515883,1,bohr,hartree_per_elementary_charge
-1.8750000000000004,0.13,-1.40625,,-0.099060732459161013,1,bohr,hartree_per_elementary_charge
-1.8750000000000004,0.13,-1.3125000000000004,,-0.10248333949180614,1,bohr,hartree_per_elementary_charge
-1.8750000000000004,0.13,-1.21875,,-0.10474096626645522,1,bohr,hartree_per_elementary_charge
-1.8750000000000004,0.13,-1.125,,-0.10696667775956961,1,bohr,hartree_per_elementary_charge
-1.8750000000000004,0.13,-1.0312500000000004,,-0.10919238925268403,1,bohr,hartree_per_elementary_charge
-1.8750000000000004,0.13,-0.9375,,-0.10932304543413626,1,bohr,hartree_per_elementary_charge
-1.8750000000000004,0.13,-0.84375,,-0.1094253935052909,1,bohr,hartree_per_elementary_charge
-1.8750000000000004,0.13,-0.75000000000000044,,-0.10952773722456732,1,bohr,hartree_per_elementary_charge
-1.8750000000000004,0.13,-0.65625,,-0.10689212024961828,1,bohr,hartree_per_elementary_charge
-1.8750000000000004,0.13,-0.5625,,-0.10425650327466915,1,bohr,hartree_per_elementary_charge
-1.8750000000000004,0.13,-0.46875,,-0.10158737070264218,1,bohr,hartree_per_elementary_charge
-1.8750000000000004,0.13,-0.375,,-0.096438381167272658,1,bohr,hartree_per_elementary_charge
-1.8750000000000004,0.13,-0.28125,,-0.091289391631903083,1,bohr,hartree_per_elementary_charge
-1.8750000000000004,0.13,-0.1875,,-0.086103738582734762,1,bohr,hartree_per_elementary_charge
-1.8750000000000004,0.13,-0.09375,,-0.07957994791333034,1,bohr,hartree_per_elementary_charge
-1.8750000000000004,0.13,0,,-0.073056157243925918,1,bohr,hartree_per_elementary_charge
-1.8750000000000004,0.13,0.09375,,-0.066532308673726573,1,bohr,hartree_per_elementary_charge
-1.8750000000000004,0.13,0.18749999999999911,,-0.060007070540583698,1,bohr,hartree_per_elementary_charge
-1.8750000000000004,0.13,0.28125,,-0.053481832407440692,1,bohr,hartree_per_elementary_charge
-1.8750000000000004,0.13,0.375,,-0.046997558724631093,1,bohr,hartree_per_elementary_charge
-1.8750000000000004,0.13,0.46874999999999911,,-0.04124038187770767,1,bohr,hartree_per_elementary_charge
-1.8750000000000004,0.13,0.5625,,-0.035483205030784185,1,bohr,hartree_per_elementary_charge
-1.8750000000000004,0.13,0.65625,,-0.02977715782493175,1,bohr,hartree_per_elementary_charge
-1.8750000000000004,0.13,0.74999999999999911,,-0.024786908040506817,1,bohr,hartree_per_elementary_charge
-1.8750000000000004,0.13,0.84375,,-0.019796658256081831,1,bohr,hartree_per_elementary_charge
-1.8750000000000004,0.13,0.9375,,-0.014845353142374881,1,bohr,hartree_per_elementary_charge
-1.8750000000000004,0.13,1.0312499999999991,,-0.010341902534342652,1,bohr,hartree_per_elementary_charge
-1.8750000000000004,0.13,1.125,,-0.0058384519263103745,1,bohr,hartree_per_elementary_charge
-1.8750000000000004,0.13,1.21875,,-0.0013758782799545856,1,bohr,hartree_per_elementary_charge
-1.8750000000000004,0.13,1.3124999999999991,,0.0026896119222934887,1,bohr,hartree_per_elementary_charge
-1.8750000000000004,0.13,1.40625,,0.0067551021245416936,1,bohr,hartree_per_elementary_charge
-1.8750000000000004,0.13,1.5,,0.01074442293730023,1,bohr,hartree_per_elementary_charge
-1.8750000000000004,0.13,1.5937499999999991,,0.014095835072677622,1,bohr,hartree_per_elementary_charge
-1.8750000000000004,0.13,1.6875,,0.017447247208055121,1,bohr,hartree_per_elementary_charge
-1.8750000000000004,0.13,1.78125,,0.020673121070158004,1,bohr,hartree_per_elementary_charge
-1.8750000000000004,0.13,1.8749999999999991,,0.022978393787186448,1,bohr,hartree_per_elementary_charge
-1.8750000000000004,0.13,1.96875,,0.025283666504214944,1,bohr,hartree_per_elementary_charge
-1.8750000000000004,0.13,2.0625,,0.027436522688235081,1,bohr,hartree_per_elementary_charge
-1.8750000000000004,0.13,2.1562499999999991,,0.028598683944495721,1,bohr,hartree_per_elementary_charge
-1.8750000000000004,0.13,2.25,,0.029760845200756361,1,bohr,hartree_per_elementary_charge
-1.8750000000000004,0.13,2.34375,,0.030783190082679782,1,bohr,hartree_per_elementary_charge
-1.8750000000000004,0.13,2.4374999999999991,,0.030992067299365329,1,bohr,hartree_per_elementary_charge
-1.8750000000000004,0.13,2.53125,,0.031200944516050873,1,bohr,hartree_per_elementary_charge
-1.8750000000000004,0.13,2.625,,0.031309575987263069,1,bohr,hartree_per_elementary_charge
-1.8750000000000004,0.13,2.7187499999999991,,0.030891922921253503,1,bohr,hartree_per_elementary_charge
-1.8750000000000004,0.13,2.8125,,0.030474269855243947,1,bohr,hartree_per_elementary_charge
-1.8750000000000004,0.13,2.90625,,0.030000541586739548,1,bohr,hartree_per_elementary_charge
-1.8750000000000004,0.13,2.9999999999999991,,0.029259380395136331,1,bohr,hartree_per_elementary_charge
-1.8750000000000004,0.13,3.09375,,0.028518219203533132,1,bohr,hartree_per_elementary_charge
-1.8750000000000004,0.13,3.1875,,0.027755783531115567,1,bohr,hartree_per_elementary_charge
-1.8750000000000004,0.13,3.2812499999999991,,0.026900652768333522,1,bohr,hartree_per_elementary_charge
-1.8750000000000004,0.13,3.375,,0.026045522005551502,1,bohr,hartree_per_elementary_charge
-1.8750000000000004,0.13,3.46875,,0.025191411854934533,1,bohr,hartree_per_elementary_charge
-1.8750000000000004,0.13,3.5625,,0.024341384117289158,1,bohr,hartree_per_elementary_charge
-1.8750000000000004,0.13,3.65625,,0.023491356379643804,1,bohr,hartree_per_elementary_charge
-1.8750000000000004,0.13,3.75,,0.022654505710480756,1,bohr,hartree_per_elementary_charge
-1.8750000000000004,0.13,3.84375,,0.021866245080051094,1,bohr,hartree_per_elementary_charge
-1.8750000000000004,0.13,3.9375,,0.021077984449621417,1,bohr,hartree_per_elementary_charge
-1.8750000000000004,0.13,4.03125,,0.020308364974264484,1,bohr,hartree_per_elementary_charge
-1.8750000000000004,0.13,4.125,,0.019602344235599943,1,bohr,hartree_per_elementary_charge
-1.8750000000000004,0.13,4.21875,,0.018896323496935388,1,bohr,hartree_per_elementary_charge
-1.8750000000000004,0.13,4.3125,,0.018210498540645211,1,bohr,hartree_per_elementary_charge
-1.8750000000000004,0.13,4.40625,,0.01758862641816332,1,bohr,hartree_per_elementary_charge
-1.8750000000000004,0.13,4.5,,0.016966754295681417,1,bohr,hartree_per_elementary_charge
-1.78125,0.13,-4.5,,-0.021653110862221259,1,bohr,hartree_per_elementary_charge
-1.78125,0.13,-4.40625,,-0.022506671757830533,1,bohr,hartree_per_elementary_charge
-1.78125,0.13,-4.3125,,-0.023488862451726052,1,bohr,hartree_per_elementary_charge
-1.78125,0.13,-4.21875,,-0.024498023579486612,1,bohr,hartree_per_elementary_charge
-1.78125,0.13,-4.125,,-0.025507184707247173,1,bohr,hartree_per_elementary_charge
-1.78125,0.13,-4.03125,,-0.026676726218397531,1,bohr,hartree_per_elementary_charge
-1.78125,0.13,-3.9375,,-0.027876815978043232,1,bohr,hartree_per_elementary_charge
-1.78125,0.13,-3.84375,,-0.029076905737688931,1,bohr,hartree_per_elementary_charge
-1.78125,0.13,-3.75,,-0.030477629771247062,1,bohr,hartree_per_elementary_charge
-1.78125,0.13,-3.65625,,-0.031912837344154017,1,bohr,hartree_per_elementary_charge
-1.78125,0.13,-3.5625,,-0.033348044917060976,1,bohr,hartree_per_elementary_charge
-1.78125,0.13,-3.46875,,-0.035034422489734866,1,bohr,hartree_per_elementary_charge
-1.78125,0.13,-3.375,,-0.03675944102680348,1,bohr,hartree_per_elementary_charge
-1.78125,0.13,-3.28125,,-0.0384844595638721,1,bohr,hartree_per_elementary_charge
-1.78125,0.13,-3.1875,,-0.040522225802110172,1,bohr,hartree_per_elementary_charge
-1.78125,0.13,-3.09375,,-0.042602638766012363,1,bohr,hartree_per_elementary_charge
-1.78125,0.13,-3,,-0.044683051729914547,1,bohr,hartree_per_elementary_charge
-1.78125,0.13,-2.90625,,-0.047145767186755297,1,bohr,hartree_per_elementary_charge
-1.78125,0.13,-2.8125,,-0.049654129892296464,1,bohr,hartree_per_elementary_charge
-1.78125,0.13,-2.71875,,-0.052162492597837604,1,bohr,hartree_per_elementary_charge
-1.78125,0.13,-2.625,,-0.055117841850519128,1,bohr,hartree_per_elementary_charge
-1.78125,0.13,-2.53125,,-0.058119203511565437,1,bohr,hartree_per_elementary_charge
-1.78125,0.13,-2.4375,,-0.061120565172611739,1,bohr,hartree_per_elementary_charge
-1.78125,0.13,-2.34375,,-0.064596334578086667,1,bohr,hartree_per_elementary_charge
-1.78125,0.13,-2.25,,-0.068113355897250316,1,bohr,hartree_per_elementary_charge
-1.78125,0.13,-2.1562500000000004,,-0.071630377216413937,1,bohr,hartree_per_elementary_charge
-1.78125,0.13,-2.0625,,-0.075548741004433748,1,bohr,hartree_per_elementary_charge
-1.78125,0.13,-1.96875,,-0.079495771350064526,1,bohr,hartree_per_elementary_charge
-1.78125,0.13,-1.8750000000000004,,-0.083442801695695262,1,bohr,hartree_per_elementary_charge
-1.78125,0.13,-1.78125,,-0.087518525967122882,1,bohr,hartree_per_elementary_charge
-1.78125,0.13,-1.6875,,-0.091601500365012606,1,bohr,hartree_per_elementary_charge
-1.78125,0.13,-1.5937500000000004,,-0.095684474762902344,1,bohr,hartree_per_elementary_charge
-1.78125,0.13,-1.5,,-0.099307743235139606,1,bohr,hartree_per_elementary_charge
-1.78125,0.13,-1.40625,,-0.1029118581056765,1,bohr,hartree_per_elementary_charge
-1.78125,0.13,-1.3125000000000004,,-0.10651597297621343,1,bohr,hartree_per_elementary_charge
-1.78125,0.13,-1.21875,,-0.10870179768358811,1,bohr,hartree_per_elementary_charge
-1.78125,0.13,-1.125,,-0.11084876754381456,1,bohr,hartree_per_elementary_charge
-1.78125,0.13,-1.0312500000000004,,-0.11299573740404101,1,bohr,hartree_per_elementary_charge
-1.78125,0.13,-0.9375,,-0.11257848339722681,1,bohr,hartree_per_elementary_charge
-1.78125,0.13,-0.84375,,-0.11212658193664286,1,bohr,hartree_per_elementary_charge
-1.78125,0.13,-0.75000000000000044,,-0.1116746752216656,1,bohr,hartree_per_elementary_charge
-1.78125,0.13,-0.65625,,-0.10791699531739793,1,bohr,hartree_per_elementary_charge
-1.78125,0.13,-0.5625,,-0.1041593154131302,1,bohr,hartree_per_elementary_charge
-1.78125,0.13,-0.46875,,-0.10036381404432963,1,bohr,hartree_per_elementary_charge
-1.78125,0.13,-0.375,,-0.093769859705477576,1,bohr,hartree_per_elementary_charge
-1.78125,0.13,-0.28125,,-0.087175905366625422,1,bohr,hartree_per_elementary_charge
-1.78125,0.13,-0.1875,,-0.080551357986428346,1,bohr,hartree_per_elementary_charge
-1.78125,0.13,-0.09375,,-0.072810231879876841,1,bohr,hartree_per_elementary_charge
-1.78125,0.13,0,,-0.065069105773325309,1,bohr,hartree_per_elementary_charge
-1.78125,0.13,0.09375,,-0.057354693788887856,1,bohr,hartree_per_elementary_charge
-1.78125,0.13,0.18749999999999911,,-0.050281394835009208,1,bohr,hartree_per_elementary_charge
-1.78125,0.13,0.28125,,-0.0432080958811304,1,bohr,hartree_per_elementary_charge
-1.78125,0.13,0.375,,-0.036209685844295757,1,bohr,hartree_per_elementary_charge
-1.78125,0.13,0.46874999999999911,,-0.030540513577835684,1,bohr,hartree_per_elementary_charge
-1.78125,0.13,0.5625,,-0.024871341311375555,1,bohr,hartree_per_elementary_charge
-1.78125,0.13,0.65625,,-0.019269715720581747,1,bohr,hartree_per_elementary_charge
-1.78125,0.13,0.74999999999999911,,-0.014613720399336555,1,bohr,hartree_per_elementary_charge
-1.78125,0.13,0.84375,,-0.0099577250780913187,1,bohr,hartree_per_elementary_charge
-1.78125,0.13,0.9375,,-0.0053320946714394543,1,bohr,hartree_per_elementary_charge
-1.78125,0.13,1.0312499999999991,,-0.0010556536035170509,1,bohr,hartree_per_elementary_charge
-1.78125,0.13,1.125,,0.0032207874644053932,1,bohr,hartree_per_elementary_charge
-1.78125,0.13,1.21875,,0.0074738502446469249,1,bohr,hartree_per_elementary_charge
-1.78125,0.13,1.3124999999999991,,0.01149981368557969,1,bohr,hartree_per_elementary_charge
-1.78125,0.13,1.40625,,0.015525777126512583,1,bohr,hartree_per_elementary_charge
-1.78125,0.13,1.5,,0.019479827288332117,1,bohr,hartree_per_elementary_charge
-1.78125,0.13,1.5937499999999991,,0.022831613140660675,1,bohr,hartree_per_elementary_charge
-1.78125,0.13,1.6875,,0.02618339899298934,1,bohr,hartree_per_elementary_charge
-1.78125,0.13,1.78125,,0.029393323043915308,1,bohr,hartree_per_elementary_charge
-1.78125,0.13,1.8749999999999991,,0.031562941748853525,1,bohr,hartree_per_elementary_charge
-1.78125,0.13,1.96875,,0.033732560453791791,1,bohr,hartree_per_elementary_charge
-1.78125,0.13,2.0625,,0.035725027344592625,1,bohr,hartree_per_elementary_charge
-1.78125,0.13,2.1562499999999991,,0.036566022014858646,1,bohr,hartree_per_elementary_charge
-1.78125,0.13,2.25,,0.03740701668512466,1,bohr,hartree_per_elementary_charge
-1.78125,0.13,2.34375,,0.038091989283275209,1,bohr,hartree_per_elementary_charge
-1.78125,0.13,2.4374999999999991,,0.037869207612077946,1,bohr,hartree_per_elementary_charge
-1.78125,0.13,2.53125,,0.037646425940880683,1,bohr,hartree_per_elementary_charge
-1.78125,0.13,2.625,,0.037322451151596006,1,bohr,hartree_per_elementary_charge
-1.78125,0.13,2.7187499999999991,,0.036467218172039059,1,bohr,hartree_per_elementary_charge
-1.78125,0.13,2.8125,,0.035611985192482126,1,bohr,hartree_per_elementary_charge
-1.78125,0.13,2.90625,,0.034711127933239903,1,bohr,hartree_per_elementary_charge
-1.78125,0.13,2.9999999999999991,,0.033592680118142988,1,bohr,hartree_per_elementary_charge
-1.78125,0.13,3.09375,,0.032474232303046094,1,bohr,hartree_per_elementary_charge
-1.78125,0.13,3.1875,,0.031349531382490747,1,bohr,hartree_per_elementary_charge
-1.78125,0.13,3.2812499999999991,,0.03019758504144365,1,bohr,hartree_per_elementary_charge
-1.78125,0.13,3.375,,0.02904563870039658,1,bohr,hartree_per_elementary_charge
-1.78125,0.13,3.46875,,0.027909533577619106,1,bohr,hartree_per_elementary_charge
-1.78125,0.13,3.5625,,0.026836792773987241,1,bohr,hartree_per_elementary_charge
-1.78125,0.13,3.65625,,0.025764051970355396,1,bohr,hartree_per_elementary_charge
-1.78125,0.13,3.75,,0.02471705799777503,1,bohr,hartree_per_elementary_charge
-1.78125,0.13,3.84375,,0.023765004680601692,1,bohr,hartree_per_elementary_charge
-1.78125,0.13,3.9375,,0.022812951363428334,1,bohr,hartree_per_elementary_charge
-1.78125,0.13,4.03125,,0.02188947077885621,1,bohr,hartree_per_elementary_charge
-1.78125,0.13,4.125,,0.021063472871199578,1,bohr,hartree_per_elementary_charge
-1.78125,0.13,4.21875,,0.020237474963542921,1,bohr,hartree_per_elementary_charge
-1.78125,0.13,4.3125,,0.019439264882395977,1,bohr,hartree_per_elementary_charge
-1.78125,0.13,4.40625,,0.018729048928821067,1,bohr,hartree_per_elementary_charge
-1.78125,0.13,4.5,,0.018018832975246139,1,bohr,hartree_per_elementary_charge
-1.6875,0.13,-4.5,,-0.021624145908718275,1,bohr,hartree_per_elementary_charge
-1.6875,0.13,-4.40625,,-0.022486559477059118,1,bohr,hartree_per_elementary_charge
-1.6875,0.13,-4.3125,,-0.023481805538979238,1,bohr,hartree_per_elementary_charge
-1.6875,0.13,-4.21875,,-0.024504903234276225,1,bohr,hartree_per_elementary_charge
-1.6875,0.13,-4.125,,-0.025528000929573212,1,bohr,hartree_per_elementary_charge
-1.6875,0.13,-4.03125,,-0.026717790770065107,1,bohr,hartree_per_elementary_charge
-1.6875,0.13,-3.9375,,-0.027939331083813197,1,bohr,hartree_per_elementary_charge
-1.6875,0.13,-3.84375,,-0.02916087139756128,1,bohr,hartree_per_elementary_charge
-1.6875,0.13,-3.75,,-0.030592535646251452,1,bohr,hartree_per_elementary_charge
-1.6875,0.13,-3.65625,,-0.032060314447243249,1,bohr,hartree_per_elementary_charge
-1.6875,0.13,-3.5625,,-0.033528093248235039,1,bohr,hartree_per_elementary_charge
-1.6875,0.13,-3.46875,,-0.035261281488081893,1,bohr,hartree_per_elementary_charge
-1.6875,0.13,-3.375,,-0.037035301342716903,1,bohr,hartree_per_elementary_charge
-1.6875,0.13,-3.28125,,-0.038809321197351913,1,bohr,hartree_per_elementary_charge
-1.6875,0.13,-3.1875,,-0.040917215836537971,1,bohr,hartree_per_elementary_charge
-1.6875,0.13,-3.09375,,-0.043070638120818391,1,bohr,hartree_per_elementary_charge
-1.6875,0.13,-3,,-0.045224060405098805,1,bohr,hartree_per_elementary_charge
-1.6875,0.13,-2.90625,,-0.047790204905065838,1,bohr,hartree_per_elementary_charge
-1.6875,0.13,-2.8125,,-0.050405628794970458,1,bohr,hartree_per_elementary_charge
-1.6875,0.13,-2.71875,,-0.053021052684875072,1,bohr,hartree_per_elementary_charge
-1.6875,0.13,-2.625,,-0.056124613718908721,1,bohr,hartree_per_elementary_charge
-1.6875,0.13,-2.53125,,-0.059278423168151684,1,bohr,hartree_per_elementary_charge
-1.6875,0.13,-2.4375,,-0.06243223261739464,1,bohr,hartree_per_elementary_charge
-1.6875,0.13,-2.34375,,-0.066109796659164513,1,bohr,hartree_per_elementary_charge
-1.6875,0.13,-2.25,,-0.069832903547776007,1,bohr,hartree_per_elementary_charge
-1.6875,0.13,-2.1562500000000004,,-0.073556010436387473,1,bohr,hartree_per_elementary_charge
-1.6875,0.13,-2.0625,,-0.077725843550928375,1,bohr,hartree_per_elementary_charge
-1.6875,0.13,-1.96875,,-0.081927584833893174,1,bohr,hartree_per_elementary_charge
-1.6875,0.13,-1.8750000000000004,,-0.086129326116857988,1,bohr,hartree_per_elementary_charge
-1.6875,0.13,-1.78125,,-0.0904707044517854,1,bohr,hartree_per_elementary_charge
-1.6875,0.13,-1.6875,,-0.094819949407295351,1,bohr,hartree_per_elementary_charge
-1.6875,0.13,-1.5937500000000004,,-0.099169194362805357,1,bohr,hartree_per_elementary_charge
-1.6875,0.13,-1.5,,-0.10297736104376334,1,bohr,hartree_per_elementary_charge
-1.6875,0.13,-1.40625,,-0.10676298375219201,1,bohr,hartree_per_elementary_charge
-1.6875,0.13,-1.3125000000000004,,-0.1105486064606207,1,bohr,hartree_per_elementary_charge
-1.6875,0.13,-1.21875,,-0.112662629100721,1,bohr,hartree_per_elementary_charge
-1.6875,0.13,-1.125,,-0.11473085732805949,1,bohr,hartree_per_elementary_charge
-1.6875,0.13,-1.0312500000000004,,-0.116799085555398,1,bohr,hartree_per_elementary_charge
-1.6875,0.13,-0.9375,,-0.11583392136031735,1,bohr,hartree_per_elementary_charge
-1.6875,0.13,-0.84375,,-0.11482777036799484,1,bohr,hartree_per_elementary_charge
-1.6875,0.13,-0.75000000000000044,,-0.11382161321876388,1,bohr,hartree_per_elementary_charge
-1.6875,0.13,-0.65625,,-0.10894187038517759,1,bohr,hartree_per_elementary_charge
-1.6875,0.13,-0.5625,,-0.10406212755159126,1,bohr,hartree_per_elementary_charge
-1.6875,0.13,-0.46875,,-0.099140257386017089,1,bohr,hartree_per_elementary_charge
-1.6875,0.13,-0.375,,-0.091101338243682467,1,bohr,hartree_per_elementary_charge
-1.6875,0.13,-0.28125,,-0.083062419101347762,1,bohr,hartree_per_elementary_charge
-1.6875,0.13,-0.1875,,-0.074998977390121971,1,bohr,hartree_per_elementary_charge
-1.6875,0.13,-0.09375,,-0.066040515846423342,1,bohr,hartree_per_elementary_charge
-1.6875,0.13,0,,-0.057082054302724686,1,bohr,hartree_per_elementary_charge
-1.6875,0.13,0.09375,,-0.048177078904049132,1,bohr,hartree_per_elementary_charge
-1.6875,0.13,0.18749999999999911,,-0.04055571912943471,1,bohr,hartree_per_elementary_charge
-1.6875,0.13,0.28125,,-0.032934359354820114,1,bohr,hartree_per_elementary_charge
-1.6875,0.13,0.375,,-0.025421812963960417,1,bohr,hartree_per_elementary_charge
-1.6875,0.13,0.46874999999999911,,-0.019840645277963701,1,bohr,hartree_per_elementary_charge
-1.6875,0.13,0.5625,,-0.014259477591966926,1,bohr,hartree_per_elementary_charge
-1.6875,0.13,0.65625,,-0.0087622736162317333,1,bohr,hartree_per_elementary_charge
-1.6875,0.13,0.74999999999999911,,-0.0044405327581662941,1,bohr,hartree_per_elementary_charge
-1.6875,0.13,0.84375,,-0.00011879190010080838,1,bohr,hartree_per_elementary_charge
-1.6875,0.13,0.9375,,0.0041811637994959763,1,bohr,hartree_per_elementary_charge
-1.6875,0.13,1.0312499999999991,,0.0082305953273085486,1,bohr,hartree_per_elementary_charge
-1.6875,0.13,1.125,,0.012280026855121166,1,bohr,hartree_per_elementary_charge
-1.6875,0.13,1.21875,,0.016323578769248441,1,bohr,hartree_per_elementary_charge
-1.6875,0.13,1.3124999999999991,,0.020310015448865893,1,bohr,hartree_per_elementary_charge
-1.6875,0.13,1.40625,,0.02429645212848347,1,bohr,hartree_per_elementary_charge
-1.6875,0.13,1.5,,0.028215231639363996,1,bohr,hartree_per_elementary_charge
-1.6875,0.13,1.5937499999999991,,0.031567391208643727,1,bohr,hartree_per_elementary_charge
-1.6875,0.13,1.6875,,0.034919550777923566,1,bohr,hartree_per_elementary_charge
-1.6875,0.13,1.78125,,0.038113525017672616,1,bohr,hartree_per_elementary_charge
-1.6875,0.13,1.8749999999999991,,0.040147489710520602,1,bohr,hartree_per_elementary_charge
-1.6875,0.13,1.96875,,0.04218145440336863,1,bohr,hartree_per_elementary_charge
-1.6875,0.13,2.0625,,0.044013532000950172,1,bohr,hartree_per_elementary_charge
-1.6875,0.13,2.1562499999999991,,0.044533360085221567,1,bohr,hartree_per_elementary_charge
-1.6875,0.13,2.25,,0.045053188169492962,1,bohr,hartree_per_elementary_charge
-1.6875,0.13,2.34375,,0.045400788483870649,1,bohr,hartree_per_elementary_charge
-1.6875,0.13,2.4374999999999991,,0.044746347924790562,1,bohr,hartree_per_elementary_charge
-1.6875,0.13,2.53125,,0.044091907365710489,1,bohr,hartree_per_elementary_charge
-1.6875,0.13,2.625,,0.043335326315928929,1,bohr,hartree_per_elementary_charge
-1.6875,0.13,2.7187499999999991,,0.042042513422824612,1,bohr,hartree_per_elementary_charge
-1.6875,0.13,2.8125,,0.040749700529720309,1,bohr,hartree_per_elementary_charge
-1.6875,0.13,2.90625,,0.039421714279740255,1,bohr,hartree_per_elementary_charge
-1.6875,0.13,2.9999999999999991,,0.037925979841149642,1,bohr,hartree_per_elementary_charge
-1.6875,0.13,3.09375,,0.036430245402559062,1,bohr,hartree_per_elementary_charge
-1.6875,0.13,3.1875,,0.03494327923386592,1,bohr,hartree_per_elementary_charge
-1.6875,0.13,3.2812499999999991,,0.033494517314553773,1,bohr,hartree_per_elementary_charge
-1.6875,0.13,3.375,,0.032045755395241654,1,bohr,hartree_per_elementary_charge
-1.6875,0.13,3.46875,,0.030627655300303688,1,bohr,hartree_per_elementary_charge
-1.6875,0.13,3.5625,,0.029332201430685323,1,bohr,hartree_per_elementary_charge
-1.6875,0.13,3.65625,,0.028036747561066992,1,bohr,hartree_per_elementary_charge
-1.6875,0.13,3.75,,0.026779610285069307,1,bohr,hartree_per_elementary_charge
-1.6875,0.13,3.84375,,0.025663764281152295,1,bohr,hartree_per_elementary_charge
-1.6875,0.13,3.9375,,0.024547918277235257,1,bohr,hartree_per_elementary_charge
-1.6875,0.13,4.03125,,0.023470576583447936,1,bohr,hartree_per_elementary_charge
-1.6875,0.13,4.125,,0.022524601506799212,1,bohr,hartree_per_elementary_charge
-1.6875,0.13,4.21875,,0.02157862643015046,1,bohr,hartree_per_elementary_charge
-1.6875,0.13,4.3125,,0.020668031224146746,1,bohr,hartree_per_elementary_charge
-1.6875,0.13,4.40625,,0.019869471439478811,1,bohr,hartree_per_elementary_charge
-1.6875,0.13,4.5,,0.019070911654810861,1,bohr,hartree_per_elementary_charge
-1.5937500000000004,0.13,-4.5,,-0.02153703293909132,1,bohr,hartree_per_elementary_charge
-1.5937500000000004,0.13,-4.40625,,-0.022404465086915262,1,bohr,hartree_per_elementary_charge
-1.5937500000000004,0.13,-4.3125,,-0.023408132280631828,1,bohr,hartree_per_elementary_charge
-1.5937500000000004,0.13,-4.21875,,-0.024440364537376556,1,bohr,hartree_per_elementary_charge
-1.5937500000000004,0.13,-4.125,,-0.02547259679412129,1,bohr,hartree_per_elementary_charge
-1.5937500000000004,0.13,-4.03125,,-0.02667681478032977,1,bohr,hartree_per_elementary_charge
-1.5937500000000004,0.13,-3.9375,,-0.02791379152849071,1,bohr,hartree_per_elementary_charge
-1.5937500000000004,0.13,-3.84375,,-0.029150768276651643,1,bohr,hartree_per_elementary_charge
-1.5937500000000004,0.13,-3.75,,-0.030606078724950823,1,bohr,hartree_per_elementary_charge
-1.5937500000000004,0.13,-3.65625,,-0.032098914759447608,1,bohr,hartree_per_elementary_charge
-1.5937500000000004,0.13,-3.5625,,-0.033591750793944386,1,bohr,hartree_per_elementary_charge
-1.5937500000000004,0.13,-3.46875,,-0.035362646791702215,1,bohr,hartree_per_elementary_charge
-1.5937500000000004,0.13,-3.375,,-0.037176320609860321,1,bohr,hartree_per_elementary_charge
-1.5937500000000004,0.13,-3.28125,,-0.038989994428018426,1,bohr,hartree_per_elementary_charge
-1.5937500000000004,0.13,-3.1875,,-0.041156686106264433,1,bohr,hartree_per_elementary_charge
-1.5937500000000004,0.13,-3.09375,,-0.043371515806876128,1,bohr,hartree_per_elementary_charge
-1.5937500000000004,0.13,-3,,-0.045586345507487802,1,bohr,hartree_per_elementary_charge
-1.5937500000000004,0.13,-2.90625,,-0.048241667711971442,1,bohr,hartree_per_elementary_charge
-1.5937500000000004,0.13,-2.8125,,-0.050949585102848839,1,bohr,hartree_per_elementary_charge
-1.5937500000000004,0.13,-2.71875,,-0.053657502493726243,1,bohr,hartree_per_elementary_charge
-1.5937500000000004,0.13,-2.625,,-0.056890518188678546,1,bohr,hartree_per_elementary_charge
-1.5937500000000004,0.13,-2.53125,,-0.060177587048660788,1,bohr,hartree_per_elementary_charge
-1.5937500000000004,0.13,-2.4375,,-0.063464655908643045,1,bohr,hartree_per_elementary_charge
-1.5937500000000004,0.13,-2.34375,,-0.067316571175347242,1,bohr,hartree_per_elementary_charge
-1.5937500000000004,0.13,-2.25,,-0.071217602409257147,1,bohr,hartree_per_elementary_charge
-1.5937500000000004,0.13,-2.1562500000000004,,-0.07511863364316701,1,bohr,hartree_per_elementary_charge
-1.5937500000000004,0.13,-2.0625,,-0.079492632156923454,1,bohr,hartree_per_elementary_charge
-1.5937500000000004,0.13,-1.96875,,-0.083900413150302486,1,bohr,hartree_per_elementary_charge
-1.5937500000000004,0.13,-1.8750000000000004,,-0.088308194143681518,1,bohr,hartree_per_elementary_charge
-1.5937500000000004,0.13,-1.78125,,-0.092818625059290422,1,bohr,hartree_per_elementary_charge
-1.5937500000000004,0.13,-1.6875,,-0.097334838881224434,1,bohr,hartree_per_elementary_charge
-1.5937500000000004,0.13,-1.5937500000000004,,-0.10185105270315847,1,bohr,hartree_per_elementary_charge
-1.5937500000000004,0.13,-1.5,,-0.10562538219236033,1,bohr,hartree_per_elementary_charge
-1.5937500000000004,0.13,-1.40625,,-0.1093688011445777,1,bohr,hartree_per_elementary_charge
-1.5937500000000004,0.13,-1.3125000000000004,,-0.11311222009679506,1,bohr,hartree_per_elementary_charge
-1.5937500000000004,0.13,-1.21875,,-0.11466317045315046,1,bohr,hartree_per_elementary_charge
-1.5937500000000004,0.13,-1.125,,-0.11615405691399129,1,bohr,hartree_per_elementary_charge
-1.5937500000000004,0.13,-1.0312500000000004,,-0.11764494337483215,1,bohr,hartree_per_elementary_charge
-1.5937500000000004,0.13,-0.9375,,-0.11516280889587668,1,bohr,hartree_per_elementary_charge
-1.5937500000000004,0.13,-0.84375,,-0.11262699148341958,1,bohr,hartree_per_elementary_charge
-1.5937500000000004,0.13,-0.75000000000000044,,-0.11009116619921989,1,bohr,hartree_per_elementary_charge
-1.5937500000000004,0.13,-0.65625,,-0.10260287657822041,1,bohr,hartree_per_elementary_charge
-1.5937500000000004,0.13,-0.5625,,-0.095114586957220887,1,bohr,hartree_per_elementary_charge
-1.5937500000000004,0.13,-0.46875,,-0.087579446395195326,1,bohr,hartree_per_elementary_charge
-1.5937500000000004,0.13,-0.375,,-0.076577751677127312,1,bohr,hartree_per_elementary_charge
-1.5937500000000004,0.13,-0.28125,,-0.065576056959059159,1,bohr,hartree_per_elementary_charge
-1.5937500000000004,0.13,-0.1875,,-0.054578346673242607,1,bohr,hartree_per_elementary_charge
-1.5937500000000004,0.13,-0.09375,,-0.04372605940171357,1,bohr,hartree_per_elementary_charge
-1.5937500000000004,0.13,0,,-0.032873772130184525,1,bohr,hartree_per_elementary_charge
-1.5937500000000004,0.13,0.09375,,-0.022151723080342037,1,bohr,hartree_per_elementary_charge
-1.5937500000000004,0.13,0.18749999999999911,,-0.014555265080943699,1,bohr,hartree_per_elementary_charge
-1.5937500000000004,0.13,0.28125,,-0.0069588070815452133,1,bohr,hartree_per_elementary_charge
-1.5937500000000004,0.13,0.375,,0.00045613010940423021,1,bohr,hartree_per_elementary_charge
-1.5937500000000004,0.13,0.46874999999999911,,0.0046491711343642893,1,bohr,hartree_per_elementary_charge
-1.5937500000000004,0.13,0.5625,,0.0088422121593243926,1,bohr,hartree_per_elementary_charge
-1.5937500000000004,0.13,0.65625,,0.012941476119381573,1,bohr,hartree_per_elementary_charge
-1.5937500000000004,0.13,0.74999999999999911,,0.015727893365861046,1,bohr,hartree_per_elementary_charge
-1.5937500000000004,0.13,0.84375,,0.018514310612340556,1,bohr,hartree_per_elementary_charge
-1.5937500000000004,0.13,0.9375,,0.021329448114300112,1,bohr,hartree_per_elementary_charge
-1.5937500000000004,0.13,1.0312499999999991,,0.024474861764028105,1,bohr,hartree_per_elementary_charge
-1.5937500000000004,0.13,1.125,,0.02762027541375614,1,bohr,hartree_per_elementary_charge
-1.5937500000000004,0.13,1.21875,,0.030819773605843283,1,bohr,hartree_per_elementary_charge
-1.5937500000000004,0.13,1.3124999999999991,,0.034544655179476851,1,bohr,hartree_per_elementary_charge
-1.5937500000000004,0.13,1.40625,,0.038269536753110539,1,bohr,hartree_per_elementary_charge
-1.5937500000000004,0.13,1.5,,0.041946074277925058,1,bohr,hartree_per_elementary_charge
-1.5937500000000004,0.13,1.5937499999999991,,0.045217736715147283,1,bohr,hartree_per_elementary_charge
-1.5937500000000004,0.13,1.6875,,0.048489399152369633,1,bohr,hartree_per_elementary_charge
-1.5937500000000004,0.13,1.78125,,0.051572851263752349,1,bohr,hartree_per_elementary_charge
-1.5937500000000004,0.13,1.8749999999999991,,0.053276113597442401,1,bohr,hartree_per_elementary_charge
-1.5937500000000004,0.13,1.96875,,0.05497937593113246,1,bohr,hartree_per_elementary_charge
-1.5937500000000004,0.13,2.0625,,0.056437209421558415,1,bohr,hartree_per_elementary_charge
-1.5937500000000004,0.13,2.1562499999999991,,0.056299775618151013,1,bohr,hartree_per_elementary_charge
-1.5937500000000004,0.13,2.25,,0.056162341814743617,1,bohr,hartree_per_elementary_charge
-1.5937500000000004,0.13,2.34375,,0.05583323871641073,1,bohr,hartree_per_elementary_charge
-1.5937500000000004,0.13,2.4374999999999991,,0.054388981727269796,1,bohr,hartree_per_elementary_charge
-1.5937500000000004,0.13,2.53125,,0.052944724738128855,1,bohr,hartree_per_elementary_charge
-1.5937500000000004,0.13,2.625,,0.051409490324339363,1,bohr,hartree_per_elementary_charge
-1.5937500000000004,0.13,2.7187499999999991,,0.049396629537453371,1,bohr,hartree_per_elementary_charge
-1.5937500000000004,0.13,2.8125,,0.047383768750567393,1,bohr,hartree_per_elementary_charge
-1.5937500000000004,0.13,2.90625,,0.045363083350885083,1,bohr,hartree_per_elementary_charge
-1.5937500000000004,0.13,2.9999999999999991,,0.043305080937992915,1,bohr,hartree_per_elementary_charge
-1.5937500000000004,0.13,3.09375,,0.041247078525100775,1,bohr,hartree_per_elementary_charge
-1.5937500000000004,0.13,3.1875,,0.039227119711638211,1,bohr,hartree_per_elementary_charge
-1.5937500000000004,0.13,3.2812499999999991,,0.037372920754676235,1,bohr,hartree_per_elementary_charge
-1.5937500000000004,0.13,3.375,,0.035518721797714314,1,bohr,hartree_per_elementary_charge
-1.5937500000000004,0.13,3.46875,,0.03371967866679515,1,bohr,hartree_per_elementary_charge
-1.5937500000000004,0.13,3.5625,,0.032141256911368418,1,bohr,hartree_per_elementary_charge
-1.5937500000000004,0.13,3.65625,,0.030562835155941728,1,bohr,hartree_per_elementary_charge
-1.5937500000000004,0.13,3.75,,0.029041188911345519,1,bohr,hartree_per_elementary_charge
-1.5937500000000004,0.13,3.84375,,0.027728900633892484,1,bohr,hartree_per_elementary_charge
-1.5937500000000004,0.13,3.9375,,0.026416612356439429,1,bohr,hartree_per_elementary_charge
-1.5937500000000004,0.13,4.03125,,0.025156170852897754,1,bohr,hartree_per_elementary_charge
-1.5937500000000004,0.13,4.125,,0.024072616956882134,1,bohr,hartree_per_elementary_charge
-1.5937500000000004,0.13,4.21875,,0.022989063060866489,1,bohr,hartree_per_elementary_charge
-1.5937500000000004,0.13,4.3125,,0.021950423985731805,1,bohr,hartree_per_elementary_charge
-1.5937500000000004,0.13,4.40625,,0.021054014115788614,1,bohr,hartree_per_elementary_charge
-1.5937500000000004,0.13,4.5,,0.020157604245845409,1,bohr,hartree_per_elementary_charge
-1.5,0.13,-4.5,,-0.021411154789690384,1,bohr,hartree_per_elementary_charge
-1.5,0.13,-4.40625,,-0.022281049465665774,1,bohr,hartree_per_elementary_charge
-1.5,0.13,-4.3125,,-0.023290048313454936,1,bohr,hartree_per_elementary_charge
-1.5,0.13,-4.21875,,-0.024328213807823976,1,bohr,hartree_per_elementary_charge
-1.5,0.13,-4.125,,-0.025366379302193022,1,bohr,hartree_per_elementary_charge
-1.5,0.13,-4.03125,,-0.026581145328147527,1,bohr,hartree_per_elementary_charge
-1.5,0.13,-3.9375,,-0.027829549114589035,1,bohr,hartree_per_elementary_charge
-1.5,0.13,-3.84375,,-0.029077952901030546,1,bohr,hartree_per_elementary_charge
-1.5,0.13,-3.75,,-0.030552046892534046,1,bohr,hartree_per_elementary_charge
-1.5,0.13,-3.65625,,-0.032064930852048194,1,bohr,hartree_per_elementary_charge
-1.5,0.13,-3.5625,,-0.033577814811562336,1,bohr,hartree_per_elementary_charge
-1.5,0.13,-3.46875,,-0.035380349986778525,1,bohr,hartree_per_elementary_charge
-1.5,0.13,-3.375,,-0.03722744622551033,1,bohr,hartree_per_elementary_charge
-1.5,0.13,-3.28125,,-0.039074542464242148,1,bohr,hartree_per_elementary_charge
-1.5,0.13,-3.1875,,-0.041292476972308402,1,bohr,hartree_per_elementary_charge
-1.5,0.13,-3.09375,,-0.043560979519336844,1,bohr,hartree_per_elementary_charge
-1.5,0.13,-3,,-0.045829482066365265,1,bohr,hartree_per_elementary_charge
-1.5,0.13,-2.90625,,-0.04856448112322901,1,bohr,hartree_per_elementary_charge
-1.5,0.13,-2.8125,,-0.051355180267315954,1,bohr,hartree_per_elementary_charge
-1.5,0.13,-2.71875,,-0.054145879411402878,1,bohr,hartree_per_elementary_charge
-1.5,0.13,-2.625,,-0.057495845073320097,1,bohr,hartree_per_elementary_charge
-1.5,0.13,-2.53125,,-0.060903381146623928,1,bohr,hartree_per_elementary_charge
-1.5,0.13,-2.4375,,-0.064310917219927766,1,bohr,hartree_per_elementary_charge
-1.5,0.13,-2.34375,,-0.068318888181539347,1,bohr,hartree_per_elementary_charge
-1.5,0.13,-2.25,,-0.072379069690889752,1,bohr,hartree_per_elementary_charge
-1.5,0.13,-2.1562500000000004,,-0.076439251200240144,1,bohr,hartree_per_elementary_charge
-1.5,0.13,-2.0625,,-0.080985879295341637,1,bohr,hartree_per_elementary_charge
-1.5,0.13,-1.96875,,-0.085567252652051826,1,bohr,hartree_per_elementary_charge
-1.5,0.13,-1.8750000000000004,,-0.090148626008762001,1,bohr,hartree_per_elementary_charge
-1.5,0.13,-1.78125,,-0.094763708789473405,1,bohr,hartree_per_elementary_charge
-1.5,0.13,-1.6875,,-0.099380690630963789,1,bohr,hartree_per_elementary_charge
-1.5,0.13,-1.5937500000000004,,-0.1039976724724542,1,bohr,hartree_per_elementary_charge
-1.5,0.13,-1.5,,-0.107592341787662,1,bohr,hartree_per_elementary_charge
-1.5,0.13,-1.40625,,-0.1111444165530738,1,bohr,hartree_per_elementary_charge
-1.5,0.13,-1.3125000000000004,,-0.11469649131848562,1,bohr,hartree_per_elementary_charge
-1.5,0.13,-1.21875,,-0.11535685730162983,1,bohr,hartree_per_elementary_charge
-1.5,0.13,-1.125,,-0.11593800331579274,1,bohr,hartree_per_elementary_charge
-1.5,0.13,-1.0312500000000004,,-0.11651914932995563,1,bohr,hartree_per_elementary_charge
-1.5,0.13,-0.9375,,-0.1118740072416566,1,bohr,hartree_per_elementary_charge
-1.5,0.13,-0.84375,,-0.10715824823970009,1,bohr,hartree_per_elementary_charge
-1.5,0.13,-0.75000000000000044,,-0.10244247910962301,1,bohr,hartree_per_elementary_charge
-1.5,0.13,-0.65625,,-0.091354657662833502,1,bohr,hartree_per_elementary_charge
-1.5,0.13,-0.5625,,-0.080266836216043899,1,bohr,hartree_per_elementary_charge
-1.5,0.13,-0.46875,,-0.069127161725981712,1,bohr,hartree_per_elementary_charge
-1.5,0.13,-0.375,,-0.054150821872886272,1,bohr,hartree_per_elementary_charge
-1.5,0.13,-0.28125,,-0.039174482019790659,1,bohr,hartree_per_elementary_charge
-1.5,0.13,-0.1875,,-0.024245591222483029,1,bohr,hartree_per_elementary_charge
-1.5,0.13,-0.09375,,-0.011048486607557953,1,bohr,hartree_per_elementary_charge
-1.5,0.13,0,,0.0021486180073671266,1,bohr,hartree_per_elementary_charge
-1.5,0.13,0.09375,,0.015105412429334377,1,bohr,hartree_per_elementary_charge
-1.5,0.13,0.18749999999999911,,0.022294995208567321,1,bohr,hartree_per_elementary_charge
-1.5,0.13,0.28125,,0.029484577987800416,1,bohr,hartree_per_elementary_charge
-1.5,0.13,0.375,,0.036394077338156902,1,bohr,hartree_per_elementary_charge
-1.5,0.13,0.46874999999999911,,0.038332247322115723,1,bohr,hartree_per_elementary_charge
-1.5,0.13,0.5625,,0.040270417306074557,1,bohr,hartree_per_elementary_charge
-1.5,0.13,0.65625,,0.042109399305131738,1,bohr,hartree_per_elementary_charge
-1.5,0.13,0.74999999999999911,,0.042559783568278498,1,bohr,hartree_per_elementary_charge
-1.5,0.13,0.84375,,0.04301016783142525,1,bohr,hartree_per_elementary_charge
-1.5,0.13,0.9375,,0.043567728084080999,1,bohr,hartree_per_elementary_charge
-1.5,0.13,1.0312499999999991,,0.045357786876761633,1,bohr,hartree_per_elementary_charge
-1.5,0.13,1.125,,0.047147845669442287,1,bohr,hartree_per_elementary_charge
-1.5,0.13,1.21875,,0.049080263361897837,1,bohr,hartree_per_elementary_charge
-1.5,0.13,1.3124999999999991,,0.052395571560486603,1,bohr,hartree_per_elementary_charge
-1.5,0.13,1.40625,,0.055710879759075488,1,bohr,hartree_per_elementary_charge
-1.5,0.13,1.5,,0.059007194992577602,1,bohr,hartree_per_elementary_charge
-1.5,0.13,1.5937499999999991,,0.062144446626919744,1,bohr,hartree_per_elementary_charge
-1.5,0.13,1.6875,,0.065281698261261983,1,bohr,hartree_per_elementary_charge
-1.5,0.13,1.78125,,0.068191580300051458,1,bohr,hartree_per_elementary_charge
-1.5,0.13,1.8749999999999991,,0.069434108594352589,1,bohr,hartree_per_elementary_charge
-1.5,0.13,1.96875,,0.070676636888653721,1,bohr,hartree_per_elementary_charge
-1.5,0.13,2.0625,,0.071617657000255436,1,bohr,hartree_per_elementary_charge
-1.5,0.13,2.1562499999999991,,0.070598898724416589,1,bohr,hartree_per_elementary_charge
-1.5,0.13,2.25,,0.069580140448577757,1,bohr,hartree_per_elementary_charge
-1.5,0.13,2.34375,,0.068348114143756106,1,bohr,hartree_per_elementary_charge
-1.5,0.13,2.4374999999999991,,0.06587527004181358,1,bohr,hartree_per_elementary_charge
-1.5,0.13,2.53125,,0.063402425939871096,1,bohr,hartree_per_elementary_charge
-1.5,0.13,2.625,,0.060857841070890546,1,bohr,hartree_per_elementary_charge
-1.5,0.13,2.7187499999999991,,0.057936621201568915,1,bohr,hartree_per_elementary_charge
-1.5,0.13,2.8125,,0.055015401332247311,1,bohr,hartree_per_elementary_charge
-1.5,0.13,2.90625,,0.05212497076064055,1,bohr,hartree_per_elementary_charge
-1.5,0.13,2.9999999999999991,,0.049381379995609473,1,bohr,hartree_per_elementary_charge
-1.5,0.13,3.09375,,0.046637789230578444,1,bohr,hartree_per_elementary_charge
-1.5,0.13,3.1875,,0.043971019990349261,1,bohr,hartree_per_elementary_charge
-1.5,0.13,3.2812499999999991,,0.041638969996412284,1,bohr,hartree_per_elementary_charge
-1.5,0.13,3.375,,0.039306920002475342,1,bohr,hartree_per_elementary_charge
-1.5,0.13,3.46875,,0.03706096873929178,1,bohr,hartree_per_elementary_charge
-1.5,0.13,3.5625,,0.035159409388437292,1,bohr,hartree_per_elementary_charge
-1.5,0.13,3.65625,,0.033257850037582852,1,bohr,hartree_per_elementary_charge
-1.5,0.13,3.75,,0.031435451201221556,1,bohr,hartree_per_elementary_charge
-1.5,0.13,3.84375,,0.029904954351295449,1,bohr,hartree_per_elementary_charge
-1.5,0.13,3.9375,,0.028374457501369316,1,bohr,hartree_per_elementary_charge
-1.5,0.13,4.03125,,0.026911423803666869,1,bohr,hartree_per_elementary_charge
-1.5,0.13,4.125,,0.025678556704438089,1,bohr,hartree_per_elementary_charge
-1.5,0.13,4.21875,,0.024445689605209282,1,bohr,hartree_per_elementary_charge
-1.5,0.13,4.3125,,0.023268567542341041,1,bohr,hartree_per_elementary_charge
-1.5,0.13,4.40625,,0.022267970111196231,1,bohr,hartree_per_elementary_charge
-1.5,0.13,4.5,,0.0212673726800514,1,bohr,hartree_per_elementary_charge
-1.40625,0.13,-4.5,,-0.021285276640289452,1,bohr,hartree_per_elementary_charge
-1.40625,0.13,-4.40625,,-0.022157633844416276,1,bohr,hartree_per_elementary_charge
-1.40625,0.13,-4.3125,,-0.023171964346278055,1,bohr,hartree_per_elementary_charge
-1.40625,0.13,-4.21875,,-0.024216063078271403,1,bohr,hartree_per_elementary_charge
-1.40625,0.13,-4.125,,-0.025260161810264754,1,bohr,hartree_per_elementary_charge
-1.40625,0.13,-4.03125,,-0.02648547587596527,1,bohr,hartree_per_elementary_charge
-1.40625,0.13,-3.9375,,-0.02774530670068736,1,bohr,hartree_per_elementary_charge
-1.40625,0.13,-3.84375,,-0.029005137525409445,1,bohr,hartree_per_elementary_charge
-1.40625,0.13,-3.75,,-0.030498015060117269,1,bohr,hartree_per_elementary_charge
-1.40625,0.13,-3.65625,,-0.032030946944648787,1,bohr,hartree_per_elementary_charge
-1.40625,0.13,-3.5625,,-0.033563878829180292,1,bohr,hartree_per_elementary_charge
-1.40625,0.13,-3.46875,,-0.035398053181854842,1,bohr,hartree_per_elementary_charge
-1.40625,0.13,-3.375,,-0.037278571841160353,1,bohr,hartree_per_elementary_charge
-1.40625,0.13,-3.28125,,-0.039159090500465864,1,bohr,hartree_per_elementary_charge
-1.40625,0.13,-3.1875,,-0.041428267838352364,1,bohr,hartree_per_elementary_charge
-1.40625,0.13,-3.09375,,-0.043750443231797553,1,bohr,hartree_per_elementary_charge
-1.40625,0.13,-3,,-0.046072618625242742,1,bohr,hartree_per_elementary_charge
-1.40625,0.13,-2.90625,,-0.048887294534486592,1,bohr,hartree_per_elementary_charge
-1.40625,0.13,-2.8125,,-0.051760775431783056,1,bohr,hartree_per_elementary_charge
-1.40625,0.13,-2.71875,,-0.054634256329079513,1,bohr,hartree_per_elementary_charge
-1.40625,0.13,-2.625,,-0.058101171957961655,1,bohr,hartree_per_elementary_charge
-1.40625,0.13,-2.53125,,-0.061629175244587081,1,bohr,hartree_per_elementary_charge
-1.40625,0.13,-2.4375,,-0.065157178531212487,1,bohr,hartree_per_elementary_charge
-1.40625,0.13,-2.34375,,-0.069321205187731438,1,bohr,hartree_per_elementary_charge
-1.40625,0.13,-2.25,,-0.073540536972522372,1,bohr,hartree_per_elementary_charge
-1.40625,0.13,-2.1562500000000004,,-0.077759868757313291,1,bohr,hartree_per_elementary_charge
-1.40625,0.13,-2.0625,,-0.082479126433759847,1,bohr,hartree_per_elementary_charge
-1.40625,0.13,-1.96875,,-0.087234092153801193,1,bohr,hartree_per_elementary_charge
-1.40625,0.13,-1.8750000000000004,,-0.091989057873842511,1,bohr,hartree_per_elementary_charge
-1.40625,0.13,-1.78125,,-0.096708792519656403,1,bohr,hartree_per_elementary_charge
-1.40625,0.13,-1.6875,,-0.10142654238070317,1,bohr,hartree_per_elementary_charge
-1.40625,0.13,-1.5937500000000004,,-0.10614429224174995,1,bohr,hartree_per_elementary_charge
-1.40625,0.13,-1.5,,-0.10955930138296363,1,bohr,hartree_per_elementary_charge
-1.40625,0.13,-1.40625,,-0.11292003196156991,1,bohr,hartree_per_elementary_charge
-1.40625,0.13,-1.3125000000000004,,-0.11628076254017623,1,bohr,hartree_per_elementary_charge
-1.40625,0.13,-1.21875,,-0.11605054415010921,1,bohr,hartree_per_elementary_charge
-1.40625,0.13,-1.125,,-0.11572194971759418,1,bohr,hartree_per_elementary_charge
-1.40625,0.13,-1.0312500000000004,,-0.11539335528507914,1,bohr,hartree_per_elementary_charge
-1.40625,0.13,-0.9375,,-0.10858520558743645,1,bohr,hartree_per_elementary_charge
-1.40625,0.13,-0.84375,,-0.10168950499598049,1,bohr,hartree_per_elementary_charge
-1.40625,0.13,-0.75000000000000044,,-0.094793792020026052,1,bohr,hartree_per_elementary_charge
-1.40625,0.13,-0.65625,,-0.080106438747446496,1,bohr,hartree_per_elementary_charge
-1.40625,0.13,-0.5625,,-0.065419085474866773,1,bohr,hartree_per_elementary_charge
-1.40625,0.13,-0.46875,,-0.05067487705676791,1,bohr,hartree_per_elementary_charge
-1.40625,0.13,-0.375,,-0.031723892068645003,1,bohr,hartree_per_elementary_charge
-1.40625,0.13,-0.28125,,-0.012772907080521883,1,bohr,hartree_per_elementary_charge
-1.40625,0.13,-0.1875,,0.0060871642282768644,1,bohr,hartree_per_elementary_charge
-1.40625,0.13,-0.09375,,0.021629086186598003,1,bohr,hartree_per_elementary_charge
-1.40625,0.13,0,,0.037171008144919152,1,bohr,hartree_per_elementary_charge
-1.40625,0.13,0.09375,,0.052362547939011184,1,bohr,hartree_per_elementary_charge
-1.40625,0.13,0.18749999999999911,,0.059145255498078739,1,bohr,hartree_per_elementary_charge
-1.40625,0.13,0.28125,,0.065927963057146433,1,bohr,hartree_per_elementary_charge
-1.40625,0.13,0.375,,0.072332024566909972,1,bohr,hartree_per_elementary_charge
-1.40625,0.13,0.46874999999999911,,0.072015323509867502,1,bohr,hartree_per_elementary_charge
-1.40625,0.13,0.5625,,0.071698622452825045,1,bohr,hartree_per_elementary_charge
-1.40625,0.13,0.65625,,0.071277322490882214,1,bohr,hartree_per_elementary_charge
-1.40625,0.13,0.74999999999999911,,0.069391673770696216,1,bohr,hartree_per_elementary_charge
-1.40625,0.13,0.84375,,0.067506025050510218,1,bohr,hartree_per_elementary_charge
-1.40625,0.13,0.9375,,0.065806008053862122,1,bohr,hartree_per_elementary_charge
-1.40625,0.13,1.0312499999999991,,0.066240711989495368,1,bohr,hartree_per_elementary_charge
-1.40625,0.13,1.125,,0.066675415925128628,1,bohr,hartree_per_elementary_charge
-1.40625,0.13,1.21875,,0.067340753117952568,1,bohr,hartree_per_elementary_charge
-1.40625,0.13,1.3124999999999991,,0.070246487941496544,1,bohr,hartree_per_elementary_charge
-1.40625,0.13,1.40625,,0.073152222765040631,1,bohr,hartree_per_elementary_charge
-1.40625,0.13,1.5,,0.076068315707230313,1,bohr,hartree_per_elementary_charge
-1.40625,0.13,1.5937499999999991,,0.079071156538692358,1,bohr,hartree_per_elementary_charge
-1.40625,0.13,1.6875,,0.082073997370154486,1,bohr,hartree_per_elementary_charge
-1.40625,0.13,1.78125,,0.084810309336350739,1,bohr,hartree_per_elementary_charge
-1.40625,0.13,1.8749999999999991,,0.085592103591262916,1,bohr,hartree_per_elementary_charge
-1.40625,0.13,1.96875,,0.086373897846175135,1,bohr,hartree_per_elementary_charge
-1.40625,0.13,2.0625,,0.086798104578952609,1,bohr,hartree_per_elementary_charge
-1.40625,0.13,2.1562499999999991,,0.084898021830682305,1,bohr,hartree_per_elementary_charge
-1.40625,0.13,2.25,,0.082997939082412042,1,bohr,hartree_per_elementary_charge
-1.40625,0.13,2.34375,,0.080862989571101607,1,bohr,hartree_per_elementary_charge
-1.40625,0.13,2.4374999999999991,,0.07736155835635751,1,bohr,hartree_per_elementary_charge
-1.40625,0.13,2.53125,,0.073860127141613441,1,bohr,hartree_per_elementary_charge
-1.40625,0.13,2.625,,0.070306191817441813,1,bohr,hartree_per_elementary_charge
-1.40625,0.13,2.7187499999999991,,0.066476612865684542,1,bohr,hartree_per_elementary_charge
-1.40625,0.13,2.8125,,0.062647033913927314,1,bohr,hartree_per_elementary_charge
-1.40625,0.13,2.90625,,0.058886858170396086,1,bohr,hartree_per_elementary_charge
-1.40625,0.13,2.9999999999999991,,0.0554576790532261,1,bohr,hartree_per_elementary_charge
-1.40625,0.13,3.09375,,0.052028499936056183,1,bohr,hartree_per_elementary_charge
-1.40625,0.13,3.1875,,0.048714920269060359,1,bohr,hartree_per_elementary_charge
-1.40625,0.13,3.2812499999999991,,0.045905019238148367,1,bohr,hartree_per_elementary_charge
-1.40625,0.13,3.375,,0.043095118207236417,1,bohr,hartree_per_elementary_charge
-1.40625,0.13,3.46875,,0.040402258811788452,1,bohr,hartree_per_elementary_charge
-1.40625,0.13,3.5625,,0.0381775618655062,1,bohr,hartree_per_elementary_charge
-1.40625,0.13,3.65625,,0.035952864919224004,1,bohr,hartree_per_elementary_charge
-1.40625,0.13,3.75,,0.033829713491097611,1,bohr,hartree_per_elementary_charge
-1.40625,0.13,3.84375,,0.03208100806869843,1,bohr,hartree_per_elementary_charge
-1.40625,0.13,3.9375,,0.030332302646299221,1,bohr,hartree_per_elementary_charge
-1.40625,0.13,4.03125,,0.028666676754436005,1,bohr,hartree_per_elementary_charge
-1.40625,0.13,4.125,,0.027284496451994059,1,bohr,hartree_per_elementary_charge
-1.40625,0.13,4.21875,,0.025902316149552088,1,bohr,hartree_per_elementary_charge
-1.40625,0.13,4.3125,,0.02458671109895029,1,bohr,hartree_per_elementary_charge
-1.40625,0.13,4.40625,,0.023481926106603858,1,bohr,hartree_per_elementary_charge
-1.40625,0.13,4.5,,0.022377141114257405,1,bohr,hartree_per_elementary_charge
-1.3125000000000004,0.13,-4.5,,-0.021094145347571661,1,bohr,hartree_per_elementary_charge
-1.3125000000000004,0.13,-4.40625,,-0.021964261350913929,1,bohr,hartree_per_elementary_charge
-1.3125000000000004,0.13,-4.3125,,-0.022978054733964186,1,bohr,hartree_per_elementary_charge
-1.3125000000000004,0.13,-4.21875,,-0.024021973650280793,1,bohr,hartree_per_elementary_charge
-1.3125000000000004,0.13,-4.125,,-0.025065892566597397,1,bohr,hartree_per_elementary_charge
-1.3125000000000004,0.13,-4.03125,,-0.026294038944759242,1,bohr,hartree_per_elementary_charge
-1.3125000000000004,0.13,-3.9375,,-0.027557275813199025,1,bohr,hartree_per_elementary_charge
-1.3125000000000004,0.13,-3.84375,,-0.028820512681638804,1,bohr,hartree_per_elementary_charge
-1.3125000000000004,0.13,-3.75,,-0.030321915844953948,1,bohr,hartree_per_elementary_charge
-1.3125000000000004,0.13,-3.65625,,-0.031864253274587334,1,bohr,hartree_per_elementary_charge
-1.3125000000000004,0.13,-3.5625,,-0.033406590704220723,1,bohr,hartree_per_elementary_charge
-1.3125000000000004,0.13,-3.46875,,-0.03525856742072056,1,bohr,hartree_per_elementary_charge
-1.3125000000000004,0.13,-3.375,,-0.037158180242926171,1,bohr,hartree_per_elementary_charge
-1.3125000000000004,0.13,-3.28125,,-0.039057793065131782,1,bohr,hartree_per_elementary_charge
-1.3125000000000004,0.13,-3.1875,,-0.041359139370522754,1,bohr,hartree_per_elementary_charge
-1.3125000000000004,0.13,-3.09375,,-0.043715266630604807,1,bohr,hartree_per_elementary_charge
-1.3125000000000004,0.13,-3,,-0.046071393890686853,1,bohr,hartree_per_elementary_charge
-1.3125000000000004,0.13,-2.90625,,-0.048938511023044542,1,bohr,hartree_per_elementary_charge
-1.3125000000000004,0.13,-2.8125,,-0.051866640788628529,1,bohr,hartree_per_elementary_charge
-1.3125000000000004,0.13,-2.71875,,-0.054794770554212509,1,bohr,hartree_per_elementary_charge
-1.3125000000000004,0.13,-2.625,,-0.05833752568323728,1,bohr,hartree_per_elementary_charge
-1.3125000000000004,0.13,-2.53125,,-0.061943549815311284,1,bohr,hartree_per_elementary_charge
-1.3125000000000004,0.13,-2.4375,,-0.065549573947385281,1,bohr,hartree_per_elementary_charge
-1.3125000000000004,0.13,-2.34375,,-0.069802440537776136,1,bohr,hartree_per_elementary_charge
-1.3125000000000004,0.13,-2.25,,-0.074111553025444282,1,bohr,hartree_per_elementary_charge
-1.3125000000000004,0.13,-2.1562500000000004,,-0.078420665513112373,1,bohr,hartree_per_elementary_charge
-1.3125000000000004,0.13,-2.0625,,-0.083190412630645777,1,bohr,hartree_per_elementary_charge
-1.3125000000000004,0.13,-1.96875,,-0.08799306134763428,1,bohr,hartree_per_elementary_charge
-1.3125000000000004,0.13,-1.8750000000000004,,-0.092795710064622797,1,bohr,hartree_per_elementary_charge
-1.3125000000000004,0.13,-1.78125,,-0.097368555420385708,1,bohr,hartree_per_elementary_charge
-1.3125000000000004,0.13,-1.6875,,-0.10192845452853064,1,bohr,hartree_per_elementary_charge
-1.3125000000000004,0.13,-1.5937500000000004,,-0.10648835363667555,1,bohr,hartree_per_elementary_charge
-1.3125000000000004,0.13,-1.5,,-0.10914646888679053,1,bohr,hartree_per_elementary_charge
-1.3125000000000004,0.13,-1.40625,,-0.11172534650148633,1,bohr,hartree_per_elementary_charge
-1.3125000000000004,0.13,-1.3125000000000004,,-0.11430422411618221,1,bohr,hartree_per_elementary_charge
-1.3125000000000004,0.13,-1.21875,,-0.11182503123910935,1,bohr,hartree_per_elementary_charge
-1.3125000000000004,0.13,-1.125,,-0.10920726971019985,1,bohr,hartree_per_elementary_charge
-1.3125000000000004,0.13,-1.0312500000000004,,-0.10658950818129036,1,bohr,hartree_per_elementary_charge
-1.3125000000000004,0.13,-0.9375,,-0.094740253956485776,1,bohr,hartree_per_elementary_charge
-1.3125000000000004,0.13,-0.84375,,-0.082766265023250518,1,bohr,hartree_per_elementary_charge
-1.3125000000000004,0.13,-0.75000000000000044,,-0.070792258540132949,1,bohr,hartree_per_elementary_charge
-1.3125000000000004,0.13,-0.65625,,-0.047776838461555449,1,bohr,hartree_per_elementary_charge
-1.3125000000000004,0.13,-0.5625,,-0.024761418382977709,1,bohr,hartree_per_elementary_charge
-1.3125000000000004,0.13,-0.46875,,-0.0016820186180372503,1,bohr,hartree_per_elementary_charge
-1.3125000000000004,0.13,-0.375,,0.026131310558050548,1,bohr,hartree_per_elementary_charge
-1.3125000000000004,0.13,-0.28125,,0.053944639734138655,1,bohr,hartree_per_elementary_charge
-1.3125000000000004,0.13,-0.1875,,0.081534378939987412,1,bohr,hartree_per_elementary_charge
-1.3125000000000004,0.13,-0.09375,,0.10096357596959671,1,bohr,hartree_per_elementary_charge
-1.3125000000000004,0.13,0,,0.120392772999206,1,bohr,hartree_per_elementary_charge
-1.3125000000000004,0.13,0.09375,,0.13917785252024317,1,bohr,hartree_per_elementary_charge
-1.3125000000000004,0.13,0.18749999999999911,,0.14250473632762942,1,bohr,hartree_per_elementary_charge
-1.3125000000000004,0.13,0.28125,,0.14583162013501572,1,bohr,hartree_per_elementary_charge
-1.3125000000000004,0.13,0.375,,0.14858501198827856,1,bohr,hartree_per_elementary_charge
-1.3125000000000004,0.13,0.46874999999999911,,0.1411592318556692,1,bohr,hartree_per_elementary_charge
-1.3125000000000004,0.13,0.5625,,0.13373345172305973,1,bohr,hartree_per_elementary_charge
-1.3125000000000004,0.13,0.65625,,0.12627740900921791,1,bohr,hartree_per_elementary_charge
-1.3125000000000004,0.13,0.74999999999999911,,0.11839770054771855,1,bohr,hartree_per_elementary_charge
-1.3125000000000004,0.13,0.84375,,0.11051799208621911,1,bohr,hartree_per_elementary_charge
-1.3125000000000004,0.13,0.9375,,0.10306551546819702,1,bohr,hartree_per_elementary_charge
-1.3125000000000004,0.13,1.0312499999999991,,0.10052610404089928,1,bohr,hartree_per_elementary_charge
-1.3125000000000004,0.13,1.125,,0.097986692613601489,1,bohr,hartree_per_elementary_charge
-1.3125000000000004,0.13,1.21875,,0.095897679198250249,1,bohr,hartree_per_elementary_charge
-1.3125000000000004,0.13,1.3124999999999991,,0.09818388317841871,1,bohr,hartree_per_elementary_charge
-1.3125000000000004,0.13,1.40625,,0.10047008715858721,1,bohr,hartree_per_elementary_charge
-1.3125000000000004,0.13,1.5,,0.10282597343241565,1,bohr,hartree_per_elementary_charge
-1.3125000000000004,0.13,1.5937499999999991,,0.1057654398042772,1,bohr,hartree_per_elementary_charge
-1.3125000000000004,0.13,1.6875,,0.10870490617613884,1,bohr,hartree_per_elementary_charge
-1.3125000000000004,0.13,1.78125,,0.1112766871684764,1,bohr,hartree_per_elementary_charge
-1.3125000000000004,0.13,1.8749999999999991,,0.11115214637314148,1,bohr,hartree_per_elementary_charge
-1.3125000000000004,0.13,1.96875,,0.11102760557780658,1,bohr,hartree_per_elementary_charge
-1.3125000000000004,0.13,2.0625,,0.11043121539105132,1,bohr,hartree_per_elementary_charge
-1.3125000000000004,0.13,2.1562499999999991,,0.10676784297133113,1,bohr,hartree_per_elementary_charge
-1.3125000000000004,0.13,2.25,,0.10310447055161098,1,bohr,hartree_per_elementary_charge
-1.3125000000000004,0.13,2.34375,,0.099190886976944947,1,bohr,hartree_per_elementary_charge
-1.3125000000000004,0.13,2.4374999999999991,,0.093821546270862005,1,bohr,hartree_per_elementary_charge
-1.3125000000000004,0.13,2.53125,,0.088452205564779146,1,bohr,hartree_per_elementary_charge
-1.3125000000000004,0.13,2.625,,0.083094176954912058,1,bohr,hartree_per_elementary_charge
-1.3125000000000004,0.13,2.7187499999999991,,0.077795536215261862,1,bohr,hartree_per_elementary_charge
-1.3125000000000004,0.13,2.8125,,0.072496895475611722,1,bohr,hartree_per_elementary_charge
-1.3125000000000004,0.13,2.90625,,0.067350035296546804,1,bohr,hartree_per_elementary_charge
-1.3125000000000004,0.13,2.9999999999999991,,0.062927044442619234,1,bohr,hartree_per_elementary_charge
-1.3125000000000004,0.13,3.09375,,0.058504053588691741,1,bohr,hartree_per_elementary_charge
-1.3125000000000004,0.13,3.1875,,0.054264516237047443,1,bohr,hartree_per_elementary_charge
-1.3125000000000004,0.13,3.2812499999999991,,0.050824304571430376,1,bohr,hartree_per_elementary_charge
-1.3125000000000004,0.13,3.375,,0.047384092905813406,1,bohr,hartree_per_elementary_charge
-1.3125000000000004,0.13,3.46875,,0.044108033214179887,1,bohr,hartree_per_elementary_charge
-1.3125000000000004,0.13,3.5625,,0.041488575678444516,1,bohr,hartree_per_elementary_charge
-1.3125000000000004,0.13,3.65625,,0.0388691181427092,1,bohr,hartree_per_elementary_charge
-1.3125000000000004,0.13,3.75,,0.036381839329807368,1,bohr,hartree_per_elementary_charge
-1.3125000000000004,0.13,3.84375,,0.034381965531976512,1,bohr,hartree_per_elementary_charge
-1.3125000000000004,0.13,3.9375,,0.032382091734145607,1,bohr,hartree_per_elementary_charge
-1.3125000000000004,0.13,4.03125,,0.030484977302799789,1,bohr,hartree_per_elementary_charge
-1.3125000000000004,0.13,4.125,,0.028938450904559179,1,bohr,hartree_per_elementary_charge
-1.3125000000000004,0.13,4.21875,,0.027391924506318534,1,bohr,hartree_per_elementary_charge
-1.3125000000000004,0.13,4.3125,,0.025924792552449772,1,bohr,hartree_per_elementary_charge
-1.3125000000000004,0.13,4.40625,,0.024709074463718405,1,bohr,hartree_per_elementary_charge
-1.3125000000000004,0.13,4.5,,0.023493356374987014,1,bohr,hartree_per_elementary_charge
-1.21875,0.13,-4.5,,-0.020861876377882671,1,bohr,hartree_per_elementary_charge
-1.21875,0.13,-4.40625,,-0.021726785798671888,1,bohr,hartree_per_elementary_charge
-1.21875,0.13,-4.3125,,-0.022736342200025045,1,bohr,hartree_per_elementary_charge
-1.21875,0.13,-4.21875,,-0.02377622743556012,1,bohr,hartree_per_elementary_charge
-1.21875,0.13,-4.125,,-0.024816112671095202,1,bohr,hartree_per_elementary_charge
-1.21875,0.13,-4.03125,,-0.026042227119468832,1,bohr,hartree_per_elementary_charge
-1.21875,0.13,-3.9375,,-0.027303813339081821,1,bohr,hartree_per_elementary_charge
-1.21875,0.13,-3.84375,,-0.028565399558694811,1,bohr,hartree_per_elementary_charge
-1.21875,0.13,-3.75,,-0.030068861431850738,1,bohr,hartree_per_elementary_charge
-1.21875,0.13,-3.65625,,-0.031613895108536683,1,bohr,hartree_per_elementary_charge
-1.21875,0.13,-3.5625,,-0.03315892878522262,1,bohr,hartree_per_elementary_charge
-1.21875,0.13,-3.46875,,-0.035019984693902446,1,bohr,hartree_per_elementary_charge
-1.21875,0.13,-3.375,,-0.036929658685258354,1,bohr,hartree_per_elementary_charge
-1.21875,0.13,-3.28125,,-0.038839332676614262,1,bohr,hartree_per_elementary_charge
-1.21875,0.13,-3.1875,,-0.041160823174201472,1,bohr,hartree_per_elementary_charge
-1.21875,0.13,-3.09375,,-0.043538469561982408,1,bohr,hartree_per_elementary_charge
-1.21875,0.13,-3,,-0.045916115949763331,1,bohr,hartree_per_elementary_charge
-1.21875,0.13,-2.90625,,-0.048818504089948513,1,bohr,hartree_per_elementary_charge
-1.21875,0.13,-2.8125,,-0.051783546849755363,1,bohr,hartree_per_elementary_charge
-1.21875,0.13,-2.71875,,-0.054748589609562213,1,bohr,hartree_per_elementary_charge
-1.21875,0.13,-2.625,,-0.058341266880295894,1,bohr,hartree_per_elementary_charge
-1.21875,0.13,-2.53125,,-0.061998552304463592,1,bohr,hartree_per_elementary_charge
-1.21875,0.13,-2.4375,,-0.065655837728631303,1,bohr,hartree_per_elementary_charge
-1.21875,0.13,-2.34375,,-0.069955169278689014,1,bohr,hartree_per_elementary_charge
-1.21875,0.13,-2.25,,-0.07431032966307842,1,bohr,hartree_per_elementary_charge
-1.21875,0.13,-2.1562500000000004,,-0.078665490047467826,1,bohr,hartree_per_elementary_charge
-1.21875,0.13,-2.0625,,-0.083408725539476397,1,bohr,hartree_per_elementary_charge
-1.21875,0.13,-1.96875,,-0.088179679945612488,1,bohr,hartree_per_elementary_charge
-1.21875,0.13,-1.8750000000000004,,-0.092950634351748537,1,bohr,hartree_per_elementary_charge
-1.21875,0.13,-1.78125,,-0.097218010795703094,1,bohr,hartree_per_elementary_charge
-1.21875,0.13,-1.6875,,-0.10145701757196174,1,bohr,hartree_per_elementary_charge
-1.21875,0.13,-1.5937500000000004,,-0.10569602434822042,1,bohr,hartree_per_elementary_charge
-1.21875,0.13,-1.5,,-0.10723333903570925,1,bohr,hartree_per_elementary_charge
-1.21875,0.13,-1.40625,,-0.10865808799085117,1,bohr,hartree_per_elementary_charge
-1.21875,0.13,-1.3125000000000004,,-0.11008283694599309,1,bohr,hartree_per_elementary_charge
-1.21875,0.13,-1.21875,,-0.10449829683323594,1,bohr,hartree_per_elementary_charge
-1.21875,0.13,-1.125,,-0.098721733351478255,1,bohr,hartree_per_elementary_charge
-1.21875,0.13,-1.0312500000000004,,-0.092945169869720484,1,bohr,hartree_per_elementary_charge
-1.21875,0.13,-0.9375,,-0.074240366398637334,1,bohr,hartree_per_elementary_charge
-1.21875,0.13,-0.84375,,-0.055360878258594093,1,bohr,hartree_per_elementary_charge
-1.21875,0.13,-0.75000000000000044,,-0.036481365569353968,1,bohr,hartree_per_elementary_charge
-1.21875,0.13,-0.65625,,-0.0021568583894299043,1,bohr,hartree_per_elementary_charge
-1.21875,0.13,-0.5625,,0.032167648790494538,1,bohr,hartree_per_elementary_charge
-1.21875,0.13,-0.46875,,0.066564598251073054,1,bohr,hartree_per_elementary_charge
-1.21875,0.13,-0.375,,0.10632163405303717,1,bohr,hartree_per_elementary_charge
-1.21875,0.13,-0.28125,,0.1460786698550017,1,bohr,hartree_per_elementary_charge
-1.21875,0.13,-0.1875,,0.18542319749591046,1,bohr,hartree_per_elementary_charge
-1.21875,0.13,-0.09375,,0.20971208448023582,1,bohr,hartree_per_elementary_charge
-1.21875,0.13,0,,0.23400097146456122,1,bohr,hartree_per_elementary_charge
-1.21875,0.13,0.09375,,0.25723621830774557,1,bohr,hartree_per_elementary_charge
-1.21875,0.13,0.18749999999999911,,0.25518512330063164,1,bohr,hartree_per_elementary_charge
-1.21875,0.13,0.28125,,0.25313402829351772,1,bohr,hartree_per_elementary_charge
-1.21875,0.13,0.375,,0.25025389535310905,1,bohr,hartree_per_elementary_charge
-1.21875,0.13,0.46874999999999911,,0.23265878752047434,1,bohr,hartree_per_elementary_charge
-1.21875,0.13,0.5625,,0.21506367968783938,1,bohr,hartree_per_elementary_charge
-1.21875,0.13,0.65625,,0.19756292082090987,1,bohr,hartree_per_elementary_charge
-1.21875,0.13,0.74999999999999911,,0.18138301508245197,1,bohr,hartree_per_elementary_charge
-1.21875,0.13,0.84375,,0.1652031093439939,1,bohr,hartree_per_elementary_charge
-1.21875,0.13,0.9375,,0.14979488702876137,1,bohr,hartree_per_elementary_charge
-1.21875,0.13,1.0312499999999991,,0.14326084163360611,1,bohr,hartree_per_elementary_charge
-1.21875,0.13,1.125,,0.13672679623845077,1,bohr,hartree_per_elementary_charge
-1.21875,0.13,1.21875,,0.13094580937893155,1,bohr,hartree_per_elementary_charge
-1.21875,0.13,1.3124999999999991,,0.13248011858548522,1,bohr,hartree_per_elementary_charge
-1.21875,0.13,1.40625,,0.13401442779203895,1,bohr,hartree_per_elementary_charge
-1.21875,0.13,1.5,,0.13569663946651395,1,bohr,hartree_per_elementary_charge
-1.21875,0.13,1.5937499999999991,,0.13861751497071423,1,bohr,hartree_per_elementary_charge
-1.21875,0.13,1.6875,,0.14153839047491457,1,bohr,hartree_per_elementary_charge
-1.21875,0.13,1.78125,,0.1439513390315014,1,bohr,hartree_per_elementary_charge
-1.21875,0.13,1.8749999999999991,,0.14263954199943008,1,bohr,hartree_per_elementary_charge
-1.21875,0.13,1.96875,,0.14132774496735878,1,bohr,hartree_per_elementary_charge
-1.21875,0.13,2.0625,,0.1393931565393928,1,bohr,hartree_per_elementary_charge
-1.21875,0.13,2.1562499999999991,,0.13341047526488789,1,bohr,hartree_per_elementary_charge
-1.21875,0.13,2.25,,0.12742779399038309,1,bohr,hartree_per_elementary_charge
-1.21875,0.13,2.34375,,0.12118350010716,1,bohr,hartree_per_elementary_charge
-1.21875,0.13,2.4374999999999991,,0.11341711412979102,1,bohr,hartree_per_elementary_charge
-1.21875,0.13,2.53125,,0.10565072815242216,1,bohr,hartree_per_elementary_charge
-1.21875,0.13,2.625,,0.097987574855541271,1,bohr,hartree_per_elementary_charge
-1.21875,0.13,2.7187499999999991,,0.090866387337060942,1,bohr,hartree_per_elementary_charge
-1.21875,0.13,2.8125,,0.083745199818580723,1,bohr,hartree_per_elementary_charge
-1.21875,0.13,2.90625,,0.076885760092127844,1,bohr,hartree_per_elementary_charge
-1.21875,0.13,2.9999999999999991,,0.071274643582037389,1,bohr,hartree_per_elementary_charge
-1.21875,0.13,3.09375,,0.065663527071947017,1,bohr,hartree_per_elementary_charge
-1.21875,0.13,3.1875,,0.060322048640243202,1,bohr,hartree_per_elementary_charge
-1.21875,0.13,3.2812499999999991,,0.056155410913693686,1,bohr,hartree_per_elementary_charge
-1.21875,0.13,3.375,,0.05198877318714426,1,bohr,hartree_per_elementary_charge
-1.21875,0.13,3.46875,,0.048043590242543337,1,bohr,hartree_per_elementary_charge
-1.21875,0.13,3.5625,,0.04498421868194686,1,bohr,hartree_per_elementary_charge
-1.21875,0.13,3.65625,,0.041924847121350445,1,bohr,hartree_per_elementary_charge
-1.21875,0.13,3.75,,0.039033487419053214,1,bohr,hartree_per_elementary_charge
-1.21875,0.13,3.84375,,0.036761666327592632,1,bohr,hartree_per_elementary_charge
-1.21875,0.13,3.9375,,0.034489845236132008,1,bohr,hartree_per_elementary_charge
-1.21875,0.13,4.03125,,0.032343025081286468,1,bohr,hartree_per_elementary_charge
-1.21875,0.13,4.125,,0.030622675369021517,1,bohr,hartree_per_elementary_charge
-1.21875,0.13,4.21875,,0.028902325656756534,1,bohr,hartree_per_elementary_charge
-1.21875,0.13,4.3125,,0.027275443496399279,1,bohr,hartree_per_elementary_charge
-1.21875,0.13,4.40625,,0.025944539709289196,1,bohr,hartree_per_elementary_charge
-1.21875,0.13,4.5,,0.024613635922179085,1,bohr,hartree_per_elementary_charge
-1.125,0.13,-4.5,,-0.020629607408193675,1,bohr,hartree_per_elementary_charge
-1.125,0.13,-4.40625,,-0.021489310246429846,1,bohr,hartree_per_elementary_charge
-1.125,0.13,-4.3125,,-0.0224946296660859,1,bohr,hartree_per_elementary_charge
-1.125,0.13,-4.21875,,-0.023530481220839446,1,bohr,hartree_per_elementary_charge
-1.125,0.13,-4.125,,-0.024566332775592996,1,bohr,hartree_per_elementary_charge
-1.125,0.13,-4.03125,,-0.025790415294178422,1,bohr,hartree_per_elementary_charge
-1.125,0.13,-3.9375,,-0.027050350864964618,1,bohr,hartree_per_elementary_charge
-1.125,0.13,-3.84375,,-0.028310286435750807,1,bohr,hartree_per_elementary_charge
-1.125,0.13,-3.75,,-0.029815807018747531,1,bohr,hartree_per_elementary_charge
-1.125,0.13,-3.65625,,-0.031363536942486024,1,bohr,hartree_per_elementary_charge
-1.125,0.13,-3.5625,,-0.032911266866224503,1,bohr,hartree_per_elementary_charge
-1.125,0.13,-3.46875,,-0.034781401967084333,1,bohr,hartree_per_elementary_charge
-1.125,0.13,-3.375,,-0.03670113712759053,1,bohr,hartree_per_elementary_charge
-1.125,0.13,-3.28125,,-0.038620872288096728,1,bohr,hartree_per_elementary_charge
-1.125,0.13,-3.1875,,-0.040962506977880196,1,bohr,hartree_per_elementary_charge
-1.125,0.13,-3.09375,,-0.043361672493360003,1,bohr,hartree_per_elementary_charge
-1.125,0.13,-3,,-0.045760838008839816,1,bohr,hartree_per_elementary_charge
-1.125,0.13,-2.90625,,-0.048698497156852476,1,bohr,hartree_per_elementary_charge
-1.125,0.13,-2.8125,,-0.051700452910882204,1,bohr,hartree_per_elementary_charge
-1.125,0.13,-2.71875,,-0.054702408664911911,1,bohr,hartree_per_elementary_charge
-1.125,0.13,-2.625,,-0.058345008077354495,1,bohr,hartree_per_elementary_charge
-1.125,0.13,-2.53125,,-0.062053554793615906,1,bohr,hartree_per_elementary_charge
-1.125,0.13,-2.4375,,-0.065762101509877324,1,bohr,hartree_per_elementary_charge
-1.125,0.13,-2.34375,,-0.070107898019601878,1,bohr,hartree_per_elementary_charge
-1.125,0.13,-2.25,,-0.074509106300712571,1,bohr,hartree_per_elementary_charge
-1.125,0.13,-2.1562500000000004,,-0.078910314581823238,1,bohr,hartree_per_elementary_charge
-1.125,0.13,-2.0625,,-0.083627038448307003,1,bohr,hartree_per_elementary_charge
-1.125,0.13,-1.96875,,-0.088366298543590655,1,bohr,hartree_per_elementary_charge
-1.125,0.13,-1.8750000000000004,,-0.093105558638874278,1,bohr,hartree_per_elementary_charge
-1.125,0.13,-1.78125,,-0.097067466171020453,1,bohr,hartree_per_elementary_charge
-1.125,0.13,-1.6875,,-0.10098558061539287,1,bohr,hartree_per_elementary_charge
-1.125,0.13,-1.5937500000000004,,-0.1049036950597653,1,bohr,hartree_per_elementary_charge
-1.125,0.13,-1.5,,-0.10532020918462796,1,bohr,hartree_per_elementary_charge
-1.125,0.13,-1.40625,,-0.10559082948021595,1,bohr,hartree_per_elementary_charge
-1.125,0.13,-1.3125000000000004,,-0.10586144977580392,1,bohr,hartree_per_elementary_charge
-1.125,0.13,-1.21875,,-0.097171562427362496,1,bohr,hartree_per_elementary_charge
-1.125,0.13,-1.125,,-0.088236196992756533,1,bohr,hartree_per_elementary_charge
-1.125,0.13,-1.0312500000000004,,-0.079300831558150486,1,bohr,hartree_per_elementary_charge
-1.125,0.13,-0.9375,,-0.053740478840788683,1,bohr,hartree_per_elementary_charge
-1.125,0.13,-0.84375,,-0.027955491493937359,1,bohr,hartree_per_elementary_charge
-1.125,0.13,-0.75000000000000044,,-0.0021704725985746262,1,bohr,hartree_per_elementary_charge
-1.125,0.13,-0.65625,,0.04346312168269615,1,bohr,hartree_per_elementary_charge
-1.125,0.13,-0.5625,,0.089096715963967399,1,bohr,hartree_per_elementary_charge
-1.125,0.13,-0.46875,,0.1348112151201841,1,bohr,hartree_per_elementary_charge
-1.125,0.13,-0.375,,0.18651195754802466,1,bohr,hartree_per_elementary_charge
-1.125,0.13,-0.28125,,0.23821269997586575,1,bohr,hartree_per_elementary_charge
-1.125,0.13,-0.1875,,0.28931201605183465,1,bohr,hartree_per_elementary_charge
-1.125,0.13,-0.09375,,0.3184605929908762,1,bohr,hartree_per_elementary_charge
-1.125,0.13,0,,0.34760916992991764,1,bohr,hartree_per_elementary_charge
-1.125,0.13,0.09375,,0.3752945840952493,1,bohr,hartree_per_elementary_charge
-1.125,0.13,0.18749999999999911,,0.36786551027363512,1,bohr,hartree_per_elementary_charge
-1.125,0.13,0.28125,,0.36043643645202089,1,bohr,hartree_per_elementary_charge
-1.125,0.13,0.375,,0.3519227787179407,1,bohr,hartree_per_elementary_charge
-1.125,0.13,0.46874999999999911,,0.32415834318528042,1,bohr,hartree_per_elementary_charge
-1.125,0.13,0.5625,,0.29639390765261991,1,bohr,hartree_per_elementary_charge
-1.125,0.13,0.65625,,0.26884843263260261,1,bohr,hartree_per_elementary_charge
-1.125,0.13,0.74999999999999911,,0.24436832961718602,1,bohr,hartree_per_elementary_charge
-1.125,0.13,0.84375,,0.21988822660176924,1,bohr,hartree_per_elementary_charge
-1.125,0.13,0.9375,,0.19652425858932626,1,bohr,hartree_per_elementary_charge
-1.125,0.13,1.0312499999999991,,0.18599557922631343,1,bohr,hartree_per_elementary_charge
-1.125,0.13,1.125,,0.1754668998633005,1,bohr,hartree_per_elementary_charge
-1.125,0.13,1.21875,,0.16599393955961322,1,bohr,hartree_per_elementary_charge
-1.125,0.13,1.3124999999999991,,0.16677635399255214,1,bohr,hartree_per_elementary_charge
-1.125,0.13,1.40625,,0.16755876842549106,1,bohr,hartree_per_elementary_charge
-1.125,0.13,1.5,,0.16856730550061261,1,bohr,hartree_per_elementary_charge
-1.125,0.13,1.5937499999999991,,0.1714695901371516,1,bohr,hartree_per_elementary_charge
-1.125,0.13,1.6875,,0.17437187477369065,1,bohr,hartree_per_elementary_charge
-1.125,0.13,1.78125,,0.17662599089452674,1,bohr,hartree_per_elementary_charge
-1.125,0.13,1.8749999999999991,,0.17412693762571904,1,bohr,hartree_per_elementary_charge
-1.125,0.13,1.96875,,0.17162788435691131,1,bohr,hartree_per_elementary_charge
-1.125,0.13,2.0625,,0.16835509768773455,1,bohr,hartree_per_elementary_charge
-1.125,0.13,2.1562499999999991,,0.16005310755844498,1,bohr,hartree_per_elementary_charge
-1.125,0.13,2.25,,0.15175111742915548,1,bohr,hartree_per_elementary_charge
-1.125,0.13,2.34375,,0.14317611323737528,1,bohr,hartree_per_elementary_charge
-1.125,0.13,2.4374999999999991,,0.13301268198872029,1,bohr,hartree_per_elementary_charge
-1.125,0.13,2.53125,,0.1228492507400654,1,bohr,hartree_per_elementary_charge
-1.125,0.13,2.625,,0.11288097275617065,1,bohr,hartree_per_elementary_charge
-1.125,0.13,2.7187499999999991,,0.1039372384588602,1,bohr,hartree_per_elementary_charge
-1.125,0.13,2.8125,,0.094993504161549835,1,bohr,hartree_per_elementary_charge
-1.125,0.13,2.90625,,0.086421484887708983,1,bohr,hartree_per_elementary_charge
-1.125,0.13,2.9999999999999991,,0.079622242721455613,1,bohr,hartree_per_elementary_charge
-1.125,0.13,3.09375,,0.072823000555202369,1,bohr,hartree_per_elementary_charge
-1.125,0.13,3.1875,,0.066379581043439023,1,bohr,hartree_per_elementary_charge
-1.125,0.13,3.2812499999999991,,0.061486517255957038,1,bohr,hartree_per_elementary_charge
-1.125,0.13,3.375,,0.056593453468475149,1,bohr,hartree_per_elementary_charge
-1.125,0.13,3.46875,,0.051979147270906828,1,bohr,hartree_per_elementary_charge
-1.125,0.13,3.5625,,0.048479861685449238,1,bohr,hartree_per_elementary_charge
-1.125,0.13,3.65625,,0.044980576099991718,1,bohr,hartree_per_elementary_charge
-1.125,0.13,3.75,,0.041685135508299095,1,bohr,hartree_per_elementary_charge
-1.125,0.13,3.84375,,0.039141367123208787,1,bohr,hartree_per_elementary_charge
-1.125,0.13,3.9375,,0.036597598738118436,1,bohr,hartree_per_elementary_charge
-1.125,0.13,4.03125,,0.034201072859773161,1,bohr,hartree_per_elementary_charge
-1.125,0.13,4.125,,0.032306899833483879,1,bohr,hartree_per_elementary_charge
-1.125,0.13,4.21875,,0.030412726807194555,1,bohr,hartree_per_elementary_charge
-1.125,0.13,4.3125,,0.0286260944403488,1,bohr,hartree_per_elementary_charge
-1.125,0.13,4.40625,,0.027180004954860004,1,bohr,hartree_per_elementary_charge
-1.125,0.13,4.5,,0.025733915469371173,1,bohr,hartree_per_elementary_charge
-1.0312500000000004,0.13,-4.5,,-0.020327524558618935,1,bohr,hartree_per_elementary_charge
-1.0312500000000004,0.13,-4.40625,,-0.021176656160544094,1,bohr,hartree_per_elementary_charge
-1.0312500000000004,0.13,-4.3125,,-0.022170893018450606,1,bohr,hartree_per_elementary_charge
-1.0312500000000004,0.13,-4.21875,,-0.023195554799369182,1,bohr,hartree_per_elementary_charge
-1.0312500000000004,0.13,-4.125,,-0.024220216580287758,1,bohr,hartree_per_elementary_charge
-1.0312500000000004,0.13,-4.03125,,-0.025432981887813896,1,bohr,hartree_per_elementary_charge
-1.0312500000000004,0.13,-3.9375,,-0.026681575974098416,1,bohr,hartree_per_elementary_charge
-1.0312500000000004,0.13,-3.84375,,-0.027930170060382946,1,bohr,hartree_per_elementary_charge
-1.0312500000000004,0.13,-3.75,,-0.029424923695392794,1,bohr,hartree_per_elementary_charge
-1.0312500000000004,0.13,-3.65625,,-0.030961985418243448,1,bohr,hartree_per_elementary_charge
-1.0312500000000004,0.13,-3.5625,,-0.032499047141094091,1,bohr,hartree_per_elementary_charge
-1.0312500000000004,0.13,-3.46875,,-0.03436013563110555,1,bohr,hartree_per_elementary_charge
-1.0312500000000004,0.13,-3.375,,-0.036271073652448041,1,bohr,hartree_per_elementary_charge
-1.0312500000000004,0.13,-3.28125,,-0.038182011673790532,1,bohr,hartree_per_elementary_charge
-1.0312500000000004,0.13,-3.1875,,-0.040517397071109636,1,bohr,hartree_per_elementary_charge
-1.0312500000000004,0.13,-3.09375,,-0.042910660722159939,1,bohr,hartree_per_elementary_charge
-1.0312500000000004,0.13,-3,,-0.045303924373210243,1,bohr,hartree_per_elementary_charge
-1.0312500000000004,0.13,-2.90625,,-0.04823686759052237,1,bohr,hartree_per_elementary_charge
-1.0312500000000004,0.13,-2.8125,,-0.051234249015365718,1,bohr,hartree_per_elementary_charge
-1.0312500000000004,0.13,-2.71875,,-0.054231630440209067,1,bohr,hartree_per_elementary_charge
-1.0312500000000004,0.13,-2.625,,-0.057860317384963764,1,bohr,hartree_per_elementary_charge
-1.0312500000000004,0.13,-2.53125,,-0.06155399037364067,1,bohr,hartree_per_elementary_charge
-1.0312500000000004,0.13,-2.4375,,-0.065247663362317562,1,bohr,hartree_per_elementary_charge
-1.0312500000000004,0.13,-2.34375,,-0.069530619996529874,1,bohr,hartree_per_elementary_charge
-1.0312500000000004,0.13,-2.25,,-0.073864817527142551,1,bohr,hartree_per_elementary_charge
-1.0312500000000004,0.13,-2.1562500000000004,,-0.078199015057755214,1,bohr,hartree_per_elementary_charge
-1.0312500000000004,0.13,-2.0625,,-0.082682614536122662,1,bohr,hartree_per_elementary_charge
-1.0312500000000004,0.13,-1.96875,,-0.087176885298679688,1,bohr,hartree_per_elementary_charge
-1.0312500000000004,0.13,-1.8750000000000004,,-0.0916711560612367,1,bohr,hartree_per_elementary_charge
-1.0312500000000004,0.13,-1.78125,,-0.094881207012513416,1,bohr,hartree_per_elementary_charge
-1.0312500000000004,0.13,-1.6875,,-0.098018909902455875,1,bohr,hartree_per_elementary_charge
-1.0312500000000004,0.13,-1.5937500000000004,,-0.10115661279239832,1,bohr,hartree_per_elementary_charge
-1.0312500000000004,0.13,-1.5,,-0.099349514349064763,1,bohr,hartree_per_elementary_charge
-1.0312500000000004,0.13,-1.40625,,-0.097336391249663284,1,bohr,hartree_per_elementary_charge
-1.0312500000000004,0.13,-1.3125000000000004,,-0.095323268150261792,1,bohr,hartree_per_elementary_charge
-1.0312500000000004,0.13,-1.21875,,-0.08064007103361201,1,bohr,hartree_per_elementary_charge
-1.0312500000000004,0.13,-1.125,,-0.065609770198637812,1,bohr,hartree_per_elementary_charge
-1.0312500000000004,0.13,-1.0312500000000004,,-0.05057946936366349,1,bohr,hartree_per_elementary_charge
-1.0312500000000004,0.13,-0.9375,,-0.01112641914357489,1,bohr,hartree_per_elementary_charge
-1.0312500000000004,0.13,-0.84375,,0.028656628036266653,1,bohr,hartree_per_elementary_charge
-1.0312500000000004,0.13,-0.75000000000000044,,0.068439724180422545,1,bohr,hartree_per_elementary_charge
-1.0312500000000004,0.13,-0.65625,,0.13902845398568114,1,bohr,hartree_per_elementary_charge
-1.0312500000000004,0.13,-0.5625,,0.20961718379094046,1,bohr,hartree_per_elementary_charge
-1.0312500000000004,0.13,-0.46875,,0.28032955619527294,1,bohr,hartree_per_elementary_charge
-1.0312500000000004,0.13,-0.375,,0.36019038445330809,1,bohr,hartree_per_elementary_charge
-1.0312500000000004,0.13,-0.28125,,0.44005121271134412,1,bohr,hartree_per_elementary_charge
-1.0312500000000004,0.13,-0.1875,,0.51879943757822988,1,bohr,hartree_per_elementary_charge
-1.0312500000000004,0.13,-0.09375,,0.55694008559721475,1,bohr,hartree_per_elementary_charge
-1.0312500000000004,0.13,0,,0.59508073361619973,1,bohr,hartree_per_elementary_charge
-1.0312500000000004,0.13,0.09375,,0.6306709217515688,1,bohr,hartree_per_elementary_charge
-1.0312500000000004,0.13,0.18749999999999911,,0.60505254543081266,1,bohr,hartree_per_elementary_charge
-1.0312500000000004,0.13,0.28125,,0.57943416911005607,1,bohr,hartree_per_elementary_charge
-1.0312500000000004,0.13,0.375,,0.55232321629589531,1,bohr,hartree_per_elementary_charge
-1.0312500000000004,0.13,0.46874999999999911,,0.49871983805327086,1,bohr,hartree_per_elementary_charge
-1.0312500000000004,0.13,0.5625,,0.44511645981064601,1,bohr,hartree_per_elementary_charge
-1.0312500000000004,0.13,0.65625,,0.39228566762099376,1,bohr,hartree_per_elementary_charge
-1.0312500000000004,0.13,0.74999999999999911,,0.35027081493265949,1,bohr,hartree_per_elementary_charge
-1.0312500000000004,0.13,0.84375,,0.30825596224432472,1,bohr,hartree_per_elementary_charge
-1.0312500000000004,0.13,0.9375,,0.26820807631851284,1,bohr,hartree_per_elementary_charge
-1.0312500000000004,0.13,1.0312499999999991,,0.25077984311710033,1,bohr,hartree_per_elementary_charge
-1.0312500000000004,0.13,1.125,,0.23335160991568765,1,bohr,hartree_per_elementary_charge
-1.0312500000000004,0.13,1.21875,,0.21762832597890561,1,bohr,hartree_per_elementary_charge
-1.0312500000000004,0.13,1.3124999999999991,,0.21846711266239929,1,bohr,hartree_per_elementary_charge
-1.0312500000000004,0.13,1.40625,,0.21930589934589301,1,bohr,hartree_per_elementary_charge
-1.0312500000000004,0.13,1.5,,0.22048109966863341,1,bohr,hartree_per_elementary_charge
-1.0312500000000004,0.13,1.5937499999999991,,0.22447372023200796,1,bohr,hartree_per_elementary_charge
-1.0312500000000004,0.13,1.6875,,0.22846634079538269,1,bohr,hartree_per_elementary_charge
-1.0312500000000004,0.13,1.78125,,0.23138639845999462,1,bohr,hartree_per_elementary_charge
-1.0312500000000004,0.13,1.8749999999999991,,0.22644110473008922,1,bohr,hartree_per_elementary_charge
-1.0312500000000004,0.13,1.96875,,0.22149581100018378,1,bohr,hartree_per_elementary_charge
-1.0312500000000004,0.13,2.0625,,0.21545161155098905,1,bohr,hartree_per_elementary_charge
-1.0312500000000004,0.13,2.1562499999999991,,0.20226461531526371,1,bohr,hartree_per_elementary_charge
-1.0312500000000004,0.13,2.25,,0.18907761907953843,1,bohr,hartree_per_elementary_charge
-1.0312500000000004,0.13,2.34375,,0.17569837544809069,1,bohr,hartree_per_elementary_charge
-1.0312500000000004,0.13,2.4374999999999991,,0.16120061446924594,1,bohr,hartree_per_elementary_charge
-1.0312500000000004,0.13,2.53125,,0.14670285349040132,1,bohr,hartree_per_elementary_charge
-1.0312500000000004,0.13,2.625,,0.13264219747361577,1,bohr,hartree_per_elementary_charge
-1.0312500000000004,0.13,2.7187499999999991,,0.12087631797416207,1,bohr,hartree_per_elementary_charge
-1.0312500000000004,0.13,2.8125,,0.10911043847470847,1,bohr,hartree_per_elementary_charge
-1.0312500000000004,0.13,2.90625,,0.097924603464312282,1,bohr,hartree_per_elementary_charge
-1.0312500000000004,0.13,2.9999999999999991,,0.089505106983861688,1,bohr,hartree_per_elementary_charge
-1.0312500000000004,0.13,3.09375,,0.08108561050341126,1,bohr,hartree_per_elementary_charge
-1.0312500000000004,0.13,3.1875,,0.073156955769819426,1,bohr,hartree_per_elementary_charge
-1.0312500000000004,0.13,3.2812499999999991,,0.06736694876524725,1,bohr,hartree_per_elementary_charge
-1.0312500000000004,0.13,3.375,,0.061576941760675193,1,bohr,hartree_per_elementary_charge
-1.0312500000000004,0.13,3.46875,,0.056144423000336716,1,bohr,hartree_per_elementary_charge
-1.0312500000000004,0.13,3.5625,,0.05214184471635025,1,bohr,hartree_per_elementary_charge
-1.0312500000000004,0.13,3.65625,,0.048139266432363874,1,bohr,hartree_per_elementary_charge
-1.0312500000000004,0.13,3.75,,0.044385196222338712,1,bohr,hartree_per_elementary_charge
-1.0312500000000004,0.13,3.84375,,0.041547491966968178,1,bohr,hartree_per_elementary_charge
-1.0312500000000004,0.13,3.9375,,0.038709787711597589,1,bohr,hartree_per_elementary_charge
-1.0312500000000004,0.13,4.03125,,0.036045074575283553,1,bohr,hartree_per_elementary_charge
-1.0312500000000004,0.13,4.125,,0.033970561809497472,1,bohr,hartree_per_elementary_charge
-1.0312500000000004,0.13,4.21875,,0.03189604904371135,1,bohr,hartree_per_elementary_charge
-1.0312500000000004,0.13,4.3125,,0.029944492447332421,1,bohr,hartree_per_elementary_charge
-1.0312500000000004,0.13,4.40625,,0.028382294149732645,1,bohr,hartree_per_elementary_charge
-1.0312500000000004,0.13,4.5,,0.026820095852132825,1,bohr,hartree_per_elementary_charge
-0.9375,0.13,-4.5,,-0.019983850637772586,1,bohr,hartree_per_elementary_charge
-0.9375,0.13,-4.40625,,-0.020819215052994625,1,bohr,hartree_per_elementary_charge
-0.9375,0.13,-4.3125,,-0.02179829114853702,1,bohr,hartree_per_elementary_charge
-0.9375,0.13,-4.21875,,-0.022807499969321569,1,bohr,hartree_per_elementary_charge
-0.9375,0.13,-4.125,,-0.023816708790106118,1,bohr,hartree_per_elementary_charge
-0.9375,0.13,-4.03125,,-0.025012625253096162,1,bohr,hartree_per_elementary_charge
-0.9375,0.13,-3.9375,,-0.026244104615547607,1,bohr,hartree_per_elementary_charge
-0.9375,0.13,-3.84375,,-0.027475583977999044,1,bohr,hartree_per_elementary_charge
-0.9375,0.13,-3.75,,-0.028951929879984885,1,bohr,hartree_per_elementary_charge
-0.9375,0.13,-3.65625,,-0.030470361636927554,1,bohr,hartree_per_elementary_charge
-0.9375,0.13,-3.5625,,-0.031988793393870223,1,bohr,hartree_per_elementary_charge
-0.9375,0.13,-3.46875,,-0.033830036968071006,1,bohr,hartree_per_elementary_charge
-0.9375,0.13,-3.375,,-0.03572094316100987,1,bohr,hartree_per_elementary_charge
-0.9375,0.13,-3.28125,,-0.037611849353948741,1,bohr,hartree_per_elementary_charge
-0.9375,0.13,-3.1875,,-0.039925261747366429,1,bohr,hartree_per_elementary_charge
-0.9375,0.13,-3.09375,,-0.042296287693036734,1,bohr,hartree_per_elementary_charge
-0.9375,0.13,-3,,-0.044667313638707039,1,bohr,hartree_per_elementary_charge
-0.9375,0.13,-2.90625,,-0.047571719020376886,1,bohr,hartree_per_elementary_charge
-0.9375,0.13,-2.8125,,-0.050539810368569242,1,bohr,hartree_per_elementary_charge
-0.9375,0.13,-2.71875,,-0.05350790171676157,1,bohr,hartree_per_elementary_charge
-0.9375,0.13,-2.625,,-0.05708464722604488,1,bohr,hartree_per_elementary_charge
-0.9375,0.13,-2.53125,,-0.060724047067974657,1,bohr,hartree_per_elementary_charge
-0.9375,0.13,-2.4375,,-0.064363446909904434,1,bohr,hartree_per_elementary_charge
-0.9375,0.13,-2.34375,,-0.068518446170512379,1,bohr,hartree_per_elementary_charge
-0.9375,0.13,-2.25,,-0.072718279148459547,1,bohr,hartree_per_elementary_charge
-0.9375,0.13,-2.1562500000000004,,-0.076918112126406729,1,bohr,hartree_per_elementary_charge
-0.9375,0.13,-2.0625,,-0.081045499284163186,1,bohr,hartree_per_elementary_charge
-0.9375,0.13,-1.96875,,-0.085167711877951691,1,bohr,hartree_per_elementary_charge
-0.9375,0.13,-1.8750000000000004,,-0.089289924471740154,1,bohr,hartree_per_elementary_charge
-0.9375,0.13,-1.78125,,-0.091482186890090425,1,bohr,hartree_per_elementary_charge
-0.9375,0.13,-1.6875,,-0.09356572325357207,1,bohr,hartree_per_elementary_charge
-0.9375,0.13,-1.5937500000000004,,-0.095649259617053686,1,bohr,hartree_per_elementary_charge
-0.9375,0.13,-1.5,,-0.090961557004456545,1,bohr,hartree_per_elementary_charge
-0.9375,0.13,-1.40625,,-0.085991731392940904,1,bohr,hartree_per_elementary_charge
-0.9375,0.13,-1.3125000000000004,,-0.081021905781425207,1,bohr,hartree_per_elementary_charge
-0.9375,0.13,-1.21875,,-0.058624917873072446,1,bohr,hartree_per_elementary_charge
-0.9375,0.13,-1.125,,-0.035750503169513961,1,bohr,hartree_per_elementary_charge
-0.9375,0.13,-1.0312500000000004,,-0.012876088465955227,1,bohr,hartree_per_elementary_charge
-0.9375,0.13,-0.9375,,0.044661985126183523,1,bohr,hartree_per_elementary_charge
-0.9375,0.13,-0.84375,,0.10266842949291313,1,bohr,hartree_per_elementary_charge
-0.9375,0.13,-0.75000000000000044,,0.16067494644530128,1,bohr,hartree_per_elementary_charge
-0.9375,0.13,-0.65625,,0.26434833807291103,1,bohr,hartree_per_elementary_charge
-0.9375,0.13,-0.5625,,0.36802172970052188,1,bohr,hartree_per_elementary_charge
-0.9375,0.13,-0.46875,,0.47188192079105479,1,bohr,hartree_per_elementary_charge
-0.9375,0.13,-0.375,,0.58956361557730741,1,bohr,hartree_per_elementary_charge
-0.9375,0.13,-0.28125,,0.7072453103635612,1,bohr,hartree_per_elementary_charge
-0.9375,0.13,-0.1875,,0.82311124153844606,1,bohr,hartree_per_elementary_charge
-0.9375,0.13,-0.09375,,0.87270579427535699,1,bohr,hartree_per_elementary_charge
-0.9375,0.13,0,,0.92230034701226782,1,bohr,hartree_per_elementary_charge
-0.9375,0.13,0.09375,,0.96785336392773391,1,bohr,hartree_per_elementary_charge
-0.9375,0.13,0.18749999999999911,,0.91641343952395427,1,bohr,hartree_per_elementary_charge
-0.9375,0.13,0.28125,,0.8649735151201734,1,bohr,hartree_per_elementary_charge
-0.9375,0.13,0.375,,0.81154220277494848,1,bohr,hartree_per_elementary_charge
-0.9375,0.13,0.46874999999999911,,0.72276483160392668,1,bohr,hartree_per_elementary_charge
-0.9375,0.13,0.5625,,0.63398746043290422,1,bohr,hartree_per_elementary_charge
-0.9375,0.13,0.65625,,0.54679188257625233,1,bohr,hartree_per_elementary_charge
-0.9375,0.13,0.74999999999999911,,0.48174086806758304,1,bohr,hartree_per_elementary_charge
-0.9375,0.13,0.84375,,0.41668985355891297,1,bohr,hartree_per_elementary_charge
-0.9375,0.13,0.9375,,0.35475830959202043,1,bohr,hartree_per_elementary_charge
-0.9375,0.13,1.0312499999999991,,0.32869993932761493,1,bohr,hartree_per_elementary_charge
-0.9375,0.13,1.125,,0.30264156906320916,1,bohr,hartree_per_elementary_charge
-0.9375,0.13,1.21875,,0.27914384443781937,1,bohr,hartree_per_elementary_charge
-0.9375,0.13,1.3124999999999991,,0.28052052211088857,1,bohr,hartree_per_elementary_charge
-0.9375,0.13,1.40625,,0.28189719978395777,1,bohr,hartree_per_elementary_charge
-0.9375,0.13,1.5,,0.28373968803443589,1,bohr,hartree_per_elementary_charge
-0.9375,0.13,1.5937499999999991,,0.28948327896324766,1,bohr,hartree_per_elementary_charge
-0.9375,0.13,1.6875,,0.2952268698920596,1,bohr,hartree_per_elementary_charge
-0.9375,0.13,1.78125,,0.2993042217286298,1,bohr,hartree_per_elementary_charge
-0.9375,0.13,1.8749999999999991,,0.29116265756234183,1,bohr,hartree_per_elementary_charge
-0.9375,0.13,1.96875,,0.28302109339605364,1,bohr,hartree_per_elementary_charge
-0.9375,0.13,2.0625,,0.27335165484851298,1,bohr,hartree_per_elementary_charge
-0.9375,0.13,2.1562499999999991,,0.25375115849585644,1,bohr,hartree_per_elementary_charge
-0.9375,0.13,2.25,,0.23415066214320013,1,bohr,hartree_per_elementary_charge
-0.9375,0.13,2.34375,,0.21449359349636854,1,bohr,hartree_per_elementary_charge
-0.9375,0.13,2.4374999999999991,,0.19450738076839569,1,bohr,hartree_per_elementary_charge
-0.9375,0.13,2.53125,,0.17452116804042306,1,bohr,hartree_per_elementary_charge
-0.9375,0.13,2.625,,0.15530339183044206,1,bohr,hartree_per_elementary_charge
-0.9375,0.13,2.7187499999999991,,0.14011986420972572,1,bohr,hartree_per_elementary_charge
-0.9375,0.13,2.8125,,0.12493633658900953,1,bohr,hartree_per_elementary_charge
-0.9375,0.13,2.90625,,0.11059978145230691,1,bohr,hartree_per_elementary_charge
-0.9375,0.13,2.9999999999999991,,0.10030259339956331,1,bohr,hartree_per_elementary_charge
-0.9375,0.13,3.09375,,0.090005405346819944,1,bohr,hartree_per_elementary_charge
-0.9375,0.13,3.1875,,0.080363170913275939,1,bohr,hartree_per_elementary_charge
-0.9375,0.13,3.2812499999999991,,0.073574636433491852,1,bohr,hartree_per_elementary_charge
-0.9375,0.13,3.375,,0.066786101953707919,1,bohr,hartree_per_elementary_charge
-0.9375,0.13,3.46875,,0.060446551843848138,1,bohr,hartree_per_elementary_charge
-0.9375,0.13,3.5625,,0.055902923513683166,1,bohr,hartree_per_elementary_charge
-0.9375,0.13,3.65625,,0.051359295183518276,1,bohr,hartree_per_elementary_charge
-0.9375,0.13,3.75,,0.047114098377815793,1,bohr,hartree_per_elementary_charge
-0.9375,0.13,3.84375,,0.043969358730119708,1,bohr,hartree_per_elementary_charge
-0.9375,0.13,3.9375,,0.040824619082423554,1,bohr,hartree_per_elementary_charge
-0.9375,0.13,4.03125,,0.037880708458963255,1,bohr,hartree_per_elementary_charge
-0.9375,0.13,4.125,,0.035621973844324709,1,bohr,hartree_per_elementary_charge
-0.9375,0.13,4.21875,,0.033363239229686106,1,bohr,hartree_per_elementary_charge
-0.9375,0.13,4.3125,,0.031243676020133882,1,bohr,hartree_per_elementary_charge
-0.9375,0.13,4.40625,,0.029564818972658686,1,bohr,hartree_per_elementary_charge
-0.9375,0.13,4.5,,0.027885961925183455,1,bohr,hartree_per_elementary_charge
-0.84375,0.13,-4.5,,-0.019640176716926236,1,bohr,hartree_per_elementary_charge
-0.84375,0.13,-4.40625,,-0.020461773945445166,1,bohr,hartree_per_elementary_charge
-0.84375,0.13,-4.3125,,-0.021425689278623428,1,bohr,hartree_per_elementary_charge
-0.84375,0.13,-4.21875,,-0.022419445139273957,1,bohr,hartree_per_elementary_charge
-0.84375,0.13,-4.125,,-0.023413200999924486,1,bohr,hartree_per_elementary_charge
-0.84375,0.13,-4.03125,,-0.024592268618378429,1,bohr,hartree_per_elementary_charge
-0.84375,0.13,-3.9375,,-0.025806633256996787,1,bohr,hartree_per_elementary_charge
-0.84375,0.13,-3.84375,,-0.027020997895615143,1,bohr,hartree_per_elementary_charge
-0.84375,0.13,-3.75,,-0.028478936064576972,1,bohr,hartree_per_elementary_charge
-0.84375,0.13,-3.65625,,-0.029978737855611663,1,bohr,hartree_per_elementary_charge
-0.84375,0.13,-3.5625,,-0.031478539646646347,1,bohr,hartree_per_elementary_charge
-0.84375,0.13,-3.46875,,-0.033299938305036469,1,bohr,hartree_per_elementary_charge
-0.84375,0.13,-3.375,,-0.035170812669571706,1,bohr,hartree_per_elementary_charge
-0.84375,0.13,-3.28125,,-0.037041687034106943,1,bohr,hartree_per_elementary_charge
-0.84375,0.13,-3.1875,,-0.039333126423623216,1,bohr,hartree_per_elementary_charge
-0.84375,0.13,-3.09375,,-0.041681914663913522,1,bohr,hartree_per_elementary_charge
-0.84375,0.13,-3,,-0.044030702904203842,1,bohr,hartree_per_elementary_charge
-0.84375,0.13,-2.90625,,-0.046906570450231416,1,bohr,hartree_per_elementary_charge
-0.84375,0.13,-2.8125,,-0.049845371721772752,1,bohr,hartree_per_elementary_charge
-0.84375,0.13,-2.71875,,-0.052784172993314088,1,bohr,hartree_per_elementary_charge
-0.84375,0.13,-2.625,,-0.056308977067125988,1,bohr,hartree_per_elementary_charge
-0.84375,0.13,-2.53125,,-0.059894103762308644,1,bohr,hartree_per_elementary_charge
-0.84375,0.13,-2.4375,,-0.063479230457491306,1,bohr,hartree_per_elementary_charge
-0.84375,0.13,-2.34375,,-0.067506272344494883,1,bohr,hartree_per_elementary_charge
-0.84375,0.13,-2.25,,-0.071571740769776557,1,bohr,hartree_per_elementary_charge
-0.84375,0.13,-2.1562500000000004,,-0.075637209195058203,1,bohr,hartree_per_elementary_charge
-0.84375,0.13,-2.0625,,-0.079408384032203724,1,bohr,hartree_per_elementary_charge
-0.84375,0.13,-1.96875,,-0.08315853845722368,1,bohr,hartree_per_elementary_charge
-0.84375,0.13,-1.8750000000000004,,-0.086908692882243607,1,bohr,hartree_per_elementary_charge
-0.84375,0.13,-1.78125,,-0.088083166767667462,1,bohr,hartree_per_elementary_charge
-0.84375,0.13,-1.6875,,-0.089112536604688236,1,bohr,hartree_per_elementary_charge
-0.84375,0.13,-1.5937500000000004,,-0.090141906441709052,1,bohr,hartree_per_elementary_charge
-0.84375,0.13,-1.5,,-0.08257359965984834,1,bohr,hartree_per_elementary_charge
-0.84375,0.13,-1.40625,,-0.074647071536218509,1,bohr,hartree_per_elementary_charge
-0.84375,0.13,-1.3125000000000004,,-0.066720543412588595,1,bohr,hartree_per_elementary_charge
-0.84375,0.13,-1.21875,,-0.036609764712532876,1,bohr,hartree_per_elementary_charge
-0.84375,0.13,-1.125,,-0.0058912361403900852,1,bohr,hartree_per_elementary_charge
-0.84375,0.13,-1.0312500000000004,,0.024827292431753037,1,bohr,hartree_per_elementary_charge
-0.84375,0.13,-0.9375,,0.10045038939594193,1,bohr,hartree_per_elementary_charge
-0.84375,0.13,-0.84375,,0.17668023094955959,1,bohr,hartree_per_elementary_charge
-0.84375,0.13,-0.75000000000000044,,0.25291016871017996,1,bohr,hartree_per_elementary_charge
-0.84375,0.13,-0.65625,,0.38966822216014091,1,bohr,hartree_per_elementary_charge
-0.84375,0.13,-0.5625,,0.52642627561010324,1,bohr,hartree_per_elementary_charge
-0.84375,0.13,-0.46875,,0.66343428538683658,1,bohr,hartree_per_elementary_charge
-0.84375,0.13,-0.375,,0.81893684670130651,1,bohr,hartree_per_elementary_charge
-0.84375,0.13,-0.28125,,0.97443940801577811,1,bohr,hartree_per_elementary_charge
-0.84375,0.13,-0.1875,,1.1274230454986622,1,bohr,hartree_per_elementary_charge
-0.84375,0.13,-0.09375,,1.1884715029534991,1,bohr,hartree_per_elementary_charge
-0.84375,0.13,0,,1.2495199604083358,1,bohr,hartree_per_elementary_charge
-0.84375,0.13,0.09375,,1.3050358061038989,1,bohr,hartree_per_elementary_charge
-0.84375,0.13,0.18749999999999911,,1.2277743336170956,1,bohr,hartree_per_elementary_charge
-0.84375,0.13,0.28125,,1.1505128611302908,1,bohr,hartree_per_elementary_charge
-0.84375,0.13,0.375,,1.0707611892540012,1,bohr,hartree_per_elementary_charge
-0.84375,0.13,0.46874999999999911,,0.94680982515458245,1,bohr,hartree_per_elementary_charge
-0.84375,0.13,0.5625,,0.82285846105516258,1,bohr,hartree_per_elementary_charge
-0.84375,0.13,0.65625,,0.70129809753151096,1,bohr,hartree_per_elementary_charge
-0.84375,0.13,0.74999999999999911,,0.61321092120250664,1,bohr,hartree_per_elementary_charge
-0.84375,0.13,0.84375,,0.52512374487350133,1,bohr,hartree_per_elementary_charge
-0.84375,0.13,0.9375,,0.44130854286552801,1,bohr,hartree_per_elementary_charge
-0.84375,0.13,1.0312499999999991,,0.40662003553812953,1,bohr,hartree_per_elementary_charge
-0.84375,0.13,1.125,,0.37193152821073061,1,bohr,hartree_per_elementary_charge
-0.84375,0.13,1.21875,,0.3406593628967331,1,bohr,hartree_per_elementary_charge
-0.84375,0.13,1.3124999999999991,,0.34257393155937776,1,bohr,hartree_per_elementary_charge
-0.84375,0.13,1.40625,,0.34448850022202249,1,bohr,hartree_per_elementary_charge
-0.84375,0.13,1.5,,0.34699827640023834,1,bohr,hartree_per_elementary_charge
-0.84375,0.13,1.5937499999999991,,0.35449283769448731,1,bohr,hartree_per_elementary_charge
-0.84375,0.13,1.6875,,0.36198739898873655,1,bohr,hartree_per_elementary_charge
-0.84375,0.13,1.78125,,0.36722204499726491,1,bohr,hartree_per_elementary_charge
-0.84375,0.13,1.8749999999999991,,0.35588421039459434,1,bohr,hartree_per_elementary_charge
-0.84375,0.13,1.96875,,0.3445463757919236,1,bohr,hartree_per_elementary_charge
-0.84375,0.13,2.0625,,0.33125169814603683,1,bohr,hartree_per_elementary_charge
-0.84375,0.13,2.1562499999999991,,0.3052377016764492,1,bohr,hartree_per_elementary_charge
-0.84375,0.13,2.25,,0.27922370520686179,1,bohr,hartree_per_elementary_charge
-0.84375,0.13,2.34375,,0.25328881154464633,1,bohr,hartree_per_elementary_charge
-0.84375,0.13,2.4374999999999991,,0.22781414706754544,1,bohr,hartree_per_elementary_charge
-0.84375,0.13,2.53125,,0.20233948259044482,1,bohr,hartree_per_elementary_charge
-0.84375,0.13,2.625,,0.17796458618726838,1,bohr,hartree_per_elementary_charge
-0.84375,0.13,2.7187499999999991,,0.1593634104452894,1,bohr,hartree_per_elementary_charge
-0.84375,0.13,2.8125,,0.14076223470331062,1,bohr,hartree_per_elementary_charge
-0.84375,0.13,2.90625,,0.12327495944030151,1,bohr,hartree_per_elementary_charge
-0.84375,0.13,2.9999999999999991,,0.11110007981526493,1,bohr,hartree_per_elementary_charge
-0.84375,0.13,3.09375,,0.098925200190228629,1,bohr,hartree_per_elementary_charge
-0.84375,0.13,3.1875,,0.087569386056732423,1,bohr,hartree_per_elementary_charge
-0.84375,0.13,3.2812499999999991,,0.07978232410173644,1,bohr,hartree_per_elementary_charge
-0.84375,0.13,3.375,,0.071995262146740624,1,bohr,hartree_per_elementary_charge
-0.84375,0.13,3.46875,,0.064748680687359575,1,bohr,hartree_per_elementary_charge
-0.84375,0.13,3.5625,,0.059664002311016075,1,bohr,hartree_per_elementary_charge
-0.84375,0.13,3.65625,,0.054579323934672692,1,bohr,hartree_per_elementary_charge
-0.84375,0.13,3.75,,0.049843000533292874,1,bohr,hartree_per_elementary_charge
-0.84375,0.13,3.84375,,0.046391225493271238,1,bohr,hartree_per_elementary_charge
-0.84375,0.13,3.9375,,0.042939450453249518,1,bohr,hartree_per_elementary_charge
-0.84375,0.13,4.03125,,0.039716342342642971,1,bohr,hartree_per_elementary_charge
-0.84375,0.13,4.125,,0.037273385879151931,1,bohr,hartree_per_elementary_charge
-0.84375,0.13,4.21875,,0.034830429415660849,1,bohr,hartree_per_elementary_charge
-0.84375,0.13,4.3125,,0.03254285959293534,1,bohr,hartree_per_elementary_charge
-0.84375,0.13,4.40625,,0.030747343795584733,1,bohr,hartree_per_elementary_charge
-0.84375,0.13,4.5,,0.028951827998234092,1,bohr,hartree_per_elementary_charge
-0.75000000000000044,0.13,-4.5,,-0.019225621882822539,1,bohr,hartree_per_elementary_charge
-0.75000000000000044,0.13,-4.40625,,-0.020027764161041968,1,bohr,hartree_per_elementary_charge
-0.75000000000000044,0.13,-4.3125,,-0.020969151051369712,1,bohr,hartree_per_elementary_charge
-0.75000000000000044,0.13,-4.21875,,-0.021939734035075247,1,bohr,hartree_per_elementary_charge
-0.75000000000000044,0.13,-4.125,,-0.022910317018780782,1,bohr,hartree_per_elementary_charge
-0.75000000000000044,0.13,-4.03125,,-0.024062341489287972,1,bohr,hartree_per_elementary_charge
-0.75000000000000044,0.13,-3.9375,,-0.025248925795038284,1,bohr,hartree_per_elementary_charge
-0.75000000000000044,0.13,-3.84375,,-0.026435510100788592,1,bohr,hartree_per_elementary_charge
-0.75000000000000044,0.13,-3.75,,-0.027860636874089118,1,bohr,hartree_per_elementary_charge
-0.75000000000000044,0.13,-3.65625,,-0.029326762567493028,1,bohr,hartree_per_elementary_charge
-0.75000000000000044,0.13,-3.5625,,-0.030792888260896933,1,bohr,hartree_per_elementary_charge
-0.75000000000000044,0.13,-3.46875,,-0.032573579922055597,1,bohr,hartree_per_elementary_charge
-0.75000000000000044,0.13,-3.375,,-0.034402665628566344,1,bohr,hartree_per_elementary_charge
-0.75000000000000044,0.13,-3.28125,,-0.036231751335077104,1,bohr,hartree_per_elementary_charge
-0.75000000000000044,0.13,-3.1875,,-0.038470107126212807,1,bohr,hartree_per_elementary_charge
-0.75000000000000044,0.13,-3.09375,,-0.040764271573835102,1,bohr,hartree_per_elementary_charge
-0.75000000000000044,0.13,-3,,-0.04305843602145739,1,bohr,hartree_per_elementary_charge
-0.75000000000000044,0.13,-2.90625,,-0.045857768198364214,1,bohr,hartree_per_elementary_charge
-0.75000000000000044,0.13,-2.8125,,-0.04871741783958268,1,bohr,hartree_per_elementary_charge
-0.75000000000000044,0.13,-2.71875,,-0.051577067480801111,1,bohr,hartree_per_elementary_charge
-0.75000000000000044,0.13,-2.625,,-0.054972766373425838,1,bohr,hartree_per_elementary_charge
-0.75000000000000044,0.13,-2.53125,,-0.058423645712122441,1,bohr,hartree_per_elementary_charge
-0.75000000000000044,0.13,-2.4375,,-0.061874525050819043,1,bohr,hartree_per_elementary_charge
-0.75000000000000044,0.13,-2.34375,,-0.065642204246296409,1,bohr,hartree_per_elementary_charge
-0.75000000000000044,0.13,-2.25,,-0.069437430631932445,1,bohr,hartree_per_elementary_charge
-0.75000000000000044,0.13,-2.1562500000000004,,-0.073232657017568425,1,bohr,hartree_per_elementary_charge
-0.75000000000000044,0.13,-2.0625,,-0.076401733560638993,1,bohr,hartree_per_elementary_charge
-0.75000000000000044,0.13,-1.96875,,-0.079526086303145518,1,bohr,hartree_per_elementary_charge
-0.75000000000000044,0.13,-1.8750000000000004,,-0.082650439045652044,1,bohr,hartree_per_elementary_charge
-0.75000000000000044,0.13,-1.78125,,-0.082272932696908246,1,bohr,hartree_per_elementary_charge
-0.75000000000000044,0.13,-1.6875,,-0.081698144921657598,1,bohr,hartree_per_elementary_charge
-0.75000000000000044,0.13,-1.5937500000000004,,-0.081123357146406977,1,bohr,hartree_per_elementary_charge
-0.75000000000000044,0.13,-1.5,,-0.069287905494867838,1,bohr,hartree_per_elementary_charge
-0.75000000000000044,0.13,-1.40625,,-0.056983279402164376,1,bohr,hartree_per_elementary_charge
-0.75000000000000044,0.13,-1.3125000000000004,,-0.04467865330946081,1,bohr,hartree_per_elementary_charge
-0.75000000000000044,0.13,-1.21875,,-0.0027679911521938903,1,bohr,hartree_per_elementary_charge
-0.75000000000000044,0.13,-1.125,,0.039953744814812814,1,bohr,hartree_per_elementary_charge
-0.75000000000000044,0.13,-1.0312500000000004,,0.082675480781819966,1,bohr,hartree_per_elementary_charge
-0.75000000000000044,0.13,-0.9375,,0.18872815630195117,1,bohr,hartree_per_elementary_charge
-0.75000000000000044,0.13,-0.84375,,0.29563655110172926,1,bohr,hartree_per_elementary_charge
-0.75000000000000044,0.13,-0.75000000000000044,,0.40254509917119957,1,bohr,hartree_per_elementary_charge
-0.75000000000000044,0.13,-0.65625,,0.60588244563622862,1,bohr,hartree_per_elementary_charge
-0.75000000000000044,0.13,-0.5625,,0.80921979210125983,1,bohr,hartree_per_elementary_charge
-0.75000000000000044,0.13,-0.46875,,1.0132062028625506,1,bohr,hartree_per_elementary_charge
-0.75000000000000044,0.13,-0.375,,1.2652176155653816,1,bohr,hartree_per_elementary_charge
-0.75000000000000044,0.13,-0.28125,,1.5172290282682153,1,bohr,hartree_per_elementary_charge
-0.75000000000000044,0.13,-0.1875,,1.7648852502439649,1,bohr,hartree_per_elementary_charge
-0.75000000000000044,0.13,-0.09375,,1.8535865889755341,1,bohr,hartree_per_elementary_charge
-0.75000000000000044,0.13,0,,1.9422879277071035,1,bohr,hartree_per_elementary_charge
-0.75000000000000044,0.13,0.09375,,2.0210896859741396,1,bohr,hartree_per_elementary_charge
-0.75000000000000044,0.13,0.18749999999999911,,1.8623111110453645,1,bohr,hartree_per_elementary_charge
-0.75000000000000044,0.13,0.28125,,1.7035325361165867,1,bohr,hartree_per_elementary_charge
-0.75000000000000044,0.13,0.375,,1.5423451944582625,1,bohr,hartree_per_elementary_charge
-0.75000000000000044,0.13,0.46874999999999911,,1.3384035462440402,1,bohr,hartree_per_elementary_charge
-0.75000000000000044,0.13,0.5625,,1.1344618980298153,1,bohr,hartree_per_elementary_charge
-0.75000000000000044,0.13,0.65625,,0.93554226177987676,1,bohr,hartree_per_elementary_charge
-0.75000000000000044,0.13,0.74999999999999911,,0.80692906889842497,1,bohr,hartree_per_elementary_charge
-0.75000000000000044,0.13,0.84375,,0.67831587601697196,1,bohr,hartree_per_elementary_charge
-0.75000000000000044,0.13,0.9375,,0.55630569575285393,1,bohr,hartree_per_elementary_charge
-0.75000000000000044,0.13,1.0312499999999991,,0.51022859945573551,1,bohr,hartree_per_elementary_charge
-0.75000000000000044,0.13,1.125,,0.4641515031586167,1,bohr,hartree_per_elementary_charge
-0.75000000000000044,0.13,1.21875,,0.42317080711891331,1,bohr,hartree_per_elementary_charge
-0.75000000000000044,0.13,1.3124999999999991,,0.43169712147743139,1,bohr,hartree_per_elementary_charge
-0.75000000000000044,0.13,1.40625,,0.44022343583594958,1,bohr,hartree_per_elementary_charge
-0.75000000000000044,0.13,1.5,,0.44955614713397862,1,bohr,hartree_per_elementary_charge
-0.75000000000000044,0.13,1.5937499999999991,,0.46564232735927974,1,bohr,hartree_per_elementary_charge
-0.75000000000000044,0.13,1.6875,,0.48172850758458136,1,bohr,hartree_per_elementary_charge
-0.75000000000000044,0.13,1.78125,,0.49349112933137029,1,bohr,hartree_per_elementary_charge
-0.75000000000000044,0.13,1.8749999999999991,,0.47354809843300755,1,bohr,hartree_per_elementary_charge
-0.75000000000000044,0.13,1.96875,,0.45360506753464447,1,bohr,hartree_per_elementary_charge
-0.75000000000000044,0.13,2.0625,,0.43086399920660157,1,bohr,hartree_per_elementary_charge
-0.75000000000000044,0.13,2.1562499999999991,,0.38993591773403047,1,bohr,hartree_per_elementary_charge
-0.75000000000000044,0.13,2.25,,0.34900783626145976,1,bohr,hartree_per_elementary_charge
-0.75000000000000044,0.13,2.34375,,0.30894866547795619,1,bohr,hartree_per_elementary_charge
-0.75000000000000044,0.13,2.4374999999999991,,0.27394491651386838,1,bohr,hartree_per_elementary_charge
-0.75000000000000044,0.13,2.53125,,0.23894116754978076,1,bohr,hartree_per_elementary_charge
-0.75000000000000044,0.13,2.625,,0.20579934351996165,1,bohr,hartree_per_elementary_charge
-0.75000000000000044,0.13,2.7187499999999991,,0.18243252089041473,1,bohr,hartree_per_elementary_charge
-0.75000000000000044,0.13,2.8125,,0.15906569826086808,1,bohr,hartree_per_elementary_charge
-0.75000000000000044,0.13,2.90625,,0.13724544518279327,1,bohr,hartree_per_elementary_charge
-0.75000000000000044,0.13,2.9999999999999991,,0.12280106588714107,1,bohr,hartree_per_elementary_charge
-0.75000000000000044,0.13,3.09375,,0.10835668659148916,1,bohr,hartree_per_elementary_charge
-0.75000000000000044,0.13,3.1875,,0.094950241579936673,1,bohr,hartree_per_elementary_charge
-0.75000000000000044,0.13,3.2812499999999991,,0.086066182477421926,1,bohr,hartree_per_elementary_charge
-0.75000000000000044,0.13,3.375,,0.077182123374907347,1,bohr,hartree_per_elementary_charge
-0.75000000000000044,0.13,3.46875,,0.068946728931226747,1,bohr,hartree_per_elementary_charge
-0.75000000000000044,0.13,3.5625,,0.063305970440496989,1,bohr,hartree_per_elementary_charge
-0.75000000000000044,0.13,3.65625,,0.057665211949767349,1,bohr,hartree_per_elementary_charge
-0.75000000000000044,0.13,3.75,,0.05242717805068977,1,bohr,hartree_per_elementary_charge
-0.75000000000000044,0.13,3.84375,,0.048674178818734141,1,bohr,hartree_per_elementary_charge
-0.75000000000000044,0.13,3.9375,,0.04492117958677843,1,bohr,hartree_per_elementary_charge
-0.75000000000000044,0.13,4.03125,,0.041425416575415992,1,bohr,hartree_per_elementary_charge
-0.75000000000000044,0.13,4.125,,0.038807276146850631,1,bohr,hartree_per_elementary_charge
-0.75000000000000044,0.13,4.21875,,0.036189135718285206,1,bohr,hartree_per_elementary_charge
-0.75000000000000044,0.13,4.3125,,0.033742324620844144,1,bohr,hartree_per_elementary_charge
-0.75000000000000044,0.13,4.40625,,0.031838052358332342,1,bohr,hartree_per_elementary_charge
-0.75000000000000044,0.13,4.5,,0.029933780095820501,1,bohr,hartree_per_elementary_charge
-0.65625,0.13,-4.5,,-0.01877119670444468,1,bohr,hartree_per_elementary_charge
-0.65625,0.13,-4.40625,,-0.01955068467893761,1,bohr,hartree_per_elementary_charge
-0.65625,0.13,-4.3125,,-0.020465398823752885,1,bohr,hartree_per_elementary_charge
-0.65625,0.13,-4.21875,,-0.021408466495760867,1,bohr,hartree_per_elementary_charge
-0.65625,0.13,-4.125,,-0.022351534167768857,1,bohr,hartree_per_elementary_charge
-0.65625,0.13,-4.03125,,-0.023470781219029166,1,bohr,hartree_per_elementary_charge
-0.65625,0.13,-3.9375,,-0.024623585812324239,1,bohr,hartree_per_elementary_charge
-0.65625,0.13,-3.84375,,-0.025776390405619305,1,bohr,hartree_per_elementary_charge
-0.65625,0.13,-3.75,,-0.027160603757455441,1,bohr,hartree_per_elementary_charge
-0.65625,0.13,-3.65625,,-0.028584589940100633,1,bohr,hartree_per_elementary_charge
-0.65625,0.13,-3.5625,,-0.030008576122745819,1,bohr,hartree_per_elementary_charge
-0.65625,0.13,-3.46875,,-0.03173682591574236,1,bohr,hartree_per_elementary_charge
-0.65625,0.13,-3.375,,-0.033511884799574218,1,bohr,hartree_per_elementary_charge
-0.65625,0.13,-3.28125,,-0.035286943683406083,1,bohr,hartree_per_elementary_charge
-0.65625,0.13,-3.1875,,-0.037454716241133196,1,bohr,hartree_per_elementary_charge
-0.65625,0.13,-3.09375,,-0.039676039799403359,1,bohr,hartree_per_elementary_charge
-0.65625,0.13,-3,,-0.041897363357673509,1,bohr,hartree_per_elementary_charge
-0.65625,0.13,-2.90625,,-0.04459316166761082,1,bohr,hartree_per_elementary_charge
-0.65625,0.13,-2.8125,,-0.047345612673754561,1,bohr,hartree_per_elementary_charge
-0.65625,0.13,-2.71875,,-0.050098063679898303,1,bohr,hartree_per_elementary_charge
-0.65625,0.13,-2.625,,-0.053321252968822244,1,bohr,hartree_per_elementary_charge
-0.65625,0.13,-2.53125,,-0.056592899649224253,1,bohr,hartree_per_elementary_charge
-0.65625,0.13,-2.4375,,-0.059864546329626261,1,bohr,hartree_per_elementary_charge
-0.65625,0.13,-2.34375,,-0.063298947656356505,1,bohr,hartree_per_elementary_charge
-0.65625,0.13,-2.25,,-0.066747501240720833,1,bohr,hartree_per_elementary_charge
-0.65625,0.13,-2.1562500000000004,,-0.070196054825085147,1,bohr,hartree_per_elementary_charge
-0.65625,0.13,-2.0625,,-0.072624722801770861,1,bohr,hartree_per_elementary_charge
-0.65625,0.13,-1.96875,,-0.074980543741828651,1,bohr,hartree_per_elementary_charge
-0.65625,0.13,-1.8750000000000004,,-0.077336364681886427,1,bohr,hartree_per_elementary_charge
-0.65625,0.13,-1.78125,,-0.075106396543953818,1,bohr,hartree_per_elementary_charge
-0.65625,0.13,-1.6875,,-0.072618082485357005,1,bohr,hartree_per_elementary_charge
-0.65625,0.13,-1.5937500000000004,,-0.07012976842676015,1,bohr,hartree_per_elementary_charge
-0.65625,0.13,-1.5,,-0.053247246075933466,1,bohr,hartree_per_elementary_charge
-0.65625,0.13,-1.40625,,-0.035764990467307502,1,bohr,hartree_per_elementary_charge
-0.65625,0.13,-1.3125000000000004,,-0.018282734858681354,1,bohr,hartree_per_elementary_charge
-0.65625,0.13,-1.21875,,0.037726228112786392,1,bohr,hartree_per_elementary_charge
-0.65625,0.13,-1.125,,0.094790651641329923,1,bohr,hartree_per_elementary_charge
-0.65625,0.13,-1.0312500000000004,,0.15185507516987407,1,bohr,hartree_per_elementary_charge
-0.65625,0.13,-0.9375,,0.29528111202857427,1,bohr,hartree_per_elementary_charge
-0.65625,0.13,-0.84375,,0.43987405558516168,1,bohr,hartree_per_elementary_charge
-0.65625,0.13,-0.75000000000000044,,0.58446722828480768,1,bohr,hartree_per_elementary_charge
-0.65625,0.13,-0.65625,,0.87322451774554577,1,bohr,hartree_per_elementary_charge
-0.65625,0.13,-0.5625,,1.1619818072062869,1,bohr,hartree_per_elementary_charge
-0.65625,0.13,-0.46875,,1.4519762406266439,1,bohr,hartree_per_elementary_charge
-0.65625,0.13,-0.375,,1.8335083559144403,1,bohr,hartree_per_elementary_charge
-0.65625,0.13,-0.28125,,2.2150404712022409,1,bohr,hartree_per_elementary_charge
-0.65625,0.13,-0.1875,,2.5897437590711845,1,bohr,hartree_per_elementary_charge
-0.65625,0.13,-0.09375,,2.715209864671928,1,bohr,hartree_per_elementary_charge
-0.65625,0.13,0,,2.840675970272672,1,bohr,hartree_per_elementary_charge
-0.65625,0.13,0.09375,,2.9502578438964502,1,bohr,hartree_per_elementary_charge
-0.65625,0.13,0.18749999999999911,,2.6786335503329446,1,bohr,hartree_per_elementary_charge
-0.65625,0.13,0.28125,,2.4070092567694328,1,bohr,hartree_per_elementary_charge
-0.65625,0.13,0.375,,2.1333840150600407,1,bohr,hartree_per_elementary_charge
-0.65625,0.13,0.46874999999999911,,1.824243026067117,1,bohr,hartree_per_elementary_charge
-0.65625,0.13,0.5625,,1.5151020370741897,1,bohr,hartree_per_elementary_charge
-0.65625,0.13,0.65625,,1.214638831900746,1,bohr,hartree_per_elementary_charge
-0.65625,0.13,0.74999999999999911,,1.0356616209876239,1,bohr,hartree_per_elementary_charge
-0.65625,0.13,0.84375,,0.85668441007449969,1,bohr,hartree_per_elementary_charge
-0.65625,0.13,0.9375,,0.68730417292369472,1,bohr,hartree_per_elementary_charge
-0.65625,0.13,1.0312499999999991,,0.62828686505310116,1,bohr,hartree_per_elementary_charge
-0.65625,0.13,1.125,,0.56926955718250682,1,bohr,hartree_per_elementary_charge
-0.65625,0.13,1.21875,,0.51749240939446139,1,bohr,hartree_per_elementary_charge
-0.65625,0.13,1.3124999999999991,,0.53604699820225798,1,bohr,hartree_per_elementary_charge
-0.65625,0.13,1.40625,,0.55460158701005502,1,bohr,hartree_per_elementary_charge
-0.65625,0.13,1.5,,0.57421977025903637,1,bohr,hartree_per_elementary_charge
-0.65625,0.13,1.5937499999999991,,0.60274541788172376,1,bohr,hartree_per_elementary_charge
-0.65625,0.13,1.6875,,0.63127106550441203,1,bohr,hartree_per_elementary_charge
-0.65625,0.13,1.78125,,0.65258265853247799,1,bohr,hartree_per_elementary_charge
-0.65625,0.13,1.8749999999999991,,0.62099192347200882,1,bohr,hartree_per_elementary_charge
-0.65625,0.13,1.96875,,0.58940118841153899,1,bohr,hartree_per_elementary_charge
-0.65625,0.13,2.0625,,0.55393934555027469,1,bohr,hartree_per_elementary_charge
-0.65625,0.13,2.1562499999999991,,0.49331562039603682,1,bohr,hartree_per_elementary_charge
-0.65625,0.13,2.25,,0.43269189524179957,1,bohr,hartree_per_elementary_charge
-0.65625,0.13,2.34375,,0.37409483678352451,1,bohr,hartree_per_elementary_charge
-0.65625,0.13,2.4374999999999991,,0.32728915707609568,1,bohr,hartree_per_elementary_charge
-0.65625,0.13,2.53125,,0.28048347736866736,1,bohr,hartree_per_elementary_charge
-0.65625,0.13,2.625,,0.23654421765974243,1,bohr,hartree_per_elementary_charge
-0.65625,0.13,2.7187499999999991,,0.2076535020588248,1,bohr,hartree_per_elementary_charge
-0.65625,0.13,2.8125,,0.1787627864579075,1,bohr,hartree_per_elementary_charge
-0.65625,0.13,2.90625,,0.151944538440898,1,bohr,hartree_per_elementary_charge
-0.65625,0.13,2.9999999999999991,,0.13501026835589813,1,bohr,hartree_per_elementary_charge
-0.65625,0.13,3.09375,,0.11807599827089862,1,bohr,hartree_per_elementary_charge
-0.65625,0.13,3.1875,,0.1024293318992904,1,bohr,hartree_per_elementary_charge
-0.65625,0.13,3.2812499999999991,,0.092392886693965226,1,bohr,hartree_per_elementary_charge
-0.65625,0.13,3.375,,0.08235644148864027,1,bohr,hartree_per_elementary_charge
-0.65625,0.13,3.46875,,0.073086232086587447,1,bohr,hartree_per_elementary_charge
-0.65625,0.13,3.5625,,0.066880939104032283,1,bohr,hartree_per_elementary_charge
-0.65625,0.13,3.65625,,0.060675646121477245,1,bohr,hartree_per_elementary_charge
-0.65625,0.13,3.75,,0.054929948305115064,1,bohr,hartree_per_elementary_charge
-0.65625,0.13,3.84375,,0.050878993667554655,1,bohr,hartree_per_elementary_charge
-0.65625,0.13,3.9375,,0.046828039029994169,1,bohr,hartree_per_elementary_charge
-0.65625,0.13,4.03125,,0.043063301307081081,1,bohr,hartree_per_elementary_charge
-0.65625,0.13,4.125,,0.040275060701462514,1,bohr,hartree_per_elementary_charge
-0.65625,0.13,4.21875,,0.037486820095843885,1,bohr,hartree_per_elementary_charge
-0.65625,0.13,4.3125,,0.034885698205617148,1,bohr,hartree_per_elementary_charge
-0.65625,0.13,4.40625,,0.032877114494206348,1,bohr,hartree_per_elementary_charge
-0.65625,0.13,4.5,,0.0308685307827955,1,bohr,hartree_per_elementary_charge
-0.5625,0.13,-4.5,,-0.018316771526066821,1,bohr,hartree_per_elementary_charge
-0.5625,0.13,-4.40625,,-0.019073605196833258,1,bohr,hartree_per_elementary_charge
-0.5625,0.13,-4.3125,,-0.019961646596136064,1,bohr,hartree_per_elementary_charge
-0.5625,0.13,-4.21875,,-0.020877198956446498,1,bohr,hartree_per_elementary_charge
-0.5625,0.13,-4.125,,-0.021792751316756939,1,bohr,hartree_per_elementary_charge
-0.5625,0.13,-4.03125,,-0.02287922094877037,1,bohr,hartree_per_elementary_charge
-0.5625,0.13,-3.9375,,-0.023998245829610201,1,bohr,hartree_per_elementary_charge
-0.5625,0.13,-3.84375,,-0.025117270710450029,1,bohr,hartree_per_elementary_charge
-0.5625,0.13,-3.75,,-0.026460570640821777,1,bohr,hartree_per_elementary_charge
-0.5625,0.13,-3.65625,,-0.027842417312708242,1,bohr,hartree_per_elementary_charge
-0.5625,0.13,-3.5625,,-0.029224263984594708,1,bohr,hartree_per_elementary_charge
-0.5625,0.13,-3.46875,,-0.030900071909429123,1,bohr,hartree_per_elementary_charge
-0.5625,0.13,-3.375,,-0.032621103970582099,1,bohr,hartree_per_elementary_charge
-0.5625,0.13,-3.28125,,-0.034342136031735075,1,bohr,hartree_per_elementary_charge
-0.5625,0.13,-3.1875,,-0.036439325356053598,1,bohr,hartree_per_elementary_charge
-0.5625,0.13,-3.09375,,-0.038587808024971623,1,bohr,hartree_per_elementary_charge
-0.5625,0.13,-3,,-0.040736290693889649,1,bohr,hartree_per_elementary_charge
-0.5625,0.13,-2.90625,,-0.04332855513685744,1,bohr,hartree_per_elementary_charge
-0.5625,0.13,-2.8125,,-0.045973807507926477,1,bohr,hartree_per_elementary_charge
-0.5625,0.13,-2.71875,,-0.048619059878995508,1,bohr,hartree_per_elementary_charge
-0.5625,0.13,-2.625,,-0.051669739564218671,1,bohr,hartree_per_elementary_charge
-0.5625,0.13,-2.53125,,-0.054762153586326079,1,bohr,hartree_per_elementary_charge
-0.5625,0.13,-2.4375,,-0.057854567608433508,1,bohr,hartree_per_elementary_charge
-0.5625,0.13,-2.34375,,-0.060955691066416608,1,bohr,hartree_per_elementary_charge
-0.5625,0.13,-2.25,,-0.064057571849509262,1,bohr,hartree_per_elementary_charge
-0.5625,0.13,-2.1562500000000004,,-0.067159452632601882,1,bohr,hartree_per_elementary_charge
-0.5625,0.13,-2.0625,,-0.068847712042902784,1,bohr,hartree_per_elementary_charge
-0.5625,0.13,-1.96875,,-0.070435001180511839,1,bohr,hartree_per_elementary_charge
-0.5625,0.13,-1.8750000000000004,,-0.07202229031812088,1,bohr,hartree_per_elementary_charge
-0.5625,0.13,-1.78125,,-0.067939860390999487,1,bohr,hartree_per_elementary_charge
-0.5625,0.13,-1.6875,,-0.063538020049056482,1,bohr,hartree_per_elementary_charge
-0.5625,0.13,-1.5937500000000004,,-0.059136179707113434,1,bohr,hartree_per_elementary_charge
-0.5625,0.13,-1.5,,-0.037206586656999295,1,bohr,hartree_per_elementary_charge
-0.5625,0.13,-1.40625,,-0.014546701532450862,1,bohr,hartree_per_elementary_charge
-0.5625,0.13,-1.3125000000000004,,0.0081131835920978147,1,bohr,hartree_per_elementary_charge
-0.5625,0.13,-1.21875,,0.078220447377766261,1,bohr,hartree_per_elementary_charge
-0.5625,0.13,-1.125,,0.14962755846784642,1,bohr,hartree_per_elementary_charge
-0.5625,0.13,-1.0312500000000004,,0.22103466955792739,1,bohr,hartree_per_elementary_charge
-0.5625,0.13,-0.9375,,0.40183406775519626,1,bohr,hartree_per_elementary_charge
-0.5625,0.13,-0.84375,,0.58411156006859255,1,bohr,hartree_per_elementary_charge
-0.5625,0.13,-0.75000000000000044,,0.76638935739841363,1,bohr,hartree_per_elementary_charge
-0.5625,0.13,-0.65625,,1.1405665898548598,1,bohr,hartree_per_elementary_charge
-0.5625,0.13,-0.5625,,1.5147438223113099,1,bohr,hartree_per_elementary_charge
-0.5625,0.13,-0.46875,,1.8907462783907327,1,bohr,hartree_per_elementary_charge
-0.5625,0.13,-0.375,,2.4017990962634927,1,bohr,hartree_per_elementary_charge
-0.5625,0.13,-0.28125,,2.9128519141362585,1,bohr,hartree_per_elementary_charge
-0.5625,0.13,-0.1875,,3.4146022678983945,1,bohr,hartree_per_elementary_charge
-0.5625,0.13,-0.09375,,3.5768331403683127,1,bohr,hartree_per_elementary_charge
-0.5625,0.13,0,,3.7390640128382304,1,bohr,hartree_per_elementary_charge
-0.5625,0.13,0.09375,,3.8794260018187519,1,bohr,hartree_per_elementary_charge
-0.5625,0.13,0.18749999999999911,,3.4949559896205158,1,bohr,hartree_per_elementary_charge
-0.5625,0.13,0.28125,,3.1104859774222713,1,bohr,hartree_per_elementary_charge
-0.5625,0.13,0.375,,2.7244228356618132,1,bohr,hartree_per_elementary_charge
-0.5625,0.13,0.46874999999999911,,2.3100825058901888,1,bohr,hartree_per_elementary_charge
-0.5625,0.13,0.5625,,1.89574217611856,1,bohr,hartree_per_elementary_charge
-0.5625,0.13,0.65625,,1.4937354020216127,1,bohr,hartree_per_elementary_charge
-0.5625,0.13,0.74999999999999911,,1.2643941730768204,1,bohr,hartree_per_elementary_charge
-0.5625,0.13,0.84375,,1.0350529441320255,1,bohr,hartree_per_elementary_charge
-0.5625,0.13,0.9375,,0.8183026500945344,1,bohr,hartree_per_elementary_charge
-0.5625,0.13,1.0312499999999991,,0.74634513065046548,1,bohr,hartree_per_elementary_charge
-0.5625,0.13,1.125,,0.6743876112063959,1,bohr,hartree_per_elementary_charge
-0.5625,0.13,1.21875,,0.61181401167000837,1,bohr,hartree_per_elementary_charge
-0.5625,0.13,1.3124999999999991,,0.64039687492708341,1,bohr,hartree_per_elementary_charge
-0.5625,0.13,1.40625,,0.66897973818415934,1,bohr,hartree_per_elementary_charge
-0.5625,0.13,1.5,,0.69888339338409289,1,bohr,hartree_per_elementary_charge
-0.5625,0.13,1.5937499999999991,,0.73984850840416627,1,bohr,hartree_per_elementary_charge
-0.5625,0.13,1.6875,,0.78081362342424077,1,bohr,hartree_per_elementary_charge
-0.5625,0.13,1.78125,,0.81167418773358391,1,bohr,hartree_per_elementary_charge
-0.5625,0.13,1.8749999999999991,,0.76843574851100849,1,bohr,hartree_per_elementary_charge
-0.5625,0.13,1.96875,,0.72519730928843207,1,bohr,hartree_per_elementary_charge
-0.5625,0.13,2.0625,,0.67701469189394659,1,bohr,hartree_per_elementary_charge
-0.5625,0.13,2.1562499999999991,,0.59669532305804196,1,bohr,hartree_per_elementary_charge
-0.5625,0.13,2.25,,0.51637595422213833,1,bohr,hartree_per_elementary_charge
-0.5625,0.13,2.34375,,0.439241008089092,1,bohr,hartree_per_elementary_charge
-0.5625,0.13,2.4374999999999991,,0.38063339763832255,1,bohr,hartree_per_elementary_charge
-0.5625,0.13,2.53125,,0.32202578718755359,1,bohr,hartree_per_elementary_charge
-0.5625,0.13,2.625,,0.26728909179952282,1,bohr,hartree_per_elementary_charge
-0.5625,0.13,2.7187499999999991,,0.23287448322723459,1,bohr,hartree_per_elementary_charge
-0.5625,0.13,2.8125,,0.19845987465494672,1,bohr,hartree_per_elementary_charge
-0.5625,0.13,2.90625,,0.16664363169900254,1,bohr,hartree_per_elementary_charge
-0.5625,0.13,2.9999999999999991,,0.14721947082465509,1,bohr,hartree_per_elementary_charge
-0.5625,0.13,3.09375,,0.12779530995030799,1,bohr,hartree_per_elementary_charge
-0.5625,0.13,3.1875,,0.10990842221864405,1,bohr,hartree_per_elementary_charge
-0.5625,0.13,3.2812499999999991,,0.098719590910508484,1,bohr,hartree_per_elementary_charge
-0.5625,0.13,3.375,,0.087530759602373109,1,bohr,hartree_per_elementary_charge
-0.5625,0.13,3.46875,,0.07722573524194809,1,bohr,hartree_per_elementary_charge
-0.5625,0.13,3.5625,,0.070455907767567522,1,bohr,hartree_per_elementary_charge
-0.5625,0.13,3.65625,,0.063686080293187119,1,bohr,hartree_per_elementary_charge
-0.5625,0.13,3.75,,0.057432718559540318,1,bohr,hartree_per_elementary_charge
-0.5625,0.13,3.84375,,0.053083808516375154,1,bohr,hartree_per_elementary_charge
-0.5625,0.13,3.9375,,0.048734898473209887,1,bohr,hartree_per_elementary_charge
-0.5625,0.13,4.03125,,0.044701186038746156,1,bohr,hartree_per_elementary_charge
-0.5625,0.13,4.125,,0.041742845256074385,1,bohr,hartree_per_elementary_charge
-0.5625,0.13,4.21875,,0.038784504473402551,1,bohr,hartree_per_elementary_charge
-0.5625,0.13,4.3125,,0.036029071790390138,1,bohr,hartree_per_elementary_charge
-0.5625,0.13,4.40625,,0.033916176630080341,1,bohr,hartree_per_elementary_charge
-0.5625,0.13,4.5,,0.031803281469770503,1,bohr,hartree_per_elementary_charge
-0.46875,0.13,-4.5,,-0.017794579913715306,1,bohr,hartree_per_elementary_charge
-0.46875,0.13,-4.40625,,-0.018523184768289944,1,bohr,hartree_per_elementary_charge
-0.46875,0.13,-4.3125,,-0.019377270568662532,1,bohr,hartree_per_elementary_charge
-0.46875,0.13,-4.21875,,-0.020257666567722009,1,bohr,hartree_per_elementary_charge
-0.46875,0.13,-4.125,,-0.021138062566781489,1,bohr,hartree_per_elementary_charge
-0.46875,0.13,-4.03125,,-0.022181573815102783,1,bohr,hartree_per_elementary_charge
-0.46875,0.13,-3.9375,,-0.023256154232000129,1,bohr,hartree_per_elementary_charge
-0.46875,0.13,-3.84375,,-0.024330734648897463,1,bohr,hartree_per_elementary_charge
-0.46875,0.13,-3.75,,-0.025618599458185835,1,bohr,hartree_per_elementary_charge
-0.46875,0.13,-3.65625,,-0.026943122015894196,1,bohr,hartree_per_elementary_charge
-0.46875,0.13,-3.5625,,-0.028267644573602542,1,bohr,hartree_per_elementary_charge
-0.46875,0.13,-3.46875,,-0.029869853332169811,1,bohr,hartree_per_elementary_charge
-0.46875,0.13,-3.375,,-0.031514782410083556,1,bohr,hartree_per_elementary_charge
-0.46875,0.13,-3.28125,,-0.03315971148799729,1,bohr,hartree_per_elementary_charge
-0.46875,0.13,-3.1875,,-0.035154865056069434,1,bohr,hartree_per_elementary_charge
-0.46875,0.13,-3.09375,,-0.037197775738572136,1,bohr,hartree_per_elementary_charge
-0.46875,0.13,-3,,-0.039240686421074839,1,bohr,hartree_per_elementary_charge
-0.46875,0.13,-2.90625,,-0.041681907678216307,1,bohr,hartree_per_elementary_charge
-0.46875,0.13,-2.8125,,-0.044170687562874913,1,bohr,hartree_per_elementary_charge
-0.46875,0.13,-2.71875,,-0.04665946744753352,1,bohr,hartree_per_elementary_charge
-0.46875,0.13,-2.625,,-0.04946515676886002,1,bohr,hartree_per_elementary_charge
-0.46875,0.13,-2.53125,,-0.052303468473360933,1,bohr,hartree_per_elementary_charge
-0.46875,0.13,-2.4375,,-0.055141780177861838,1,bohr,hartree_per_elementary_charge
-0.46875,0.13,-2.34375,,-0.05779818724870471,1,bohr,hartree_per_elementary_charge
-0.46875,0.13,-2.25,,-0.060438776883311805,1,bohr,hartree_per_elementary_charge
-0.46875,0.13,-2.1562500000000004,,-0.063079366517918914,1,bohr,hartree_per_elementary_charge
-0.46875,0.13,-2.0625,,-0.063852302548724288,1,bohr,hartree_per_elementary_charge
-0.46875,0.13,-1.96875,,-0.064491838294772133,1,bohr,hartree_per_elementary_charge
-0.46875,0.13,-1.8750000000000004,,-0.065131374040819964,1,bohr,hartree_per_elementary_charge
-0.46875,0.13,-1.78125,,-0.058901471111882563,1,bohr,hartree_per_elementary_charge
-0.46875,0.13,-1.6875,,-0.052284570126830174,1,bohr,hartree_per_elementary_charge
-0.46875,0.13,-1.5937500000000004,,-0.045667669141777757,1,bohr,hartree_per_elementary_charge
-0.46875,0.13,-1.5,,-0.018079234849975482,1,bohr,hartree_per_elementary_charge
-0.46875,0.13,-1.40625,,0.010382976292610077,1,bohr,hartree_per_elementary_charge
-0.46875,0.13,-1.3125000000000004,,0.038845187435195938,1,bohr,hartree_per_elementary_charge
-0.46875,0.13,-1.21875,,0.12495813706674298,1,bohr,hartree_per_elementary_charge
-0.46875,0.13,-1.125,,0.21265046071508117,1,bohr,hartree_per_elementary_charge
-0.46875,0.13,-1.0312500000000004,,0.30034278436342021,1,bohr,hartree_per_elementary_charge
-0.46875,0.13,-0.9375,,0.52759671804362984,1,bohr,hartree_per_elementary_charge
-0.46875,0.13,-0.84375,,0.75673638974139501,1,bohr,hartree_per_elementary_charge
-0.46875,0.13,-0.75000000000000044,,0.98587650937014137,1,bohr,hartree_per_elementary_charge
-0.46875,0.13,-0.65625,,1.4968299850424824,1,bohr,hartree_per_elementary_charge
-0.46875,0.13,-0.5625,,2.0077834607148293,1,bohr,hartree_per_elementary_charge
-0.46875,0.13,-0.46875,,2.5236580281892675,1,bohr,hartree_per_elementary_charge
-0.46875,0.13,-0.375,,3.4036497481737511,1,bohr,hartree_per_elementary_charge
-0.46875,0.13,-0.28125,,4.2836414681582431,1,bohr,hartree_per_elementary_charge
-0.46875,0.13,-0.1875,,5.149121296327162,1,bohr,hartree_per_elementary_charge
-0.46875,0.13,-0.09375,,5.4849489889762255,1,bohr,hartree_per_elementary_charge
-0.46875,0.13,0,,5.8207766816252882,1,bohr,hartree_per_elementary_charge
-0.46875,0.13,0.09375,,6.1100790547888657,1,bohr,hartree_per_elementary_charge
-0.46875,0.13,0.18749999999999911,,5.2828188680536856,1,bohr,hartree_per_elementary_charge
-0.46875,0.13,0.28125,,4.4555586813184878,1,bohr,hartree_per_elementary_charge
-0.46875,0.13,0.375,,3.6397231078827752,1,bohr,hartree_per_elementary_charge
-0.46875,0.13,0.46874999999999911,,3.0266682409787364,1,bohr,hartree_per_elementary_charge
-0.46875,0.13,0.5625,,2.4136133740746915,1,bohr,hartree_per_elementary_charge
-0.46875,0.13,0.65625,,1.8217614207488966,1,bohr,hartree_per_elementary_charge
-0.46875,0.13,0.74999999999999911,,1.5267429782425388,1,bohr,hartree_per_elementary_charge
-0.46875,0.13,0.84375,,1.2317245357361775,1,bohr,hartree_per_elementary_charge
-0.46875,0.13,0.9375,,0.9536411978830388,1,bohr,hartree_per_elementary_charge
-0.46875,0.13,1.0312499999999991,,0.87030755962113238,1,bohr,hartree_per_elementary_charge
-0.46875,0.13,1.125,,0.78697392135922517,1,bohr,hartree_per_elementary_charge
-0.46875,0.13,1.21875,,0.71700518462125962,1,bohr,hartree_per_elementary_charge
-0.46875,0.13,1.3124999999999991,,0.7768646178262304,1,bohr,hartree_per_elementary_charge
-0.46875,0.13,1.40625,,0.8367240510312034,1,bohr,hartree_per_elementary_charge
-0.46875,0.13,1.5,,0.90140075483164328,1,bohr,hartree_per_elementary_charge
-0.46875,0.13,1.5937499999999991,,1.0064214699827352,1,bohr,hartree_per_elementary_charge
-0.46875,0.13,1.6875,,1.1114421851338305,1,bohr,hartree_per_elementary_charge
-0.46875,0.13,1.78125,,1.1921207013958288,1,bohr,hartree_per_elementary_charge
-0.46875,0.13,1.8749999999999991,,1.0942922525196144,1,bohr,hartree_per_elementary_charge
-0.46875,0.13,1.96875,,0.99646380364339793,1,bohr,hartree_per_elementary_charge
-0.46875,0.13,2.0625,,0.89463570342932597,1,bohr,hartree_per_elementary_charge
-0.46875,0.13,2.1562499999999991,,0.76681019850453136,1,bohr,hartree_per_elementary_charge
-0.46875,0.13,2.25,,0.63898469357973808,1,bohr,hartree_per_elementary_charge
-0.46875,0.13,2.34375,,0.51885025420065845,1,bohr,hartree_per_elementary_charge
-0.46875,0.13,2.4374999999999991,,0.44346331426377184,1,bohr,hartree_per_elementary_charge
-0.46875,0.13,2.53125,,0.36807637432688589,1,bohr,hartree_per_elementary_charge
-0.46875,0.13,2.625,,0.29827549089110128,1,bohr,hartree_per_elementary_charge
-0.46875,0.13,2.7187499999999991,,0.2578010905563739,1,bohr,hartree_per_elementary_charge
-0.46875,0.13,2.8125,,0.21732669022164708,1,bohr,hartree_per_elementary_charge
-0.46875,0.13,2.90625,,0.18008530357447039,1,bohr,hartree_per_elementary_charge
-0.46875,0.13,2.9999999999999991,,0.15826275203465745,1,bohr,hartree_per_elementary_charge
-0.46875,0.13,3.09375,,0.13644020049484507,1,bohr,hartree_per_elementary_charge
-0.46875,0.13,3.1875,,0.11640974630298168,1,bohr,hartree_per_elementary_charge
-0.46875,0.13,3.2812499999999991,,0.10418764367840536,1,bohr,hartree_per_elementary_charge
-0.46875,0.13,3.375,,0.091965541053829328,1,bohr,hartree_per_elementary_charge
-0.46875,0.13,3.46875,,0.080736892743173652,1,bohr,hartree_per_elementary_charge
-0.46875,0.13,3.5625,,0.073482026949274096,1,bohr,hartree_per_elementary_charge
-0.46875,0.13,3.65625,,0.066227161155374692,1,bohr,hartree_per_elementary_charge
-0.46875,0.13,3.75,,0.059538955678297659,1,bohr,hartree_per_elementary_charge
-0.46875,0.13,3.84375,,0.054940292862401256,1,bohr,hartree_per_elementary_charge
-0.46875,0.13,3.9375,,0.050341630046504757,1,bohr,hartree_per_elementary_charge
-0.46875,0.13,4.03125,,0.046082836860694386,1,bohr,hartree_per_elementary_charge
-0.46875,0.13,4.125,,0.042983589798997343,1,bohr,hartree_per_elementary_charge
-0.46875,0.13,4.21875,,0.039884342737300224,1,bohr,hartree_per_elementary_charge
-0.46875,0.13,4.3125,,0.037001139514477165,1,bohr,hartree_per_elementary_charge
-0.46875,0.13,4.40625,,0.034802070011590851,1,bohr,hartree_per_elementary_charge
-0.46875,0.13,4.5,,0.032603000508704495,1,bohr,hartree_per_elementary_charge
-0.375,0.13,-4.5,,-0.017236430755129532,1,bohr,hartree_per_elementary_charge
-0.375,0.13,-4.40625,,-0.017933848901559808,1,bohr,hartree_per_elementary_charge
-0.375,0.13,-4.3125,,-0.018750114748289515,1,bohr,hartree_per_elementary_charge
-0.375,0.13,-4.21875,,-0.019591299968940688,1,bohr,hartree_per_elementary_charge
-0.375,0.13,-4.125,,-0.020432485189591867,1,bohr,hartree_per_elementary_charge
-0.375,0.13,-4.03125,,-0.021427635932871503,1,bohr,hartree_per_elementary_charge
-0.375,0.13,-3.9375,,-0.022452113062243744,1,bohr,hartree_per_elementary_charge
-0.375,0.13,-3.84375,,-0.023476590191615975,1,bohr,hartree_per_elementary_charge
-0.375,0.13,-3.75,,-0.024701314521063965,1,bohr,hartree_per_elementary_charge
-0.375,0.13,-3.65625,,-0.025960455862464364,1,bohr,hartree_per_elementary_charge
-0.375,0.13,-3.5625,,-0.027219597203864757,1,bohr,hartree_per_elementary_charge
-0.375,0.13,-3.46875,,-0.028736980522622128,1,bohr,hartree_per_elementary_charge
-0.375,0.13,-3.375,,-0.030294092786164066,1,bohr,hartree_per_elementary_charge
-0.375,0.13,-3.28125,,-0.031851205049705997,1,bohr,hartree_per_elementary_charge
-0.375,0.13,-3.1875,,-0.033727633838990558,1,bohr,hartree_per_elementary_charge
-0.375,0.13,-3.09375,,-0.035647605088291436,1,bohr,hartree_per_elementary_charge
-0.375,0.13,-3,,-0.037567576337592321,1,bohr,hartree_per_elementary_charge
-0.375,0.13,-2.90625,,-0.039832545490137809,1,bohr,hartree_per_elementary_charge
-0.375,0.13,-2.8125,,-0.042138707691071441,1,bohr,hartree_per_elementary_charge
-0.375,0.13,-2.71875,,-0.044444869892005058,1,bohr,hartree_per_elementary_charge
-0.375,0.13,-2.625,,-0.046967109834654103,1,bohr,hartree_per_elementary_charge
-0.375,0.13,-2.53125,,-0.049511592633053388,1,bohr,hartree_per_elementary_charge
-0.375,0.13,-2.4375,,-0.052056075431452672,1,bohr,hartree_per_elementary_charge
-0.375,0.13,-2.34375,,-0.054208635725042739,1,bohr,hartree_per_elementary_charge
-0.375,0.13,-2.25,,-0.056327116572142039,1,bohr,hartree_per_elementary_charge
-0.375,0.13,-2.1562500000000004,,-0.058445597419241303,1,bohr,hartree_per_elementary_charge
-0.375,0.13,-2.0625,,-0.058210398524912971,1,bohr,hartree_per_elementary_charge
-0.375,0.13,-1.96875,,-0.057807084115429459,1,bohr,hartree_per_elementary_charge
-0.375,0.13,-1.8750000000000004,,-0.057403769705945962,1,bohr,hartree_per_elementary_charge
-0.375,0.13,-1.78125,,-0.048869857881304532,1,bohr,hartree_per_elementary_charge
-0.375,0.13,-1.6875,,-0.039877899112277744,1,bohr,hartree_per_elementary_charge
-0.375,0.13,-1.5937500000000004,,-0.030885940343250914,1,bohr,hartree_per_elementary_charge
-0.375,0.13,-1.5,,0.0026859467460383663,1,bohr,hartree_per_elementary_charge
-0.375,0.13,-1.40625,,0.037281954105696499,1,bohr,hartree_per_elementary_charge
-0.375,0.13,-1.3125000000000004,,0.071877961465354995,1,bohr,hartree_per_elementary_charge
-0.375,0.13,-1.21875,,0.17500867447794738,1,bohr,hartree_per_elementary_charge
-0.375,0.13,-1.125,,0.28001693383588971,1,bohr,hartree_per_elementary_charge
-0.375,0.13,-1.0312500000000004,,0.3850251931938331,1,bohr,hartree_per_elementary_charge
-0.375,0.13,-0.9375,,0.66355222399598912,1,bohr,hartree_per_elementary_charge
-0.375,0.13,-0.84375,,0.94442381748982751,1,bohr,hartree_per_elementary_charge
-0.375,0.13,-0.75000000000000044,,1.2252960374019279,1,bohr,hartree_per_elementary_charge
-0.375,0.13,-0.65625,,1.900275921767457,1,bohr,hartree_per_elementary_charge
-0.375,0.13,-0.5625,,2.5752558061329931,1,bohr,hartree_per_elementary_charge
-0.375,0.13,-0.46875,,3.259583308096111,1,bohr,hartree_per_elementary_charge
-0.375,0.13,-0.375,,4.6355516164626982,1,bohr,hartree_per_elementary_charge
-0.375,0.13,-0.28125,,6.011519924829301,1,bohr,hartree_per_elementary_charge
-0.375,0.13,-0.1875,,7.3663152756582306,1,bohr,hartree_per_elementary_charge
-0.375,0.13,-0.09375,,7.9483442416753931,1,bohr,hartree_per_elementary_charge
-0.375,0.13,0,,8.5303732076925538,1,bohr,hartree_per_elementary_charge
-0.375,0.13,0.09375,,9.031312983020495,1,bohr,hartree_per_elementary_charge
-0.375,0.13,0.18749999999999911,,7.5861908003145411,1,bohr,hartree_per_elementary_charge
-0.375,0.13,0.28125,,6.1410686176085569,1,bohr,hartree_per_elementary_charge
-0.375,0.13,0.375,,4.7270797427436744,1,bohr,hartree_per_elementary_charge
-0.375,0.13,0.46874999999999911,,3.8656902421590957,1,bohr,hartree_per_elementary_charge
-0.375,0.13,0.5625,,3.0043007415745082,1,bohr,hartree_per_elementary_charge
-0.375,0.13,0.65625,,2.1757498932651202,1,bohr,hartree_per_elementary_charge
-0.375,0.13,0.74999999999999911,,1.8069289028100484,1,bohr,hartree_per_elementary_charge
-0.375,0.13,0.84375,,1.4381079123549725,1,bohr,hartree_per_elementary_charge
-0.375,0.13,0.9375,,1.0912826304589485,1,bohr,hartree_per_elementary_charge
-0.375,0.13,1.0312499999999991,,0.99740279660634956,1,bohr,hartree_per_elementary_charge
-0.375,0.13,1.125,,0.90352296275374955,1,bohr,hartree_per_elementary_charge
-0.375,0.13,1.21875,,0.82796386026079061,1,bohr,hartree_per_elementary_charge
-0.375,0.13,1.3124999999999991,,0.93037442108165969,1,bohr,hartree_per_elementary_charge
-0.375,0.13,1.40625,,1.0327849819025319,1,bohr,hartree_per_elementary_charge
-0.375,0.13,1.5,,1.1452280868810061,1,bohr,hartree_per_elementary_charge
-0.375,0.13,1.5937499999999991,,1.3416924373653978,1,bohr,hartree_per_elementary_charge
-0.375,0.13,1.6875,,1.5381567878497961,1,bohr,hartree_per_elementary_charge
-0.375,0.13,1.78125,,1.6900203791280701,1,bohr,hartree_per_elementary_charge
-0.375,0.13,1.8749999999999991,,1.5148163047029199,1,bohr,hartree_per_elementary_charge
-0.375,0.13,1.96875,,1.3396122302777662,1,bohr,hartree_per_elementary_charge
-0.375,0.13,2.0625,,1.1624235885632448,1,bohr,hartree_per_elementary_charge
-0.375,0.13,2.1562499999999991,,0.97233542270542883,1,bohr,hartree_per_elementary_charge
-0.375,0.13,2.25,,0.78224725684761509,1,bohr,hartree_per_elementary_charge
-0.375,0.13,2.34375,,0.6061337521583301,1,bohr,hartree_per_elementary_charge
-0.375,0.13,2.4374999999999991,,0.51132642528364869,1,bohr,hartree_per_elementary_charge
-0.375,0.13,2.53125,,0.41651909840896828,1,bohr,hartree_per_elementary_charge
-0.375,0.13,2.625,,0.32939004553273227,1,bohr,hartree_per_elementary_charge
-0.375,0.13,2.7187499999999991,,0.2825715001882898,1,bohr,hartree_per_elementary_charge
-0.375,0.13,2.8125,,0.23575295484384787,1,bohr,hartree_per_elementary_charge
-0.375,0.13,2.90625,,0.19285977511415403,1,bohr,hartree_per_elementary_charge
-0.375,0.13,2.9999999999999991,,0.16868738378785833,1,bohr,hartree_per_elementary_charge
-0.375,0.13,3.09375,,0.14451499246156313,1,bohr,hartree_per_elementary_charge
-0.375,0.13,3.1875,,0.12239225786406384,1,bohr,hartree_per_elementary_charge
-0.375,0.13,3.2812499999999991,,0.10920008741756355,1,bohr,hartree_per_elementary_charge
-0.375,0.13,3.375,,0.096007916971063562,1,bohr,hartree_per_elementary_charge
-0.375,0.13,3.46875,,0.083914643768879998,1,bohr,hartree_per_elementary_charge
-0.375,0.13,3.5625,,0.076216921117928035,1,bohr,hartree_per_elementary_charge
-0.375,0.13,3.65625,,0.068519198466976239,1,bohr,hartree_per_elementary_charge
-0.375,0.13,3.75,,0.061434788357524597,1,bohr,hartree_per_elementary_charge
-0.375,0.13,3.84375,,0.0566119495670038,1,bohr,hartree_per_elementary_charge
-0.375,0.13,3.9375,,0.051789110776482905,1,bohr,hartree_per_elementary_charge
-0.375,0.13,4.03125,,0.047328527412709993,1,bohr,hartree_per_elementary_charge
-0.375,0.13,4.125,,0.044103864645661725,1,bohr,hartree_per_elementary_charge
-0.375,0.13,4.21875,,0.040879201878613387,1,bohr,hartree_per_elementary_charge
-0.375,0.13,4.3125,,0.037882310639102988,1,bohr,hartree_per_elementary_charge
-0.375,0.13,4.40625,,0.035606690523278944,1,bohr,hartree_per_elementary_charge
-0.375,0.13,4.5,,0.033331070407454852,1,bohr,hartree_per_elementary_charge
-0.28125,0.13,-4.5,,-0.016678281596543758,1,bohr,hartree_per_elementary_charge
-0.28125,0.13,-4.40625,,-0.017344513034829673,1,bohr,hartree_per_elementary_charge
-0.28125,0.13,-4.3125,,-0.018122958927916502,1,bohr,hartree_per_elementary_charge
-0.28125,0.13,-4.21875,,-0.01892493337015937,1,bohr,hartree_per_elementary_charge
-0.28125,0.13,-4.125,,-0.019726907812402245,1,bohr,hartree_per_elementary_charge
-0.28125,0.13,-4.03125,,-0.020673698050640222,1,bohr,hartree_per_elementary_charge
-0.28125,0.13,-3.9375,,-0.02164807189248736,1,bohr,hartree_per_elementary_charge
-0.28125,0.13,-3.84375,,-0.022622445734334501,1,bohr,hartree_per_elementary_charge
-0.28125,0.13,-3.75,,-0.023784029583942105,1,bohr,hartree_per_elementary_charge
-0.28125,0.13,-3.65625,,-0.024977789709034543,1,bohr,hartree_per_elementary_charge
-0.28125,0.13,-3.5625,,-0.026171549834126971,1,bohr,hartree_per_elementary_charge
-0.28125,0.13,-3.46875,,-0.027604107713074467,1,bohr,hartree_per_elementary_charge
-0.28125,0.13,-3.375,,-0.029073403162244597,1,bohr,hartree_per_elementary_charge
-0.28125,0.13,-3.28125,,-0.030542698611414721,1,bohr,hartree_per_elementary_charge
-0.28125,0.13,-3.1875,,-0.032300402621911695,1,bohr,hartree_per_elementary_charge
-0.28125,0.13,-3.09375,,-0.034097434438010762,1,bohr,hartree_per_elementary_charge
-0.28125,0.13,-3,,-0.035894466254109823,1,bohr,hartree_per_elementary_charge
-0.28125,0.13,-2.90625,,-0.037983183302059326,1,bohr,hartree_per_elementary_charge
-0.28125,0.13,-2.8125,,-0.040106727819267982,1,bohr,hartree_per_elementary_charge
-0.28125,0.13,-2.71875,,-0.042230272336476624,1,bohr,hartree_per_elementary_charge
-0.28125,0.13,-2.625,,-0.044469062900448192,1,bohr,hartree_per_elementary_charge
-0.28125,0.13,-2.53125,,-0.046719716792745863,1,bohr,hartree_per_elementary_charge
-0.28125,0.13,-2.4375,,-0.048970370685043549,1,bohr,hartree_per_elementary_charge
-0.28125,0.13,-2.34375,,-0.050619084201380823,1,bohr,hartree_per_elementary_charge
-0.28125,0.13,-2.25,,-0.052215456260972293,1,bohr,hartree_per_elementary_charge
-0.28125,0.13,-2.1562500000000004,,-0.053811828320563769,1,bohr,hartree_per_elementary_charge
-0.28125,0.13,-2.0625,,-0.052568494501101702,1,bohr,hartree_per_elementary_charge
-0.28125,0.13,-1.96875,,-0.051122329936086862,1,bohr,hartree_per_elementary_charge
-0.28125,0.13,-1.8750000000000004,,-0.049676165371072029,1,bohr,hartree_per_elementary_charge
-0.28125,0.13,-1.78125,,-0.038838244650726619,1,bohr,hartree_per_elementary_charge
-0.28125,0.13,-1.6875,,-0.02747122809772545,1,bohr,hartree_per_elementary_charge
-0.28125,0.13,-1.5937500000000004,,-0.016104211544724231,1,bohr,hartree_per_elementary_charge
-0.28125,0.13,-1.5,,0.023451128342051999,1,bohr,hartree_per_elementary_charge
-0.28125,0.13,-1.40625,,0.06418093191878263,1,bohr,hartree_per_elementary_charge
-0.28125,0.13,-1.3125000000000004,,0.10491073549551369,1,bohr,hartree_per_elementary_charge
-0.28125,0.13,-1.21875,,0.22505921188915126,1,bohr,hartree_per_elementary_charge
-0.28125,0.13,-1.125,,0.3473834069566975,1,bohr,hartree_per_elementary_charge
-0.28125,0.13,-1.0312500000000004,,0.46970760202424511,1,bohr,hartree_per_elementary_charge
-0.28125,0.13,-0.9375,,0.79950772994834662,1,bohr,hartree_per_elementary_charge
-0.28125,0.13,-0.84375,,1.132111245238258,1,bohr,hartree_per_elementary_charge
-0.28125,0.13,-0.75000000000000044,,1.4647155654337121,1,bohr,hartree_per_elementary_charge
-0.28125,0.13,-0.65625,,2.3037218584924268,1,bohr,hartree_per_elementary_charge
-0.28125,0.13,-0.5625,,3.1427281515511498,1,bohr,hartree_per_elementary_charge
-0.28125,0.13,-0.46875,,3.9955085880029451,1,bohr,hartree_per_elementary_charge
-0.28125,0.13,-0.375,,5.8674534847516338,1,bohr,hartree_per_elementary_charge
-0.28125,0.13,-0.28125,,7.7393983815003402,1,bohr,hartree_per_elementary_charge
-0.28125,0.13,-0.1875,,9.5835092549892735,1,bohr,hartree_per_elementary_charge
-0.28125,0.13,-0.09375,,10.411739494374531,1,bohr,hartree_per_elementary_charge
-0.28125,0.13,0,,11.239969733759789,1,bohr,hartree_per_elementary_charge
-0.28125,0.13,0.09375,,11.952546911252091,1,bohr,hartree_per_elementary_charge
-0.28125,0.13,0.18749999999999911,,9.8895627325753708,1,bohr,hartree_per_elementary_charge
-0.28125,0.13,0.28125,,7.8265785538986075,1,bohr,hartree_per_elementary_charge
-0.28125,0.13,0.375,,5.8144363776045607,1,bohr,hartree_per_elementary_charge
-0.28125,0.13,0.46874999999999911,,4.7047122433394453,1,bohr,hartree_per_elementary_charge
-0.28125,0.13,0.5625,,3.5949881090743179,1,bohr,hartree_per_elementary_charge
-0.28125,0.13,0.65625,,2.5297383657813404,1,bohr,hartree_per_elementary_charge
-0.28125,0.13,0.74999999999999911,,2.087114827377555,1,bohr,hartree_per_elementary_charge
-0.28125,0.13,0.84375,,1.6444912889737646,1,bohr,hartree_per_elementary_charge
-0.28125,0.13,0.9375,,1.2289240630348564,1,bohr,hartree_per_elementary_charge
-0.28125,0.13,1.0312499999999991,,1.1244980335915653,1,bohr,hartree_per_elementary_charge
-0.28125,0.13,1.125,,1.0200720041482725,1,bohr,hartree_per_elementary_charge
-0.28125,0.13,1.21875,,0.9389225359003206,1,bohr,hartree_per_elementary_charge
-0.28125,0.13,1.3124999999999991,,1.0838842243370872,1,bohr,hartree_per_elementary_charge
-0.28125,0.13,1.40625,,1.2288459127738587,1,bohr,hartree_per_elementary_charge
-0.28125,0.13,1.5,,1.3890554189303663,1,bohr,hartree_per_elementary_charge
-0.28125,0.13,1.5937499999999991,,1.6769634047480571,1,bohr,hartree_per_elementary_charge
-0.28125,0.13,1.6875,,1.9648713905657571,1,bohr,hartree_per_elementary_charge
-0.28125,0.13,1.78125,,2.187920056860305,1,bohr,hartree_per_elementary_charge
-0.28125,0.13,1.8749999999999991,,1.9353403568862206,1,bohr,hartree_per_elementary_charge
-0.28125,0.13,1.96875,,1.6827606569121303,1,bohr,hartree_per_elementary_charge
-0.28125,0.13,2.0625,,1.4302114736971603,1,bohr,hartree_per_elementary_charge
-0.28125,0.13,2.1562499999999991,,1.177860646906324,1,bohr,hartree_per_elementary_charge
-0.28125,0.13,2.25,,0.92550982011549054,1,bohr,hartree_per_elementary_charge
-0.28125,0.13,2.34375,,0.69341725011600097,1,bohr,hartree_per_elementary_charge
-0.28125,0.13,2.4374999999999991,,0.57918953630352499,1,bohr,hartree_per_elementary_charge
-0.28125,0.13,2.53125,,0.46496182249105017,1,bohr,hartree_per_elementary_charge
-0.28125,0.13,2.625,,0.36050460017436287,1,bohr,hartree_per_elementary_charge
-0.28125,0.13,2.7187499999999991,,0.30734190982020537,1,bohr,hartree_per_elementary_charge
-0.28125,0.13,2.8125,,0.25417921946604843,1,bohr,hartree_per_elementary_charge
-0.28125,0.13,2.90625,,0.20563424665383756,1,bohr,hartree_per_elementary_charge
-0.28125,0.13,2.9999999999999991,,0.17911201554105904,1,bohr,hartree_per_elementary_charge
-0.28125,0.13,3.09375,,0.15258978442828108,1,bohr,hartree_per_elementary_charge
-0.28125,0.13,3.1875,,0.12837476942514595,1,bohr,hartree_per_elementary_charge
-0.28125,0.13,3.2812499999999991,,0.11421253115672167,1,bohr,hartree_per_elementary_charge
-0.28125,0.13,3.375,,0.10005029288829775,1,bohr,hartree_per_elementary_charge
-0.28125,0.13,3.46875,,0.087092394794586331,1,bohr,hartree_per_elementary_charge
-0.28125,0.13,3.5625,,0.078951815286581947,1,bohr,hartree_per_elementary_charge
-0.28125,0.13,3.65625,,0.070811235778577758,1,bohr,hartree_per_elementary_charge
-0.28125,0.13,3.75,,0.063330621036751522,1,bohr,hartree_per_elementary_charge
-0.28125,0.13,3.84375,,0.058283606271606329,1,bohr,hartree_per_elementary_charge
-0.28125,0.13,3.9375,,0.053236591506461033,1,bohr,hartree_per_elementary_charge
-0.28125,0.13,4.03125,,0.04857421796472558,1,bohr,hartree_per_elementary_charge
-0.28125,0.13,4.125,,0.045224139492326093,1,bohr,hartree_per_elementary_charge
-0.28125,0.13,4.21875,,0.041874061019926537,1,bohr,hartree_per_elementary_charge
-0.28125,0.13,4.3125,,0.038763481763728805,1,bohr,hartree_per_elementary_charge
-0.28125,0.13,4.40625,,0.036411311034967031,1,bohr,hartree_per_elementary_charge
-0.28125,0.13,4.5,,0.034059140306205209,1,bohr,hartree_per_elementary_charge
-0.1875,0.13,-4.5,,-0.016059942473492031,1,bohr,hartree_per_elementary_charge
-0.1875,0.13,-4.40625,,-0.01669000714545444,1,bohr,hartree_per_elementary_charge
-0.1875,0.13,-4.3125,,-0.017424109716153817,1,bohr,hartree_per_elementary_charge
-0.1875,0.13,-4.21875,,-0.018180026417830054,1,bohr,hartree_per_elementary_charge
-0.1875,0.13,-4.125,,-0.01893594311950629,1,bohr,hartree_per_elementary_charge
-0.1875,0.13,-4.03125,,-0.01982523627139875,1,bohr,hartree_per_elementary_charge
-0.1875,0.13,-3.9375,,-0.020739934132137233,1,bohr,hartree_per_elementary_charge
-0.1875,0.13,-3.84375,,-0.021654631992875713,1,bohr,hartree_per_elementary_charge
-0.1875,0.13,-3.75,,-0.022740064399571939,1,bohr,hartree_per_elementary_charge
-0.1875,0.13,-3.65625,,-0.0238548414008827,1,bohr,hartree_per_elementary_charge
-0.1875,0.13,-3.5625,,-0.024969618402193451,1,bohr,hartree_per_elementary_charge
-0.1875,0.13,-3.46875,,-0.026298580380022422,1,bohr,hartree_per_elementary_charge
-0.1875,0.13,-3.375,,-0.027660493403196002,1,bohr,hartree_per_elementary_charge
-0.1875,0.13,-3.28125,,-0.029022406426369583,1,bohr,hartree_per_elementary_charge
-0.1875,0.13,-3.1875,,-0.030634235122520462,1,bohr,hartree_per_elementary_charge
-0.1875,0.13,-3.09375,,-0.032280142678738973,1,bohr,hartree_per_elementary_charge
-0.1875,0.13,-3,,-0.033926050234957483,1,bohr,hartree_per_elementary_charge
-0.1875,0.13,-2.90625,,-0.035800043209906762,1,bohr,hartree_per_elementary_charge
-0.1875,0.13,-2.8125,,-0.037701269781356322,1,bohr,hartree_per_elementary_charge
-0.1875,0.13,-2.71875,,-0.039602496352805869,1,bohr,hartree_per_elementary_charge
-0.1875,0.13,-2.625,,-0.041507133900677201,1,bohr,hartree_per_elementary_charge
-0.1875,0.13,-2.53125,,-0.043412122571509712,1,bohr,hartree_per_elementary_charge
-0.1875,0.13,-2.4375,,-0.045317111242342209,1,bohr,hartree_per_elementary_charge
-0.1875,0.13,-2.34375,,-0.046409076515604379,1,bohr,hartree_per_elementary_charge
-0.1875,0.13,-2.25,,-0.04743034570218297,1,bohr,hartree_per_elementary_charge
-0.1875,0.13,-2.1562500000000004,,-0.048451614888761541,1,bohr,hartree_per_elementary_charge
-0.1875,0.13,-2.0625,,-0.046198400647797414,1,bohr,hartree_per_elementary_charge
-0.1875,0.13,-1.96875,,-0.043711300947142637,1,bohr,hartree_per_elementary_charge
-0.1875,0.13,-1.8750000000000004,,-0.041224201246487853,1,bohr,hartree_per_elementary_charge
-0.1875,0.13,-1.78125,,-0.028347278446855851,1,bohr,hartree_per_elementary_charge
-0.1875,0.13,-1.6875,,-0.01488503251779196,1,bohr,hartree_per_elementary_charge
-0.1875,0.13,-1.5937500000000004,,-0.0014227865887279992,1,bohr,hartree_per_elementary_charge
-0.1875,0.13,-1.5,,0.042788439208480869,1,bohr,hartree_per_elementary_charge
-0.1875,0.13,-1.40625,,0.088280818195635033,1,bohr,hartree_per_elementary_charge
-0.1875,0.13,-1.3125000000000004,,0.13377319718278965,1,bohr,hartree_per_elementary_charge
-0.1875,0.13,-1.21875,,0.26588082678585101,1,bohr,hartree_per_elementary_charge
-0.1875,0.13,-1.125,,0.40036132931068436,1,bohr,hartree_per_elementary_charge
-0.1875,0.13,-1.0312500000000004,,0.53484183183551903,1,bohr,hartree_per_elementary_charge
-0.1875,0.13,-0.9375,,0.89933137550162812,1,bohr,hartree_per_elementary_charge
-0.1875,0.13,-0.84375,,1.2669287709126582,1,bohr,hartree_per_elementary_charge
-0.1875,0.13,-0.75000000000000044,,1.6345271109998787,1,bohr,hartree_per_elementary_charge
-0.1875,0.13,-0.65625,,2.596463371361557,1,bohr,hartree_per_elementary_charge
-0.1875,0.13,-0.5625,,3.5583996317232449,1,bohr,hartree_per_elementary_charge
-0.1875,0.13,-0.46875,,4.5423454549569415,1,bohr,hartree_per_elementary_charge
-0.1875,0.13,-0.375,,7.1548037472203827,1,bohr,hartree_per_elementary_charge
-0.1875,0.13,-0.28125,,9.7672620394838514,1,bohr,hartree_per_elementary_charge
-0.1875,0.13,-0.1875,,12.375214040618099,1,bohr,hartree_per_elementary_charge
-0.1875,0.13,-0.09375,,14.818696326143549,1,bohr,hartree_per_elementary_charge
-0.1875,0.13,0,,17.262178611668997,1,bohr,hartree_per_elementary_charge
-0.1875,0.13,0.09375,,19.43541189956758,1,bohr,hartree_per_elementary_charge
-0.1875,0.13,0.18749999999999911,,15.122931259280033,1,bohr,hartree_per_elementary_charge
-0.1875,0.13,0.28125,,10.810450618992395,1,bohr,hartree_per_elementary_charge
-0.1875,0.13,0.375,,6.6576496934230773,1,bohr,hartree_per_elementary_charge
-0.1875,0.13,0.46874999999999911,,5.3390773338960491,1,bohr,hartree_per_elementary_charge
-0.1875,0.13,0.5625,,4.0205049743690076,1,bohr,hartree_per_elementary_charge
-0.1875,0.13,0.65625,,2.7570798143896909,1,bohr,hartree_per_elementary_charge
-0.1875,0.13,0.74999999999999911,,2.2656965152234645,1,bohr,hartree_per_elementary_charge
-0.1875,0.13,0.84375,,1.7743132160572332,1,bohr,hartree_per_elementary_charge
-0.1875,0.13,0.9375,,1.3134379445136872,1,bohr,hartree_per_elementary_charge
-0.1875,0.13,1.0312499999999991,,1.2033977777008531,1,bohr,hartree_per_elementary_charge
-0.1875,0.13,1.125,,1.0933576108880181,1,bohr,hartree_per_elementary_charge
-0.1875,0.13,1.21875,,1.0111941371814797,1,bohr,hartree_per_elementary_charge
-0.1875,0.13,1.3124999999999991,,1.1998280235279106,1,bohr,hartree_per_elementary_charge
-0.1875,0.13,1.40625,,1.3884619098743476,1,bohr,hartree_per_elementary_charge
-0.1875,0.13,1.5,,1.6836559964856785,1,bohr,hartree_per_elementary_charge
-0.1875,0.13,1.5937499999999991,,2.8712778269442052,1,bohr,hartree_per_elementary_charge
-0.1875,0.13,1.6875,,4.0588996574027698,1,bohr,hartree_per_elementary_charge
-0.1875,0.13,1.78125,,4.9683983818282069,1,bohr,hartree_per_elementary_charge
-0.1875,0.13,1.8749999999999991,,3.8383561502792758,1,bohr,hartree_per_elementary_charge
-0.1875,0.13,1.96875,,2.7083139187303225,1,bohr,hartree_per_elementary_charge
-0.1875,0.13,2.0625,,1.6861370563396101,1,bohr,hartree_per_elementary_charge
-0.1875,0.13,2.1562499999999991,,1.3650762211723411,1,bohr,hartree_per_elementary_charge
-0.1875,0.13,2.25,,1.0440153860050756,1,bohr,hartree_per_elementary_charge
-0.1875,0.13,2.34375,,0.75130569980741413,1,bohr,hartree_per_elementary_charge
-0.1875,0.13,2.4374999999999991,,0.62354624256858338,1,bohr,hartree_per_elementary_charge
-0.1875,0.13,2.53125,,0.49578678532975401,1,bohr,hartree_per_elementary_charge
-0.1875,0.13,2.625,,0.37934152435273927,1,bohr,hartree_per_elementary_charge
-0.1875,0.13,2.7187499999999991,,0.32229515871606712,1,bohr,hartree_per_elementary_charge
-0.1875,0.13,2.8125,,0.26524879307939547,1,bohr,hartree_per_elementary_charge
-0.1875,0.13,2.90625,,0.21325504857692409,1,bohr,hartree_per_elementary_charge
-0.1875,0.13,2.9999999999999991,,0.18535818075277158,1,bohr,hartree_per_elementary_charge
-0.1875,0.13,3.09375,,0.15746131292861967,1,bohr,hartree_per_elementary_charge
-0.1875,0.13,3.1875,,0.13202339602580992,1,bohr,hartree_per_elementary_charge
-0.1875,0.13,3.2812499999999991,,0.11729937996243731,1,bohr,hartree_per_elementary_charge
-0.1875,0.13,3.375,,0.10257536389906505,1,bohr,hartree_per_elementary_charge
-0.1875,0.13,3.46875,,0.089116163873879328,1,bohr,hartree_per_elementary_charge
-0.1875,0.13,3.5625,,0.080716183773588343,1,bohr,hartree_per_elementary_charge
-0.1875,0.13,3.65625,,0.072316203673297511,1,bohr,hartree_per_elementary_charge
-0.1875,0.13,3.75,,0.064602744109831106,1,bohr,hartree_per_elementary_charge
-0.1875,0.13,3.84375,,0.059420808118573712,1,bohr,hartree_per_elementary_charge
-0.1875,0.13,3.9375,,0.054238872127316207,1,bohr,hartree_per_elementary_charge
-0.1875,0.13,4.03125,,0.04945439948370256,1,bohr,hartree_per_elementary_charge
-0.1875,0.13,4.125,,0.046025967637616919,1,bohr,hartree_per_elementary_charge
-0.1875,0.13,4.21875,,0.042597535791531187,1,bohr,hartree_per_elementary_charge
-0.1875,0.13,4.3125,,0.039415439852893204,1,bohr,hartree_per_elementary_charge
-0.1875,0.13,4.40625,,0.03701340180248068,1,bohr,hartree_per_elementary_charge
-0.1875,0.13,4.5,,0.034611363752068129,1,bohr,hartree_per_elementary_charge
-0.09375,0.13,-4.5,,-0.015411508497360804,1,bohr,hartree_per_elementary_charge
-0.09375,0.13,-4.40625,,-0.016002916384596166,1,bohr,hartree_per_elementary_charge
-0.09375,0.13,-4.3125,,-0.016689413962533414,1,bohr,hartree_per_elementary_charge
-0.09375,0.13,-4.21875,,-0.017395849457255814,1,bohr,hartree_per_elementary_charge
-0.09375,0.13,-4.125,,-0.018102284951978218,1,bohr,hartree_per_elementary_charge
-0.09375,0.13,-4.03125,,-0.018929512746478177,1,bohr,hartree_per_elementary_charge
-0.09375,0.13,-3.9375,,-0.019779748299856972,1,bohr,hartree_per_elementary_charge
-0.09375,0.13,-3.84375,,-0.020629983853235764,1,bohr,hartree_per_elementary_charge
-0.09375,0.13,-3.75,,-0.021632759363403579,1,bohr,hartree_per_elementary_charge
-0.09375,0.13,-3.65625,,-0.022661752316382285,1,bohr,hartree_per_elementary_charge
-0.09375,0.13,-3.5625,,-0.023690745269360984,1,bohr,hartree_per_elementary_charge
-0.09375,0.13,-3.46875,,-0.024906726155694087,1,bohr,hartree_per_elementary_charge
-0.09375,0.13,-3.375,,-0.026151473989041937,1,bohr,hartree_per_elementary_charge
-0.09375,0.13,-3.28125,,-0.027396221822389794,1,bohr,hartree_per_elementary_charge
-0.09375,0.13,-3.1875,,-0.028848599994673964,1,bohr,hartree_per_elementary_charge
-0.09375,0.13,-3.09375,,-0.030329290938150552,1,bohr,hartree_per_elementary_charge
-0.09375,0.13,-3,,-0.031809981881627147,1,bohr,hartree_per_elementary_charge
-0.09375,0.13,-2.90625,,-0.033450014881925852,1,bohr,hartree_per_elementary_charge
-0.09375,0.13,-2.8125,,-0.035109073461786655,1,bohr,hartree_per_elementary_charge
-0.09375,0.13,-2.71875,,-0.036768132041647451,1,bohr,hartree_per_elementary_charge
-0.09375,0.13,-2.625,,-0.038313264863505198,1,bohr,hartree_per_elementary_charge
-0.09375,0.13,-2.53125,,-0.039846670266419276,1,bohr,hartree_per_elementary_charge
-0.09375,0.13,-2.4375,,-0.041380075669333355,1,bohr,hartree_per_elementary_charge
-0.09375,0.13,-2.34375,,-0.041888842080123327,1,bohr,hartree_per_elementary_charge
-0.09375,0.13,-2.25,,-0.042308511464649298,1,bohr,hartree_per_elementary_charge
-0.09375,0.13,-2.1562500000000004,,-0.042728180849175262,1,bohr,hartree_per_elementary_charge
-0.09375,0.13,-2.0625,,-0.039464213442270336,1,bohr,hartree_per_elementary_charge
-0.09375,0.13,-1.96875,,-0.035937136111812137,1,bohr,hartree_per_elementary_charge
-0.09375,0.13,-1.8750000000000004,,-0.032410058781353952,1,bohr,hartree_per_elementary_charge
-0.09375,0.13,-1.78125,,-0.017626636742001964,1,bohr,hartree_per_elementary_charge
-0.09375,0.13,-1.6875,,-0.0022090750403854428,1,bohr,hartree_per_elementary_charge
-0.09375,0.13,-1.5937500000000004,,0.013208486661231159,1,bohr,hartree_per_elementary_charge
-0.09375,0.13,-1.5,,0.061411817773990858,1,bohr,hartree_per_elementary_charge
-0.09375,0.13,-1.40625,,0.1109811647105604,1,bohr,hartree_per_elementary_charge
-0.09375,0.13,-1.3125000000000004,,0.16055051164713047,1,bohr,hartree_per_elementary_charge
-0.09375,0.13,-1.21875,,0.302088000228389,1,bohr,hartree_per_elementary_charge
-0.09375,0.13,-1.125,,0.44614500715569611,1,bohr,hartree_per_elementary_charge
-0.09375,0.13,-1.0312500000000004,,0.59020201408300466,1,bohr,hartree_per_elementary_charge
-0.09375,0.13,-0.9375,,0.98108916838582005,1,bohr,hartree_per_elementary_charge
-0.09375,0.13,-0.84375,,1.3753114589963817,1,bohr,hartree_per_elementary_charge
-0.09375,0.13,-0.75000000000000044,,1.7695348146955463,1,bohr,hartree_per_elementary_charge
-0.09375,0.13,-0.65625,,2.8338529098483454,1,bohr,hartree_per_elementary_charge
-0.09375,0.13,-0.5625,,3.8981710050011555,1,bohr,hartree_per_elementary_charge
-0.09375,0.13,-0.46875,,4.9946385211736466,1,bohr,hartree_per_elementary_charge
-0.09375,0.13,-0.375,,8.4698780877998434,1,bohr,hartree_per_elementary_charge
-0.09375,0.13,-0.28125,,11.945117654426078,1,bohr,hartree_per_elementary_charge
-0.09375,0.13,-0.1875,,15.454172996631083,1,bohr,hartree_per_elementary_charge
-0.09375,0.13,-0.09375,,20.197429777022688,1,bohr,hartree_per_elementary_charge
-0.09375,0.13,0,,24.940686557414306,1,bohr,hartree_per_elementary_charge
-0.09375,0.13,0.09375,,29.199082629740555,1,bohr,hartree_per_elementary_charge
-0.09375,0.13,0.18749999999999911,,21.821291796124914,1,bohr,hartree_per_elementary_charge
-0.09375,0.13,0.28125,,14.443500962509109,1,bohr,hartree_per_elementary_charge
-0.09375,0.13,0.375,,7.3787918735943743,1,bohr,hartree_per_elementary_charge
-0.09375,0.13,0.46874999999999911,,5.871114408286231,1,bohr,hartree_per_elementary_charge
-0.09375,0.13,0.5625,,4.3634369429780708,1,bohr,hartree_per_elementary_charge
-0.09375,0.13,0.65625,,2.9210980227987466,1,bohr,hartree_per_elementary_charge
-0.09375,0.13,0.74999999999999911,,2.3934763027273012,1,bohr,hartree_per_elementary_charge
-0.09375,0.13,0.84375,,1.8658545826558499,1,bohr,hartree_per_elementary_charge
-0.09375,0.13,0.9375,,1.3713881644431711,1,bohr,hartree_per_elementary_charge
-0.09375,0.13,1.0312499999999991,,1.2581998787883364,1,bohr,hartree_per_elementary_charge
-0.09375,0.13,1.125,,1.1450115931335008,1,bohr,hartree_per_elementary_charge
-0.09375,0.13,1.21875,,1.064122284296789,1,bohr,hartree_per_elementary_charge
-0.09375,0.13,1.3124999999999991,,1.2969889012942144,1,bohr,hartree_per_elementary_charge
-0.09375,0.13,1.40625,,1.5298555182916471,1,bohr,hartree_per_elementary_charge
-0.09375,0.13,1.5,,2.0036430878465534,1,bohr,hartree_per_elementary_charge
-0.09375,0.13,1.5937499999999991,,4.49511213324244,1,bohr,hartree_per_elementary_charge
-0.09375,0.13,1.6875,,6.9865811786384056,1,bohr,hartree_per_elementary_charge
-0.09375,0.13,1.78125,,8.8901611325384877,1,bohr,hartree_per_elementary_charge
-0.09375,0.13,1.8749999999999991,,6.4826146331995655,1,bohr,hartree_per_elementary_charge
-0.09375,0.13,1.96875,,4.0750681338605892,1,bohr,hartree_per_elementary_charge
-0.09375,0.13,2.0625,,1.936131513190027,1,bohr,hartree_per_elementary_charge
-0.09375,0.13,2.1562499999999991,,1.5431370097591066,1,bohr,hartree_per_elementary_charge
-0.09375,0.13,2.25,,1.1501425063281907,1,bohr,hartree_per_elementary_charge
-0.09375,0.13,2.34375,,0.79449668844053811,1,bohr,hartree_per_elementary_charge
-0.09375,0.13,2.4374999999999991,,0.65614979689543274,1,bohr,hartree_per_elementary_charge
-0.09375,0.13,2.53125,,0.51780290535032869,1,bohr,hartree_per_elementary_charge
-0.09375,0.13,2.625,,0.39203965964438747,1,bohr,hartree_per_elementary_charge
-0.09375,0.13,2.7187499999999991,,0.3323398483092132,1,bohr,hartree_per_elementary_charge
-0.09375,0.13,2.8125,,0.27264003697403938,1,bohr,hartree_per_elementary_charge
-0.09375,0.13,2.90625,,0.21829902675027141,1,bohr,hartree_per_elementary_charge
-0.09375,0.13,2.9999999999999991,,0.18951512165974355,1,bohr,hartree_per_elementary_charge
-0.09375,0.13,3.09375,,0.1607312165692163,1,bohr,hartree_per_elementary_charge
-0.09375,0.13,3.1875,,0.13450508515423146,1,bohr,hartree_per_elementary_charge
-0.09375,0.13,3.2812499999999991,,0.11942343543330421,1,bohr,hartree_per_elementary_charge
-0.09375,0.13,3.375,,0.10434178571237726,1,bohr,hartree_per_elementary_charge
-0.09375,0.13,3.46875,,0.090562944456138744,1,bohr,hartree_per_elementary_charge
-0.09375,0.13,3.5625,,0.081995291502290124,1,bohr,hartree_per_elementary_charge
-0.09375,0.13,3.65625,,0.073427638548441698,1,bohr,hartree_per_elementary_charge
-0.09375,0.13,3.75,,0.065563013718170693,1,bohr,hartree_per_elementary_charge
-0.09375,0.13,3.84375,,0.06029078368353756,1,bohr,hartree_per_elementary_charge
-0.09375,0.13,3.9375,,0.055018553648904317,1,bohr,hartree_per_elementary_charge
-0.09375,0.13,4.03125,,0.050151827270456424,1,bohr,hartree_per_elementary_charge
-0.09375,0.13,4.125,,0.046668573115532463,1,bohr,hartree_per_elementary_charge
-0.09375,0.13,4.21875,,0.043185318960608413,1,bohr,hartree_per_elementary_charge
-0.09375,0.13,4.3125,,0.039952791916163972,1,bohr,hartree_per_elementary_charge
-0.09375,0.13,4.40625,,0.037514228132488177,1,bohr,hartree_per_elementary_charge
-0.09375,0.13,4.5,,0.035075664348812319,1,bohr,hartree_per_elementary_charge
0,0.13,-4.5,,-0.014763074521229569,1,bohr,hartree_per_elementary_charge
0,0.13,-4.40625,,-0.015315825623737884,1,bohr,hartree_per_elementary_charge
0,0.13,-4.3125,,-0.015954718208913005,1,bohr,hartree_per_elementary_charge
0,0.13,-4.21875,,-0.016611672496681572,1,bohr,hartree_per_elementary_charge
0,0.13,-4.125,,-0.017268626784450139,1,bohr,hartree_per_elementary_charge
0,0.13,-4.03125,,-0.01803378922155759,1,bohr,hartree_per_elementary_charge
0,0.13,-3.9375,,-0.018819562467576698,1,bohr,hartree_per_elementary_charge
0,0.13,-3.84375,,-0.019605335713595809,1,bohr,hartree_per_elementary_charge
0,0.13,-3.75,,-0.020525454327235203,1,bohr,hartree_per_elementary_charge
0,0.13,-3.65625,,-0.02146866323188186,1,bohr,hartree_per_elementary_charge
0,0.13,-3.5625,,-0.02241187213652851,1,bohr,hartree_per_elementary_charge
0,0.13,-3.46875,,-0.023514871931365738,1,bohr,hartree_per_elementary_charge
0,0.13,-3.375,,-0.024642454574887868,1,bohr,hartree_per_elementary_charge
0,0.13,-3.28125,,-0.025770037218409987,1,bohr,hartree_per_elementary_charge
0,0.13,-3.1875,,-0.027062964866827448,1,bohr,hartree_per_elementary_charge
0,0.13,-3.09375,,-0.028378439197562111,1,bohr,hartree_per_elementary_charge
0,0.13,-3,,-0.02969391352829678,1,bohr,hartree_per_elementary_charge
0,0.13,-2.90625,,-0.0310999865539449,1,bohr,hartree_per_elementary_charge
0,0.13,-2.8125,,-0.032516877142216953,1,bohr,hartree_per_elementary_charge
0,0.13,-2.71875,,-0.033933767730488999,1,bohr,hartree_per_elementary_charge
0,0.13,-2.625,,-0.035119395826333173,1,bohr,hartree_per_elementary_charge
0,0.13,-2.53125,,-0.036281217961328813,1,bohr,hartree_per_elementary_charge
0,0.13,-2.4375,,-0.037443040096324459,1,bohr,hartree_per_elementary_charge
0,0.13,-2.34375,,-0.03736860764464224,1,bohr,hartree_per_elementary_charge
0,0.13,-2.25,,-0.037186677227115585,1,bohr,hartree_per_elementary_charge
0,0.13,-2.1562500000000004,,-0.037004746809588929,1,bohr,hartree_per_elementary_charge
0,0.13,-2.0625,,-0.032730026236743197,1,bohr,hartree_per_elementary_charge
0,0.13,-1.96875,,-0.028162971276481565,1,bohr,hartree_per_elementary_charge
0,0.13,-1.8750000000000004,,-0.023595916316219955,1,bohr,hartree_per_elementary_charge
0,0.13,-1.78125,,-0.0069059950371479703,1,bohr,hartree_per_elementary_charge
0,0.13,-1.6875,,0.010466882437021206,1,bohr,hartree_per_elementary_charge
0,0.13,-1.5937500000000004,,0.027839759911190479,1,bohr,hartree_per_elementary_charge
0,0.13,-1.5,,0.080035196339501055,1,bohr,hartree_per_elementary_charge
0,0.13,-1.40625,,0.13368151122548602,1,bohr,hartree_per_elementary_charge
0,0.13,-1.3125000000000004,,0.18732782611147158,1,bohr,hartree_per_elementary_charge
0,0.13,-1.21875,,0.33829517367092737,1,bohr,hartree_per_elementary_charge
0,0.13,-1.125,,0.4919286850007083,1,bohr,hartree_per_elementary_charge
0,0.13,-1.0312500000000004,,0.64556219633049083,1,bohr,hartree_per_elementary_charge
0,0.13,-0.9375,,1.0628469612700129,1,bohr,hartree_per_elementary_charge
0,0.13,-0.84375,,1.4836941470801062,1,bohr,hartree_per_elementary_charge
0,0.13,-0.75000000000000044,,1.9045425183912155,1,bohr,hartree_per_elementary_charge
0,0.13,-0.65625,,3.0712424483351368,1,bohr,hartree_per_elementary_charge
0,0.13,-0.5625,,4.2379423782790688,1,bohr,hartree_per_elementary_charge
0,0.13,-0.46875,,5.4469315873903561,1,bohr,hartree_per_elementary_charge
0,0.13,-0.375,,9.7849524283793183,1,bohr,hartree_per_elementary_charge
0,0.13,-0.28125,,14.122973269368327,1,bohr,hartree_per_elementary_charge
0,0.13,-0.1875,,18.533131952644094,1,bohr,hartree_per_elementary_charge
0,0.13,-0.09375,,25.57616322790189,1,bohr,hartree_per_elementary_charge
0,0.13,0,,32.61919450315969,1,bohr,hartree_per_elementary_charge
0,0.13,0.09375,,38.962753359913634,1,bohr,hartree_per_elementary_charge
0,0.13,0.18749999999999911,,28.519652332969859,1,bohr,hartree_per_elementary_charge
0,0.13,0.28125,,18.076551306025863,1,bohr,hartree_per_elementary_charge
0,0.13,0.375,,8.0999340537656774,1,bohr,hartree_per_elementary_charge
0,0.13,0.46874999999999911,,6.4031514826764182,1,bohr,hartree_per_elementary_charge
0,0.13,0.5625,,4.7063689115871377,1,bohr,hartree_per_elementary_charge
0,0.13,0.65625,,3.0851162312078033,1,bohr,hartree_per_elementary_charge
0,0.13,0.74999999999999911,,2.5212560902311383,1,bohr,hartree_per_elementary_charge
0,0.13,0.84375,,1.9573959492544684,1,bohr,hartree_per_elementary_charge
0,0.13,0.9375,,1.4293383843726564,1,bohr,hartree_per_elementary_charge
0,0.13,1.0312499999999991,,1.3130019798758206,1,bohr,hartree_per_elementary_charge
0,0.13,1.125,,1.1966655753789839,1,bohr,hartree_per_elementary_charge
0,0.13,1.21875,,1.1170504314120993,1,bohr,hartree_per_elementary_charge
0,0.13,1.3124999999999991,,1.3941497790605193,1,bohr,hartree_per_elementary_charge
0,0.13,1.40625,,1.671249126708948,1,bohr,hartree_per_elementary_charge
0,0.13,1.5,,2.3236301792074312,1,bohr,hartree_per_elementary_charge
0,0.13,1.5937499999999991,,6.1189464395406912,1,bohr,hartree_per_elementary_charge
0,0.13,1.6875,,9.9142626998740724,1,bohr,hartree_per_elementary_charge
0,0.13,1.78125,,12.811923883248813,1,bohr,hartree_per_elementary_charge
0,0.13,1.8749999999999991,,9.1268731161198815,1,bohr,hartree_per_elementary_charge
0,0.13,1.96875,,5.441822348990871,1,bohr,hartree_per_elementary_charge
0,0.13,2.0625,,2.1861259700404463,1,bohr,hartree_per_elementary_charge
0,0.13,2.1562499999999991,,1.7211977983458742,1,bohr,hartree_per_elementary_charge
0,0.13,2.25,,1.2562696266513067,1,bohr,hartree_per_elementary_charge
0,0.13,2.34375,,0.83768767707366243,1,bohr,hartree_per_elementary_charge
0,0.13,2.4374999999999991,,0.68875335122228221,1,bohr,hartree_per_elementary_charge
0,0.13,2.53125,,0.53981902537090354,1,bohr,hartree_per_elementary_charge
0,0.13,2.625,,0.4047377949360359,1,bohr,hartree_per_elementary_charge
0,0.13,2.7187499999999991,,0.34238453790235929,1,bohr,hartree_per_elementary_charge
0,0.13,2.8125,,0.28003128086868334,1,bohr,hartree_per_elementary_charge
0,0.13,2.90625,,0.22334300492361883,1,bohr,hartree_per_elementary_charge
0,0.13,2.9999999999999991,,0.1936720625667156,1,bohr,hartree_per_elementary_charge
0,0.13,3.09375,,0.16400112020981303,1,bohr,hartree_per_elementary_charge
0,0.13,3.1875,,0.13698677428265305,1,bohr,hartree_per_elementary_charge
0,0.13,3.2812499999999991,,0.12154749090417113,1,bohr,hartree_per_elementary_charge
0,0.13,3.375,,0.10610820752568952,1,bohr,hartree_per_elementary_charge
0,0.13,3.46875,,0.092009725038398174,1,bohr,hartree_per_elementary_charge
0,0.13,3.5625,,0.083274399230991947,1,bohr,hartree_per_elementary_charge
0,0.13,3.65625,,0.074539073423585914,1,bohr,hartree_per_elementary_charge
0,0.13,3.75,,0.066523283326510294,1,bohr,hartree_per_elementary_charge
0,0.13,3.84375,,0.061160759248501409,1,bohr,hartree_per_elementary_charge
0,0.13,3.9375,,0.055798235170492427,1,bohr,hartree_per_elementary_charge
0,0.13,4.03125,,0.050849255057210302,1,bohr,hartree_per_elementary_charge
0,0.13,4.125,,0.047311178593448008,1,bohr,hartree_per_elementary_charge
0,0.13,4.21875,,0.043773102129685638,1,bohr,hartree_per_elementary_charge
0,0.13,4.3125,,0.040490143979434769,1,bohr,hartree_per_elementary_charge
0,0.13,4.40625,,0.038015054462495673,1,bohr,hartree_per_elementary_charge
0,0.13,4.5,,0.035539964945556522,1,bohr,hartree_per_elementary_charge
0.09375,0.13,-4.5,,-0.014066289171775574,1,bohr,hartree_per_elementary_charge
0.09375,0.13,-4.40625,,-0.014576460503733428,1,bohr,hartree_per_elementary_charge
0.09375,0.13,-4.3125,,-0.015162628301519416,1,bohr,hartree_per_elementary_charge
0.09375,0.13,-4.21875,,-0.015764730646998879,1,bohr,hartree_per_elementary_charge
0.09375,0.13,-4.125,,-0.016366832992478347,1,bohr,hartree_per_elementary_charge
0.09375,0.13,-4.03125,,-0.017062802864015472,1,bohr,hartree_per_elementary_charge
0.09375,0.13,-3.9375,,-0.017776652032577861,1,bohr,hartree_per_elementary_charge
0.09375,0.13,-3.84375,,-0.018490501201140246,1,bohr,hartree_per_elementary_charge
0.09375,0.13,-3.75,,-0.019317921714722602,1,bohr,hartree_per_elementary_charge
0.09375,0.13,-3.65625,,-0.020164862033513333,1,bohr,hartree_per_elementary_charge
0.09375,0.13,-3.5625,,-0.021011802352304067,1,bohr,hartree_per_elementary_charge
0.09375,0.13,-3.46875,,-0.021987636756048413,1,bohr,hartree_per_elementary_charge
0.09375,0.13,-3.375,,-0.022983300724438244,1,bohr,hartree_per_elementary_charge
0.09375,0.13,-3.28125,,-0.023978964692828071,1,bohr,hartree_per_elementary_charge
0.09375,0.13,-3.1875,,-0.025092801793318666,1,bohr,hartree_per_elementary_charge
0.09375,0.13,-3.09375,,-0.026222753151809313,1,bohr,hartree_per_elementary_charge
0.09375,0.13,-3,,-0.027352704510299961,1,bohr,hartree_per_elementary_charge
0.09375,0.13,-2.90625,,-0.028499601864364784,1,bohr,hartree_per_elementary_charge
0.09375,0.13,-2.8125,,-0.02964852258497503,1,bohr,hartree_per_elementary_charge
0.09375,0.13,-2.71875,,-0.030797443305585287,1,bohr,hartree_per_elementary_charge
0.09375,0.13,-2.625,,-0.031598584279586873,1,bohr,hartree_per_elementary_charge
0.09375,0.13,-2.53125,,-0.032363925107422267,1,bohr,hartree_per_elementary_charge
0.09375,0.13,-2.4375,,-0.033129265935257654,1,bohr,hartree_per_elementary_charge
0.09375,0.13,-2.34375,,-0.032475151056187035,1,bohr,hartree_per_elementary_charge
0.09375,0.13,-2.25,,-0.031697608039625166,1,bohr,hartree_per_elementary_charge
0.09375,0.13,-2.1562500000000004,,-0.030920065023063298,1,bohr,hartree_per_elementary_charge
0.09375,0.13,-2.0625,,-0.025776305295034267,1,bohr,hartree_per_elementary_charge
0.09375,0.13,-1.96875,,-0.020320681230151075,1,bohr,hartree_per_elementary_charge
0.09375,0.13,-1.8750000000000004,,-0.01486505716526792,1,bohr,hartree_per_elementary_charge
0.09375,0.13,-1.78125,,0.0030471436225894969,1,bohr,hartree_per_elementary_charge
0.09375,0.13,-1.6875,,0.021661100580888097,1,bohr,hartree_per_elementary_charge
0.09375,0.13,-1.5937500000000004,,0.040275057539186788,1,bohr,hartree_per_elementary_charge
0.09375,0.13,-1.5,,0.093785433877547383,1,bohr,hartree_per_elementary_charge
0.09375,0.13,-1.40625,,0.14874976606088705,1,bohr,hartree_per_elementary_charge
0.09375,0.13,-1.3125000000000004,,0.20371409824422732,1,bohr,hartree_per_elementary_charge
0.09375,0.13,-1.21875,,0.35433072218859607,1,bohr,hartree_per_elementary_charge
0.09375,0.13,-1.125,,0.50756779381869244,1,bohr,hartree_per_elementary_charge
0.09375,0.13,-1.0312500000000004,,0.66080486544879058,1,bohr,hartree_per_elementary_charge
0.09375,0.13,-0.9375,,1.0682417931914525,1,bohr,hartree_per_elementary_charge
0.09375,0.13,-0.84375,,1.4791134357716629,1,bohr,hartree_per_elementary_charge
0.09375,0.13,-0.75000000000000044,,1.8899861881003321,1,bohr,hartree_per_elementary_charge
0.09375,0.13,-0.65625,,2.999051186905874,1,bohr,hartree_per_elementary_charge
0.09375,0.13,-0.5625,,4.1081161857114266,1,bohr,hartree_per_elementary_charge
0.09375,0.13,-0.46875,,5.2545502734343366,1,bohr,hartree_per_elementary_charge
0.09375,0.13,-0.375,,9.1659655473849728,1,bohr,hartree_per_elementary_charge
0.09375,0.13,-0.28125,,13.077380821335652,1,bohr,hartree_per_elementary_charge
0.09375,0.13,-0.1875,,17.047976861360887,1,bohr,hartree_per_elementary_charge
0.09375,0.13,-0.09375,,23.178540707892189,1,bohr,hartree_per_elementary_charge
0.09375,0.13,0,,29.309104554423485,1,bohr,hartree_per_elementary_charge
0.09375,0.13,0.09375,,34.827245379682267,1,bohr,hartree_per_elementary_charge
0.09375,0.13,0.18749999999999911,,25.647827457681377,1,bohr,hartree_per_elementary_charge
0.09375,0.13,0.28125,,16.46840953568028,1,bohr,hartree_per_elementary_charge
0.09375,0.13,0.375,,7.6938499370569833,1,bohr,hartree_per_elementary_charge
0.09375,0.13,0.46874999999999911,,6.1053065919172163,1,bohr,hartree_per_elementary_charge
0.09375,0.13,0.5625,,4.5167632467774332,1,bohr,hartree_per_elementary_charge
0.09375,0.13,0.65625,,2.997920932013352,1,bohr,hartree_per_elementary_charge
0.09375,0.13,0.74999999999999911,,2.4548691131071245,1,bohr,hartree_per_elementary_charge
0.09375,0.13,0.84375,,1.9118172942008911,1,bohr,hartree_per_elementary_charge
0.09375,0.13,0.9375,,1.4029497285456021,1,bohr,hartree_per_elementary_charge
0.09375,0.13,1.0312499999999991,,1.2871929931859618,1,bohr,hartree_per_elementary_charge
0.09375,0.13,1.125,,1.1714362578263204,1,bohr,hartree_per_elementary_charge
0.09375,0.13,1.21875,,1.0899495685149798,1,bohr,hartree_per_elementary_charge
0.09375,0.13,1.3124999999999991,,1.3413659952004793,1,bohr,hartree_per_elementary_charge
0.09375,0.13,1.40625,,1.592782421885987,1,bohr,hartree_per_elementary_charge
0.09375,0.13,1.5,,2.169265959514949,1,bohr,hartree_per_elementary_charge
0.09375,0.13,1.5937499999999991,,5.4681440468636335,1,bohr,hartree_per_elementary_charge
0.09375,0.13,1.6875,,8.767022134212425,1,bohr,hartree_per_elementary_charge
0.09375,0.13,1.78125,,11.285728425426949,1,bohr,hartree_per_elementary_charge
0.09375,0.13,1.8749999999999991,,8.0832547916539212,1,bohr,hartree_per_elementary_charge
0.09375,0.13,1.96875,,4.8807811578808211,1,bohr,hartree_per_elementary_charge
0.09375,0.13,2.0625,,2.0484865604733731,1,bohr,hartree_per_elementary_charge
0.09375,0.13,2.1562499999999991,,1.6223252509180186,1,bohr,hartree_per_elementary_charge
0.09375,0.13,2.25,,1.1961639413626679,1,bohr,hartree_per_elementary_charge
0.09375,0.13,2.34375,,0.81164143322644722,1,bohr,hartree_per_elementary_charge
0.09375,0.13,2.4374999999999991,,0.66937823652131589,1,bohr,hartree_per_elementary_charge
0.09375,0.13,2.53125,,0.52711503981618624,1,bohr,hartree_per_elementary_charge
0.09375,0.13,2.625,,0.39790843208330012,1,bohr,hartree_per_elementary_charge
0.09375,0.13,2.7187499999999991,,0.33724818362488129,1,bohr,hartree_per_elementary_charge
0.09375,0.13,2.8125,,0.27658793516646307,1,bohr,hartree_per_elementary_charge
0.09375,0.13,2.90625,,0.22139053124534186,1,bohr,hartree_per_elementary_charge
0.09375,0.13,2.9999999999999991,,0.19224643463377739,1,bohr,hartree_per_elementary_charge
0.09375,0.13,3.09375,,0.16310233802221355,1,bohr,hartree_per_elementary_charge
0.09375,0.13,3.1875,,0.13654974175071002,1,bohr,hartree_per_elementary_charge
0.09375,0.13,3.2812499999999991,,0.12128857770251346,1,bohr,hartree_per_elementary_charge
0.09375,0.13,3.375,,0.10602741365431724,1,bohr,hartree_per_elementary_charge
0.09375,0.13,3.46875,,0.092083218669180206,1,bohr,hartree_per_elementary_charge
0.09375,0.13,3.5625,,0.083406853884750984,1,bohr,hartree_per_elementary_charge
0.09375,0.13,3.65625,,0.074730489100321928,1,bohr,hartree_per_elementary_charge
0.09375,0.13,3.75,,0.066764413406434353,1,bohr,hartree_per_elementary_charge
0.09375,0.13,3.84375,,0.061417507102738661,1,bohr,hartree_per_elementary_charge
0.09375,0.13,3.9375,,0.056070600799042851,1,bohr,hartree_per_elementary_charge
0.09375,0.13,4.03125,,0.051133589400265418,1,bohr,hartree_per_elementary_charge
0.09375,0.13,4.125,,0.047595032015079697,1,bohr,hartree_per_elementary_charge
0.09375,0.13,4.21875,,0.044056474629893906,1,bohr,hartree_per_elementary_charge
0.09375,0.13,4.3125,,0.040771645821443721,1,bohr,hartree_per_elementary_charge
0.09375,0.13,4.40625,,0.038290284846008618,1,bohr,hartree_per_elementary_charge
0.09375,0.13,4.5,,0.035808923870573467,1,bohr,hartree_per_elementary_charge
0.18749999999999911,0.13,-4.5,,-0.01334675033326785,1,bohr,hartree_per_elementary_charge
0.18749999999999911,0.13,-4.40625,,-0.013812495791682564,1,bohr,hartree_per_elementary_charge
0.18749999999999911,0.13,-4.3125,,-0.014343529497379322,1,bohr,hartree_per_elementary_charge
0.18749999999999911,0.13,-4.21875,,-0.014888252506635167,1,bohr,hartree_per_elementary_charge
0.18749999999999911,0.13,-4.125,,-0.015432975515891015,1,bohr,hartree_per_elementary_charge
0.18749999999999911,0.13,-4.03125,,-0.016056398856042292,1,bohr,hartree_per_elementary_charge
0.18749999999999911,0.13,-3.9375,,-0.016694812541110108,1,bohr,hartree_per_elementary_charge
0.18749999999999911,0.13,-3.84375,,-0.01733322622617792,1,bohr,hartree_per_elementary_charge
0.18749999999999911,0.13,-3.75,,-0.018063223387887732,1,bohr,hartree_per_elementary_charge
0.18749999999999911,0.13,-3.65625,,-0.018808961242146753,1,bohr,hartree_per_elementary_charge
0.18749999999999911,0.13,-3.5625,,-0.01955469909640576,1,bohr,hartree_per_elementary_charge
0.18749999999999911,0.13,-3.46875,,-0.020396693173405225,1,bohr,hartree_per_elementary_charge
0.18749999999999911,0.13,-3.375,,-0.021253495680070393,1,bohr,hartree_per_elementary_charge
0.18749999999999911,0.13,-3.28125,,-0.022110298186735565,1,bohr,hartree_per_elementary_charge
0.18749999999999911,0.13,-3.1875,,-0.023035802415001999,1,bohr,hartree_per_elementary_charge
0.18749999999999911,0.13,-3.09375,,-0.023970674908687577,1,bohr,hartree_per_elementary_charge
0.18749999999999911,0.13,-3,,-0.024905547402373149,1,bohr,hartree_per_elementary_charge
0.18749999999999911,0.13,-2.90625,,-0.025781402925845867,1,bohr,hartree_per_elementary_charge
0.18749999999999911,0.13,-2.8125,,-0.026650211771971175,1,bohr,hartree_per_elementary_charge
0.18749999999999911,0.13,-2.71875,,-0.027519020618096475,1,bohr,hartree_per_elementary_charge
0.18749999999999911,0.13,-2.625,,-0.027923918099526646,1,bohr,hartree_per_elementary_charge
0.18749999999999911,0.13,-2.53125,,-0.02828106094651878,1,bohr,hartree_per_elementary_charge
0.18749999999999911,0.13,-2.4375,,-0.028638203793510904,1,bohr,hartree_per_elementary_charge
0.18749999999999911,0.13,-2.34375,,-0.027406061272876772,1,bohr,hartree_per_elementary_charge
0.18749999999999911,0.13,-2.25,,-0.026035723152398386,1,bohr,hartree_per_elementary_charge
0.18749999999999911,0.13,-2.1562500000000004,,-0.024665385031920006,1,bohr,hartree_per_elementary_charge
0.18749999999999911,0.13,-2.0625,,-0.018719274806566679,1,bohr,hartree_per_elementary_charge
0.18749999999999911,0.13,-1.96875,,-0.012446332399628154,1,bohr,hartree_per_elementary_charge
0.18749999999999911,0.13,-1.8750000000000004,,-0.0061733899926896653,1,bohr,hartree_per_elementary_charge
0.18749999999999911,0.13,-1.78125,,0.012639105940566983,1,bohr,hartree_per_elementary_charge
0.18749999999999911,0.13,-1.6875,,0.032158032641872572,1,bohr,hartree_per_elementary_charge
0.18749999999999911,0.13,-1.5937500000000004,,0.051676959343178265,1,bohr,hartree_per_elementary_charge
0.18749999999999911,0.13,-1.5,,0.10524243849570108,1,bohr,hartree_per_elementary_charge
0.18749999999999911,0.13,-1.40625,,0.16022646387208425,1,bohr,hartree_per_elementary_charge
0.18749999999999911,0.13,-1.3125000000000004,,0.21521048924846803,1,bohr,hartree_per_elementary_charge
0.18749999999999911,0.13,-1.21875,,0.36087378237794987,1,bohr,hartree_per_elementary_charge
0.18749999999999911,0.13,-1.125,,0.509021284437007,1,bohr,hartree_per_elementary_charge
0.18749999999999911,0.13,-1.0312500000000004,,0.65716878649606558,1,bohr,hartree_per_elementary_charge
0.18749999999999911,0.13,-0.9375,,1.0377012694658228,1,bohr,hartree_per_elementary_charge
0.18749999999999911,0.13,-0.84375,,1.4213737075644453,1,bohr,hartree_per_elementary_charge
0.18749999999999911,0.13,-0.75000000000000044,,1.8050470873464413,1,bohr,hartree_per_elementary_charge
0.18749999999999911,0.13,-0.65625,,2.7811754731422682,1,bohr,hartree_per_elementary_charge
0.18749999999999911,0.13,-0.5625,,3.7573038589381067,1,bohr,hartree_per_elementary_charge
0.18749999999999911,0.13,-0.46875,,4.7587940924487366,1,bohr,hartree_per_elementary_charge
0.18749999999999911,0.13,-0.375,,7.636836144882599,1,bohr,hartree_per_elementary_charge
0.18749999999999911,0.13,-0.28125,,10.514878197316492,1,bohr,hartree_per_elementary_charge
0.18749999999999911,0.13,-0.1875,,13.415012682588634,1,bohr,hartree_per_elementary_charge
0.18749999999999911,0.13,-0.09375,,17.12147237895946,1,bohr,hartree_per_elementary_charge
0.18749999999999911,0.13,0,,20.827932075330281,1,bohr,hartree_per_elementary_charge
0.18749999999999911,0.13,0.09375,,24.150975702112181,1,bohr,hartree_per_elementary_charge
0.18749999999999911,0.13,0.18749999999999911,,18.272405392635562,1,bohr,hartree_per_elementary_charge
0.18749999999999911,0.13,0.28125,,12.39383508315882,1,bohr,hartree_per_elementary_charge
0.18749999999999911,0.13,0.375,,6.7573086803629909,1,bohr,hartree_per_elementary_charge
0.18749999999999911,0.13,0.46874999999999911,,5.4169307004379483,1,bohr,hartree_per_elementary_charge
0.18749999999999911,0.13,0.5625,,4.0765527205128915,1,bohr,hartree_per_elementary_charge
0.18749999999999911,0.13,0.65625,,2.7925080227987382,1,bohr,hartree_per_elementary_charge
0.18749999999999911,0.13,0.74999999999999911,,2.2971099359823026,1,bohr,hartree_per_elementary_charge
0.18749999999999911,0.13,0.84375,,1.8017118491658619,1,bohr,hartree_per_elementary_charge
0.18749999999999911,0.13,0.9375,,1.3368723616343439,1,bohr,hartree_per_elementary_charge
0.18749999999999911,0.13,1.0312499999999991,,1.2234495409927451,1,bohr,hartree_per_elementary_charge
0.18749999999999911,0.13,1.125,,1.1100267203511449,1,bohr,hartree_per_elementary_charge
0.18749999999999911,0.13,1.21875,,1.0251881578782014,1,bohr,hartree_per_elementary_charge
0.18749999999999911,0.13,1.3124999999999991,,1.2180203227626742,1,bohr,hartree_per_elementary_charge
0.18749999999999911,0.13,1.40625,,1.4108524876471531,1,bohr,hartree_per_elementary_charge
0.18749999999999911,0.13,1.5,,1.7916785587220085,1,bohr,hartree_per_elementary_charge
0.18749999999999911,0.13,1.5937499999999991,,3.746929012835206,1,bohr,hartree_per_elementary_charge
0.18749999999999911,0.13,1.6875,,5.7021794669484676,1,bohr,hartree_per_elementary_charge
0.18749999999999911,0.13,1.78125,,7.195799014576961,1,bohr,hartree_per_elementary_charge
0.18749999999999911,0.13,1.8749999999999991,,5.3041725330348184,1,bohr,hartree_per_elementary_charge
0.18749999999999911,0.13,1.96875,,3.4125460514926345,1,bohr,hartree_per_elementary_charge
0.18749999999999911,0.13,2.0625,,1.7284320025812467,1,bohr,hartree_per_elementary_charge
0.18749999999999911,0.13,2.1562499999999991,,1.3931316971443155,1,bohr,hartree_per_elementary_charge
0.18749999999999911,0.13,2.25,,1.0578313917073878,1,bohr,hartree_per_elementary_charge
0.18749999999999911,0.13,2.34375,,0.75301310322344028,1,bohr,hartree_per_elementary_charge
0.18749999999999911,0.13,2.4374999999999991,,0.62554267746321013,1,bohr,hartree_per_elementary_charge
0.18749999999999911,0.13,2.53125,,0.49807225170298136,1,bohr,hartree_per_elementary_charge
0.18749999999999911,0.13,2.625,,0.38188969807642359,1,bohr,hartree_per_elementary_charge
0.18749999999999911,0.13,2.7187499999999991,,0.32496783959495351,1,bohr,hartree_per_elementary_charge
0.18749999999999911,0.13,2.8125,,0.26804598111348404,1,bohr,hartree_per_elementary_charge
0.18749999999999911,0.13,2.90625,,0.21614562387426514,1,bohr,hartree_per_elementary_charge
0.18749999999999911,0.13,2.9999999999999991,,0.1881937268422639,1,bohr,hartree_per_elementary_charge
0.18749999999999911,0.13,3.09375,,0.16024182981026322,1,bohr,hartree_per_elementary_charge
0.18749999999999911,0.13,3.1875,,0.13473919908273174,1,bohr,hartree_per_elementary_charge
0.18749999999999911,0.13,3.2812499999999991,,0.1199082723276953,1,bohr,hartree_per_elementary_charge
0.18749999999999911,0.13,3.375,,0.10507734557265919,1,bohr,hartree_per_elementary_charge
0.18749999999999911,0.13,3.46875,,0.091510462411473897,1,bohr,hartree_per_elementary_charge
0.18749999999999911,0.13,3.5625,,0.08299970942485109,1,bohr,hartree_per_elementary_charge
0.18749999999999911,0.13,3.65625,,0.074488956438228421,1,bohr,hartree_per_elementary_charge
0.18749999999999911,0.13,3.75,,0.066667126348158592,1,bohr,hartree_per_elementary_charge
0.18749999999999911,0.13,3.84375,,0.061385678458634657,1,bohr,hartree_per_elementary_charge
0.18749999999999911,0.13,3.9375,,0.056104230569110632,1,bohr,hartree_per_elementary_charge
0.18749999999999911,0.13,4.03125,,0.051223527669260124,1,bohr,hartree_per_elementary_charge
0.18749999999999911,0.13,4.125,,0.047710061669676396,1,bohr,hartree_per_elementary_charge
0.18749999999999911,0.13,4.21875,,0.044196595670092577,1,bohr,hartree_per_elementary_charge
0.18749999999999911,0.13,4.3125,,0.040932748079969897,1,bohr,hartree_per_elementary_charge
0.18749999999999911,0.13,4.40625,,0.038459352890245942,1,bohr,hartree_per_elementary_charge
0.18749999999999911,0.13,4.5,,0.035985957700521931,1,bohr,hartree_per_elementary_charge
0.28125,0.13,-4.5,,-0.012627211494760104,1,bohr,hartree_per_elementary_charge
0.28125,0.13,-4.40625,,-0.013048531079631677,1,bohr,hartree_per_elementary_charge
0.28125,0.13,-4.3125,,-0.013524430693239203,1,bohr,hartree_per_elementary_charge
0.28125,0.13,-4.21875,,-0.014011774366271428,1,bohr,hartree_per_elementary_charge
0.28125,0.13,-4.125,,-0.014499118039303652,1,bohr,hartree_per_elementary_charge
0.28125,0.13,-4.03125,,-0.015049994848069083,1,bohr,hartree_per_elementary_charge
0.28125,0.13,-3.9375,,-0.01561297304964232,1,bohr,hartree_per_elementary_charge
0.28125,0.13,-3.84375,,-0.016175951251215553,1,bohr,hartree_per_elementary_charge
0.28125,0.13,-3.75,,-0.016808525061052827,1,bohr,hartree_per_elementary_charge
0.28125,0.13,-3.65625,,-0.017453060450780121,1,bohr,hartree_per_elementary_charge
0.28125,0.13,-3.5625,,-0.018097595840507408,1,bohr,hartree_per_elementary_charge
0.28125,0.13,-3.46875,,-0.018805749590761978,1,bohr,hartree_per_elementary_charge
0.28125,0.13,-3.375,,-0.019523690635702487,1,bohr,hartree_per_elementary_charge
0.28125,0.13,-3.28125,,-0.020241631680642996,1,bohr,hartree_per_elementary_charge
0.28125,0.13,-3.1875,,-0.020978803036685274,1,bohr,hartree_per_elementary_charge
0.28125,0.13,-3.09375,,-0.021718596665565769,1,bohr,hartree_per_elementary_charge
0.28125,0.13,-3,,-0.022458390294446264,1,bohr,hartree_per_elementary_charge
0.28125,0.13,-2.90625,,-0.023063203987326874,1,bohr,hartree_per_elementary_charge
0.28125,0.13,-2.8125,,-0.023651900958967222,1,bohr,hartree_per_elementary_charge
0.28125,0.13,-2.71875,,-0.024240597930607566,1,bohr,hartree_per_elementary_charge
0.28125,0.13,-2.625,,-0.024249251919466294,1,bohr,hartree_per_elementary_charge
0.28125,0.13,-2.53125,,-0.024198196785615158,1,bohr,hartree_per_elementary_charge
0.28125,0.13,-2.4375,,-0.024147141651764015,1,bohr,hartree_per_elementary_charge
0.28125,0.13,-2.34375,,-0.022336971489566343,1,bohr,hartree_per_elementary_charge
0.28125,0.13,-2.25,,-0.020373838265171421,1,bohr,hartree_per_elementary_charge
0.28125,0.13,-2.1562500000000004,,-0.018410705040776514,1,bohr,hartree_per_elementary_charge
0.28125,0.13,-2.0625,,-0.011662244318098869,1,bohr,hartree_per_elementary_charge
0.28125,0.13,-1.96875,,-0.0045719835691049836,1,bohr,hartree_per_elementary_charge
0.28125,0.13,-1.8750000000000004,,0.002518277179888867,1,bohr,hartree_per_elementary_charge
0.28125,0.13,-1.78125,,0.022231068258544776,1,bohr,hartree_per_elementary_charge
0.28125,0.13,-1.6875,,0.042654964702857387,1,bohr,hartree_per_elementary_charge
0.28125,0.13,-1.5937500000000004,,0.063078861147170096,1,bohr,hartree_per_elementary_charge
0.28125,0.13,-1.5,,0.11669944311385516,1,bohr,hartree_per_elementary_charge
0.28125,0.13,-1.40625,,0.17170316168328184,1,bohr,hartree_per_elementary_charge
0.28125,0.13,-1.3125000000000004,,0.22670688025270913,1,bohr,hartree_per_elementary_charge
0.28125,0.13,-1.21875,,0.36741684256730389,1,bohr,hartree_per_elementary_charge
0.28125,0.13,-1.125,,0.51047477505532146,1,bohr,hartree_per_elementary_charge
0.28125,0.13,-1.0312500000000004,,0.65353270754334059,1,bohr,hartree_per_elementary_charge
0.28125,0.13,-0.9375,,1.0071607457401923,1,bohr,hartree_per_elementary_charge
0.28125,0.13,-0.84375,,1.3636339793572256,1,bohr,hartree_per_elementary_charge
0.28125,0.13,-0.75000000000000044,,1.7201079865925473,1,bohr,hartree_per_elementary_charge
0.28125,0.13,-0.65625,,2.5632997593786566,1,bohr,hartree_per_elementary_charge
0.28125,0.13,-0.5625,,3.4064915321647753,1,bohr,hartree_per_elementary_charge
0.28125,0.13,-0.46875,,4.2630379114631189,1,bohr,hartree_per_elementary_charge
0.28125,0.13,-0.375,,6.1077067423801745,1,bohr,hartree_per_elementary_charge
0.28125,0.13,-0.28125,,7.9523755732972514,1,bohr,hartree_per_elementary_charge
0.28125,0.13,-0.1875,,9.7820485038162666,1,bohr,hartree_per_elementary_charge
0.28125,0.13,-0.09375,,11.064404050026535,1,bohr,hartree_per_elementary_charge
0.28125,0.13,0,,12.346759596236806,1,bohr,hartree_per_elementary_charge
0.28125,0.13,0.09375,,13.474706024541742,1,bohr,hartree_per_elementary_charge
0.28125,0.13,0.18749999999999911,,10.896983327589512,1,bohr,hartree_per_elementary_charge
0.28125,0.13,0.28125,,8.3192606306372276,1,bohr,hartree_per_elementary_charge
0.28125,0.13,0.375,,5.8207674236689693,1,bohr,hartree_per_elementary_charge
0.28125,0.13,0.46874999999999911,,4.7285548089586582,1,bohr,hartree_per_elementary_charge
0.28125,0.13,0.5625,,3.6363421942483374,1,bohr,hartree_per_elementary_charge
0.28125,0.13,0.65625,,2.5870951135841174,1,bohr,hartree_per_elementary_charge
0.28125,0.13,0.74999999999999911,,2.1393507588574758,1,bohr,hartree_per_elementary_charge
0.28125,0.13,0.84375,,1.6916064041308294,1,bohr,hartree_per_elementary_charge
0.28125,0.13,0.9375,,1.2707949947230828,1,bohr,hartree_per_elementary_charge
0.28125,0.13,1.0312499999999991,,1.1597060887995259,1,bohr,hartree_per_elementary_charge
0.28125,0.13,1.125,,1.0486171828759674,1,bohr,hartree_per_elementary_charge
0.28125,0.13,1.21875,,0.9604267472414213,1,bohr,hartree_per_elementary_charge
0.28125,0.13,1.3124999999999991,,1.094674650324865,1,bohr,hartree_per_elementary_charge
0.28125,0.13,1.40625,,1.2289225534083128,1,bohr,hartree_per_elementary_charge
0.28125,0.13,1.5,,1.4140911579290563,1,bohr,hartree_per_elementary_charge
0.28125,0.13,1.5937499999999991,,2.0257139788067238,1,bohr,hartree_per_elementary_charge
0.28125,0.13,1.6875,,2.6373367996844106,1,bohr,hartree_per_elementary_charge
0.28125,0.13,1.78125,,3.105869603726843,1,bohr,hartree_per_elementary_charge
0.28125,0.13,1.8749999999999991,,2.5250902744156276,1,bohr,hartree_per_elementary_charge
0.28125,0.13,1.96875,,1.9443109451044003,1,bohr,hartree_per_elementary_charge
0.28125,0.13,2.0625,,1.4083774446891106,1,bohr,hartree_per_elementary_charge
0.28125,0.13,2.1562499999999991,,1.1639381433706055,1,bohr,hartree_per_elementary_charge
0.28125,0.13,2.25,,0.91949884205210286,1,bohr,hartree_per_elementary_charge
0.28125,0.13,2.34375,,0.69438477322043146,1,bohr,hartree_per_elementary_charge
0.28125,0.13,2.4374999999999991,,0.58170711840510303,1,bohr,hartree_per_elementary_charge
0.28125,0.13,2.53125,,0.46902946358977576,1,bohr,hartree_per_elementary_charge
0.28125,0.13,2.625,,0.3658709640695465,1,bohr,hartree_per_elementary_charge
0.28125,0.13,2.7187499999999991,,0.3126874955650254,1,bohr,hartree_per_elementary_charge
0.28125,0.13,2.8125,,0.25950402706050479,1,bohr,hartree_per_elementary_charge
0.28125,0.13,2.90625,,0.21090071650318834,1,bohr,hartree_per_elementary_charge
0.28125,0.13,2.9999999999999991,,0.18414101905075028,1,bohr,hartree_per_elementary_charge
0.28125,0.13,3.09375,,0.15738132159831281,1,bohr,hartree_per_elementary_charge
0.28125,0.13,3.1875,,0.13292865641475343,1,bohr,hartree_per_elementary_charge
0.28125,0.13,3.2812499999999991,,0.1185279669528771,1,bohr,hartree_per_elementary_charge
0.28125,0.13,3.375,,0.10412727749100106,1,bohr,hartree_per_elementary_charge
0.28125,0.13,3.46875,,0.090937706153767547,1,bohr,hartree_per_elementary_charge
0.28125,0.13,3.5625,,0.08259256496495114,1,bohr,hartree_per_elementary_charge
0.28125,0.13,3.65625,,0.074247423776134913,1,bohr,hartree_per_elementary_charge
0.28125,0.13,3.75,,0.066569839289882832,1,bohr,hartree_per_elementary_charge
0.28125,0.13,3.84375,,0.061353849814530667,1,bohr,hartree_per_elementary_charge
0.28125,0.13,3.9375,,0.056137860339178405,1,bohr,hartree_per_elementary_charge
0.28125,0.13,4.03125,,0.051313465938254851,1,bohr,hartree_per_elementary_charge
0.28125,0.13,4.125,,0.047825091324273095,1,bohr,hartree_per_elementary_charge
0.28125,0.13,4.21875,,0.044336716710291255,1,bohr,hartree_per_elementary_charge
0.28125,0.13,4.3125,,0.0410938503384961,1,bohr,hartree_per_elementary_charge
0.28125,0.13,4.40625,,0.038628420934483279,1,bohr,hartree_per_elementary_charge
0.28125,0.13,4.5,,0.036162991530470402,1,bohr,hartree_per_elementary_charge
0.375,0.13,-4.5,,-0.011874753680901263,1,bohr,hartree_per_elementary_charge
0.375,0.13,-4.40625,,-0.012249167237731114,1,bohr,hartree_per_elementary_charge
0.375,0.13,-4.3125,,-0.0126667467407324,1,bohr,hartree_per_elementary_charge
0.375,0.13,-4.21875,,-0.013093377057090691,1,bohr,hartree_per_elementary_charge
0.375,0.13,-4.125,,-0.013520007373448986,1,bohr,hartree_per_elementary_charge
0.375,0.13,-4.03125,,-0.013993990430880525,1,bohr,hartree_per_elementary_charge
0.375,0.13,-3.9375,,-0.014476992941132085,1,bohr,hartree_per_elementary_charge
0.375,0.13,-3.84375,,-0.014959995451383644,1,bohr,hartree_per_elementary_charge
0.375,0.13,-3.75,,-0.015489164195090851,1,bohr,hartree_per_elementary_charge
0.375,0.13,-3.65625,,-0.016026267650534554,1,bohr,hartree_per_elementary_charge
0.375,0.13,-3.5625,,-0.016563371105978261,1,bohr,hartree_per_elementary_charge
0.375,0.13,-3.46875,,-0.017129491298830148,1,bohr,hartree_per_elementary_charge
0.375,0.13,-3.375,,-0.017700075538813784,1,bohr,hartree_per_elementary_charge
0.375,0.13,-3.28125,,-0.018270659778797431,1,bohr,hartree_per_elementary_charge
0.375,0.13,-3.1875,,-0.018808656163829426,1,bohr,hartree_per_elementary_charge
0.375,0.13,-3.09375,,-0.019342208822161255,1,bohr,hartree_per_elementary_charge
0.375,0.13,-3,,-0.019875761480493078,1,bohr,hartree_per_elementary_charge
0.375,0.13,-2.90625,,-0.020196678799363904,1,bohr,hartree_per_elementary_charge
0.375,0.13,-2.8125,,-0.020492207274577814,1,bohr,hartree_per_elementary_charge
0.375,0.13,-2.71875,,-0.02078773574979172,1,bohr,hartree_per_elementary_charge
0.375,0.13,-2.625,,-0.020390102035573975,1,bohr,hartree_per_elementary_charge
0.375,0.13,-2.53125,,-0.019921114805401024,1,bohr,hartree_per_elementary_charge
0.375,0.13,-2.4375,,-0.01945212757522807,1,bohr,hartree_per_elementary_charge
0.375,0.13,-2.34375,,-0.017076378702707454,1,bohr,hartree_per_elementary_charge
0.375,0.13,-2.25,,-0.014534828222563778,1,bohr,hartree_per_elementary_charge
0.375,0.13,-2.1562500000000004,,-0.011993277742420119,1,bohr,hartree_per_elementary_charge
0.375,0.13,-2.0625,,-0.0045505071328662636,1,bohr,hartree_per_elementary_charge
0.375,0.13,-1.96875,,0.0032423413281649025,1,bohr,hartree_per_elementary_charge
0.375,0.13,-1.8750000000000004,,0.011035189789196027,1,bohr,hartree_per_elementary_charge
0.375,0.13,-1.78125,,0.031183226850676572,1,bohr,hartree_per_elementary_charge
0.375,0.13,-1.6875,,0.052027308261271013,1,bohr,hartree_per_elementary_charge
0.375,0.13,-1.5937500000000004,,0.072871389671865572,1,bohr,hartree_per_elementary_charge
0.375,0.13,-1.5,,0.12486380936743975,1,bohr,hartree_per_elementary_charge
0.375,0.13,-1.40625,,0.17815402148170278,1,bohr,hartree_per_elementary_charge
0.375,0.13,-1.3125000000000004,,0.23144423359596644,1,bohr,hartree_per_elementary_charge
0.375,0.13,-1.21875,,0.36188401651275065,1,bohr,hartree_per_elementary_charge
0.375,0.13,-1.125,,0.49443735479284412,1,bohr,hartree_per_elementary_charge
0.375,0.13,-1.0312500000000004,,0.62699069307293886,1,bohr,hartree_per_elementary_charge
0.375,0.13,-0.9375,,0.94015342880753971,1,bohr,hartree_per_elementary_charge
0.375,0.13,-0.84375,,1.2557565348347302,1,bohr,hartree_per_elementary_charge
0.375,0.13,-0.75000000000000044,,1.5713602515787102,1,bohr,hartree_per_elementary_charge
0.375,0.13,-0.65625,,2.2711931358558273,1,bohr,hartree_per_elementary_charge
0.375,0.13,-0.5625,,2.9710260201329519,1,bohr,hartree_per_elementary_charge
0.375,0.13,-0.46875,,3.6784789920107483,1,bohr,hartree_per_elementary_charge
0.375,0.13,-0.375,,4.9497508704682627,1,bohr,hartree_per_elementary_charge
0.375,0.13,-0.28125,,6.2210227489257903,1,bohr,hartree_per_elementary_charge
0.375,0.13,-0.1875,,7.470013368792368,1,bohr,hartree_per_elementary_charge
0.375,0.13,-0.09375,,7.9057870528695142,1,bohr,hartree_per_elementary_charge
0.375,0.13,0,,8.3415607369466578,1,bohr,hartree_per_elementary_charge
0.375,0.13,0.09375,,8.7085341557714475,1,bohr,hartree_per_elementary_charge
0.375,0.13,0.18749999999999911,,7.4243679125493518,1,bohr,hartree_per_elementary_charge
0.375,0.13,0.28125,,6.1402016693272303,1,bohr,hartree_per_elementary_charge
0.375,0.13,0.375,,4.8780629200964682,1,bohr,hartree_per_elementary_charge
0.375,0.13,0.46874999999999911,,4.0069002746163855,1,bohr,hartree_per_elementary_charge
0.375,0.13,0.5625,,3.1357376291362939,1,bohr,hartree_per_elementary_charge
0.375,0.13,0.65625,,2.2969298127161317,1,bohr,hartree_per_elementary_charge
0.375,0.13,0.74999999999999911,,1.911078495240214,1,bohr,hartree_per_elementary_charge
0.375,0.13,0.84375,,1.5252271777642925,1,bohr,hartree_per_elementary_charge
0.375,0.13,0.9375,,1.1619687565682908,1,bohr,hartree_per_elementary_charge
0.375,0.13,1.0312499999999991,,1.0585233010142214,1,bohr,hartree_per_elementary_charge
0.375,0.13,1.125,,0.95507784546015073,1,bohr,hartree_per_elementary_charge
0.375,0.13,1.21875,,0.86991981069977642,1,bohr,hartree_per_elementary_charge
0.375,0.13,1.3124999999999991,,0.96240785663583395,1,bohr,hartree_per_elementary_charge
0.375,0.13,1.40625,,1.054895902571894,1,bohr,hartree_per_elementary_charge
0.375,0.13,1.5,,1.1545364317501692,1,bohr,hartree_per_elementary_charge
0.375,0.13,1.5937499999999991,,1.3140780728528554,1,bohr,hartree_per_elementary_charge
0.375,0.13,1.6875,,1.4736197139555469,1,bohr,hartree_per_elementary_charge
0.375,0.13,1.78125,,1.5965073232196179,1,bohr,hartree_per_elementary_charge
0.375,0.13,1.8749999999999991,,1.4506024534886146,1,bohr,hartree_per_elementary_charge
0.375,0.13,1.96875,,1.304697583757608,1,bohr,hartree_per_elementary_charge
0.375,0.13,2.0625,,1.1539151309255913,1,bohr,hartree_per_elementary_charge
0.375,0.13,2.1562499999999991,,0.97142878913530162,1,bohr,hartree_per_elementary_charge
0.375,0.13,2.25,,0.78894244734501429,1,bohr,hartree_per_elementary_charge
0.375,0.13,2.34375,,0.61919941681749424,1,bohr,hartree_per_elementary_charge
0.375,0.13,2.4374999999999991,,0.52359842944811275,1,bohr,hartree_per_elementary_charge
0.375,0.13,2.53125,,0.42799744207873203,1,bohr,hartree_per_elementary_charge
0.375,0.13,2.625,,0.34006759289839755,1,bohr,hartree_per_elementary_charge
0.375,0.13,2.7187499999999991,,0.29241078865102937,1,bohr,hartree_per_elementary_charge
0.375,0.13,2.8125,,0.24475398440366178,1,bohr,hartree_per_elementary_charge
0.375,0.13,2.90625,,0.20106863979972825,1,bohr,hartree_per_elementary_charge
0.375,0.13,2.9999999999999991,,0.17632391447416892,1,bohr,hartree_per_elementary_charge
0.375,0.13,3.09375,,0.15157918914861016,1,bohr,hartree_per_elementary_charge
0.375,0.13,3.1875,,0.12891462009832658,1,bohr,hartree_per_elementary_charge
0.375,0.13,3.2812499999999991,,0.1153135048446997,1,bohr,hartree_per_elementary_charge
0.375,0.13,3.375,,0.10171238959107309,1,bohr,hartree_per_elementary_charge
0.375,0.13,3.46875,,0.089230290683504035,1,bohr,hartree_per_elementary_charge
0.375,0.13,3.5625,,0.081224218030609974,1,bohr,hartree_per_elementary_charge
0.375,0.13,3.65625,,0.073218145377716093,1,bohr,hartree_per_elementary_charge
0.375,0.13,3.75,,0.065839868568331683,1,bohr,hartree_per_elementary_charge
0.375,0.13,3.84375,,0.060776569812962158,1,bohr,hartree_per_elementary_charge
0.375,0.13,3.9375,,0.05571327105759253,1,bohr,hartree_per_elementary_charge
0.375,0.13,4.03125,,0.05102335025587576,1,bohr,hartree_per_elementary_charge
0.375,0.13,4.125,,0.047607297198322601,1,bohr,hartree_per_elementary_charge
0.375,0.13,4.21875,,0.044191244140769373,1,bohr,hartree_per_elementary_charge
0.375,0.13,4.3125,,0.041011821720190966,1,bohr,hartree_per_elementary_charge
0.375,0.13,4.40625,,0.038581724060588324,1,bohr,hartree_per_elementary_charge
0.375,0.13,4.5,,0.036151626400985626,1,bohr,hartree_per_elementary_charge
0.46874999999999911,0.13,-4.5,,-0.011107735614587517,1,bohr,hartree_per_elementary_charge
0.46874999999999911,0.13,-4.40625,,-0.011434146156751934,1,bohr,hartree_per_elementary_charge
0.46874999999999911,0.13,-4.3125,,-0.011791996354801196,1,bohr,hartree_per_elementary_charge
0.46874999999999911,0.13,-4.21875,,-0.012156438658031989,1,bohr,hartree_per_elementary_charge
0.46874999999999911,0.13,-4.125,,-0.012520880961262783,1,bohr,hartree_per_elementary_charge
0.46874999999999911,0.13,-4.03125,,-0.012916047466931637,1,bohr,hartree_per_elementary_charge
0.46874999999999911,0.13,-3.9375,,-0.013317066125781957,1,bohr,hartree_per_elementary_charge
0.46874999999999911,0.13,-3.84375,,-0.013718084784632276,1,bohr,hartree_per_elementary_charge
0.46874999999999911,0.13,-3.75,,-0.014141202715530682,1,bohr,hartree_per_elementary_charge
0.46874999999999911,0.13,-3.65625,,-0.014568118906329515,1,bohr,hartree_per_elementary_charge
0.46874999999999911,0.13,-3.5625,,-0.014995035097128337,1,bohr,hartree_per_elementary_charge
0.46874999999999911,0.13,-3.46875,,-0.015415497819453691,1,bohr,hartree_per_elementary_charge
0.46874999999999911,0.13,-3.375,,-0.015834967715224371,1,bohr,hartree_per_elementary_charge
0.46874999999999911,0.13,-3.28125,,-0.016254437610995053,1,bohr,hartree_per_elementary_charge
0.46874999999999911,0.13,-3.1875,,-0.01658846350225876,1,bohr,hartree_per_elementary_charge
0.46874999999999911,0.13,-3.09375,,-0.016910838126362935,1,bohr,hartree_per_elementary_charge
0.46874999999999911,0.13,-3,,-0.01723321275046711,1,bohr,hartree_per_elementary_charge
0.46874999999999911,0.13,-2.90625,,-0.017264548056715234,1,bohr,hartree_per_elementary_charge
0.46874999999999911,0.13,-2.8125,,-0.017261133016394467,1,bohr,hartree_per_elementary_charge
0.46874999999999911,0.13,-2.71875,,-0.0172577179760737,1,bohr,hartree_per_elementary_charge
0.46874999999999911,0.13,-2.625,,-0.016449353946605089,1,bohr,hartree_per_elementary_charge
0.46874999999999911,0.13,-2.53125,,-0.015558129164752705,1,bohr,hartree_per_elementary_charge
0.46874999999999911,0.13,-2.4375,,-0.014666904382900319,1,bohr,hartree_per_elementary_charge
0.46874999999999911,0.13,-2.34375,,-0.011731083034066905,1,bohr,hartree_per_elementary_charge
0.46874999999999911,0.13,-2.25,,-0.0086174747032546385,1,bohr,hartree_per_elementary_charge
0.46874999999999911,0.13,-2.1562500000000004,,-0.0055038663724423925,1,bohr,hartree_per_elementary_charge
0.46874999999999911,0.13,-2.0625,,0.0025854271395287093,1,bohr,hartree_per_elementary_charge
0.46874999999999911,0.13,-1.96875,,0.011030117293938962,1,bohr,hartree_per_elementary_charge
0.46874999999999911,0.13,-1.8750000000000004,,0.019474807448349171,1,bohr,hartree_per_elementary_charge
0.46874999999999911,0.13,-1.78125,,0.039852396568745257,1,bohr,hartree_per_elementary_charge
0.46874999999999911,0.13,-1.6875,,0.060902239845870232,1,bohr,hartree_per_elementary_charge
0.46874999999999911,0.13,-1.5937500000000004,,0.081952083122995317,1,bohr,hartree_per_elementary_charge
0.46874999999999911,0.13,-1.5,,0.13157182270239443,1,bohr,hartree_per_elementary_charge
0.46874999999999911,0.13,-1.40625,,0.18238192417155435,1,bohr,hartree_per_elementary_charge
0.46874999999999911,0.13,-1.3125000000000004,,0.23319202564071484,1,bohr,hartree_per_elementary_charge
0.46874999999999911,0.13,-1.21875,,0.35100995639933502,1,bohr,hartree_per_elementary_charge
0.46874999999999911,0.13,-1.125,,0.47066360387685902,1,bohr,hartree_per_elementary_charge
0.46874999999999911,0.13,-1.0312500000000004,,0.59031725135438418,1,bohr,hartree_per_elementary_charge
0.46874999999999911,0.13,-0.9375,,0.85701663914214232,1,bohr,hartree_per_elementary_charge
0.46874999999999911,0.13,-0.84375,,1.1257028895259917,1,bohr,hartree_per_elementary_charge
0.46874999999999911,0.13,-0.75000000000000044,,1.3943895900090153,1,bohr,hartree_per_elementary_charge
0.46874999999999911,0.13,-0.65625,,1.9462537532776312,1,bohr,hartree_per_elementary_charge
0.46874999999999911,0.13,-0.5625,,2.4981179165462533,1,bohr,hartree_per_elementary_charge
0.46874999999999911,0.13,-0.46875,,3.0546421097125394,1,bohr,hartree_per_elementary_charge
0.46874999999999911,0.13,-0.375,,3.9559671895902633,1,bohr,hartree_per_elementary_charge
0.46874999999999911,0.13,-0.28125,,4.8572922694679965,1,bohr,hartree_per_elementary_charge
0.46874999999999911,0.13,-0.1875,,5.7422327601284104,1,bohr,hartree_per_elementary_charge
0.46874999999999911,0.13,-0.09375,,6.0291717786956438,1,bohr,hartree_per_elementary_charge
0.46874999999999911,0.13,0,,6.3161107972628754,1,bohr,hartree_per_elementary_charge
0.46874999999999911,0.13,0.09375,,6.5564325978655154,1,bohr,hartree_per_elementary_charge
0.46874999999999911,0.13,0.18749999999999911,,5.67798636416929,1,bohr,hartree_per_elementary_charge
0.46874999999999911,0.13,0.28125,,4.7995401304730443,1,bohr,hartree_per_elementary_charge
0.46874999999999911,0.13,0.375,,3.9326323769211231,1,bohr,hartree_per_elementary_charge
0.46874999999999911,0.13,0.46874999999999911,,3.2705264048065357,1,bohr,hartree_per_elementary_charge
0.46874999999999911,0.13,0.5625,,2.6084204326919425,1,bohr,hartree_per_elementary_charge
0.46874999999999911,0.13,0.65625,,1.9692780407332537,1,bohr,hartree_per_elementary_charge
0.46874999999999911,0.13,0.74999999999999911,,1.6516178872180942,1,bohr,hartree_per_elementary_charge
0.46874999999999911,0.13,0.84375,,1.333957733702932,1,bohr,hartree_per_elementary_charge
0.46874999999999911,0.13,0.9375,,1.034234446372073,1,bohr,hartree_per_elementary_charge
0.46874999999999911,0.13,1.0312499999999991,,0.9407808793961201,1,bohr,hartree_per_elementary_charge
0.46874999999999911,0.13,1.125,,0.84732731242016568,1,bohr,hartree_per_elementary_charge
0.46874999999999911,0.13,1.21875,,0.76802547972190549,1,bohr,hartree_per_elementary_charge
0.46874999999999911,0.13,1.3124999999999991,,0.82619519961985366,1,bohr,hartree_per_elementary_charge
0.46874999999999911,0.13,1.40625,,0.88436491951780394,1,bohr,hartree_per_elementary_charge
0.46874999999999911,0.13,1.5,,0.94718823757844006,1,bohr,hartree_per_elementary_charge
0.46874999999999911,0.13,1.5937499999999991,,1.0489848317663155,1,bohr,hartree_per_elementary_charge
0.46874999999999911,0.13,1.6875,,1.1507814259541944,1,bohr,hartree_per_elementary_charge
0.46874999999999911,0.13,1.78125,,1.2285447519654753,1,bohr,hartree_per_elementary_charge
0.46874999999999911,0.13,1.8749999999999991,,1.1300665730862993,1,bohr,hartree_per_elementary_charge
0.46874999999999911,0.13,1.96875,,1.0315883942071211,1,bohr,hartree_per_elementary_charge
0.46874999999999911,0.13,2.0625,,0.92846464463881728,1,bohr,hartree_per_elementary_charge
0.46874999999999911,0.13,2.1562499999999991,,0.79514506770566806,1,bohr,hartree_per_elementary_charge
0.46874999999999911,0.13,2.25,,0.6618254907725204,1,bohr,hartree_per_elementary_charge
0.46874999999999911,0.13,2.34375,,0.5366907922473545,1,bohr,hartree_per_elementary_charge
0.46874999999999911,0.13,2.4374999999999991,,0.45917665290461612,1,bohr,hartree_per_elementary_charge
0.46874999999999911,0.13,2.53125,,0.38166251356187858,1,bohr,hartree_per_elementary_charge
0.46874999999999911,0.13,2.625,,0.3099364203369544,1,bohr,hartree_per_elementary_charge
0.46874999999999911,0.13,2.7187499999999991,,0.26859724436371413,1,bohr,hartree_per_elementary_charge
0.46874999999999911,0.13,2.8125,,0.22725806839047435,1,bohr,hartree_per_elementary_charge
0.46874999999999911,0.13,2.90625,,0.18920763167235263,1,bohr,hartree_per_elementary_charge
0.46874999999999911,0.13,2.9999999999999991,,0.16684179551161499,1,bohr,hartree_per_elementary_charge
0.46874999999999911,0.13,3.09375,,0.14447595935087781,1,bohr,hartree_per_elementary_charge
0.46874999999999911,0.13,3.1875,,0.12392596584613393,1,bohr,hartree_per_elementary_charge
0.46874999999999911,0.13,3.2812499999999991,,0.11128778464617282,1,bohr,hartree_per_elementary_charge
0.46874999999999911,0.13,3.375,,0.098649603446212014,1,bohr,hartree_per_elementary_charge
0.46874999999999911,0.13,3.46875,,0.087021008906378788,1,bohr,hartree_per_elementary_charge
0.46874999999999911,0.13,3.5625,,0.079430725704017532,1,bohr,hartree_per_elementary_charge
0.46874999999999911,0.13,3.65625,,0.071840442501656415,1,bohr,hartree_per_elementary_charge
0.46874999999999911,0.13,3.75,,0.064830058217413597,1,bohr,hartree_per_elementary_charge
0.46874999999999911,0.13,3.84375,,0.059958033533461061,1,bohr,hartree_per_elementary_charge
0.46874999999999911,0.13,3.9375,,0.055086008849508414,1,bohr,hartree_per_elementary_charge
0.46874999999999911,0.13,4.03125,,0.050565134521187279,1,bohr,hartree_per_elementary_charge
0.46874999999999911,0.13,4.125,,0.047242293196728,1,bohr,hartree_per_elementary_charge
0.46874999999999911,0.13,4.21875,,0.043919451872268658,1,bohr,hartree_per_elementary_charge
0.46874999999999911,0.13,4.3125,,0.040822254914305793,1,bohr,hartree_per_elementary_charge
0.46874999999999911,0.13,4.40625,,0.038439593120310263,1,bohr,hartree_per_elementary_charge
0.46874999999999911,0.13,4.5,,0.036056931326314691,1,bohr,hartree_per_elementary_charge
0.5625,0.13,-4.5,,-0.010340717548273749,1,bohr,hartree_per_elementary_charge
0.5625,0.13,-4.40625,,-0.010619125075772725,1,bohr,hartree_per_elementary_charge
0.5625,0.13,-4.3125,,-0.010917245968869966,1,bohr,hartree_per_elementary_charge
0.5625,0.13,-4.21875,,-0.011219500258973256,1,bohr,hartree_per_elementary_charge
0.5625,0.13,-4.125,,-0.011521754549076548,1,bohr,hartree_per_elementary_charge
0.5625,0.13,-4.03125,,-0.011838104502982718,1,bohr,hartree_per_elementary_charge
0.5625,0.13,-3.9375,,-0.012157139310431796,1,bohr,hartree_per_elementary_charge
0.5625,0.13,-3.84375,,-0.012476174117880868,1,bohr,hartree_per_elementary_charge
0.5625,0.13,-3.75,,-0.012793241235970473,1,bohr,hartree_per_elementary_charge
0.5625,0.13,-3.65625,,-0.01310997016212442,1,bohr,hartree_per_elementary_charge
0.5625,0.13,-3.5625,,-0.013426699088278368,1,bohr,hartree_per_elementary_charge
0.5625,0.13,-3.46875,,-0.013701504340077181,1,bohr,hartree_per_elementary_charge
0.5625,0.13,-3.375,,-0.013969859891634897,1,bohr,hartree_per_elementary_charge
0.5625,0.13,-3.28125,,-0.014238215443192611,1,bohr,hartree_per_elementary_charge
0.5625,0.13,-3.1875,,-0.014368270840688016,1,bohr,hartree_per_elementary_charge
0.5625,0.13,-3.09375,,-0.014479467430564535,1,bohr,hartree_per_elementary_charge
0.5625,0.13,-3,,-0.014590664020441051,1,bohr,hartree_per_elementary_charge
0.5625,0.13,-2.90625,,-0.014332417314066473,1,bohr,hartree_per_elementary_charge
0.5625,0.13,-2.8125,,-0.014030058758211018,1,bohr,hartree_per_elementary_charge
0.5625,0.13,-2.71875,,-0.013727700202355565,1,bohr,hartree_per_elementary_charge
0.5625,0.13,-2.625,,-0.012508605857636076,1,bohr,hartree_per_elementary_charge
0.5625,0.13,-2.53125,,-0.011195143524104244,1,bohr,hartree_per_elementary_charge
0.5625,0.13,-2.4375,,-0.0098816811905724118,1,bohr,hartree_per_elementary_charge
0.5625,0.13,-2.34375,,-0.0063857873654261862,1,bohr,hartree_per_elementary_charge
0.5625,0.13,-2.25,,-0.0027001211839453132,1,bohr,hartree_per_elementary_charge
0.5625,0.13,-2.1562500000000004,,0.00098554499753554059,1,bohr,hartree_per_elementary_charge
0.5625,0.13,-2.0625,,0.009721361411923906,1,bohr,hartree_per_elementary_charge
0.5625,0.13,-1.96875,,0.018817893259713267,1,bohr,hartree_per_elementary_charge
0.5625,0.13,-1.8750000000000004,,0.027914425107502579,1,bohr,hartree_per_elementary_charge
0.5625,0.13,-1.78125,,0.048521566286814199,1,bohr,hartree_per_elementary_charge
0.5625,0.13,-1.6875,,0.069777171430469728,1,bohr,hartree_per_elementary_charge
0.5625,0.13,-1.5937500000000004,,0.091032776574125354,1,bohr,hartree_per_elementary_charge
0.5625,0.13,-1.5,,0.13827983603734928,1,bohr,hartree_per_elementary_charge
0.5625,0.13,-1.40625,,0.18660982686140604,1,bohr,hartree_per_elementary_charge
0.5625,0.13,-1.3125000000000004,,0.23493981768546324,1,bohr,hartree_per_elementary_charge
0.5625,0.13,-1.21875,,0.34013589628591889,1,bohr,hartree_per_elementary_charge
0.5625,0.13,-1.125,,0.44688985296087291,1,bohr,hartree_per_elementary_charge
0.5625,0.13,-1.0312500000000004,,0.55364380963582827,1,bohr,hartree_per_elementary_charge
0.5625,0.13,-0.9375,,0.77387984947674227,1,bohr,hartree_per_elementary_charge
0.5625,0.13,-0.84375,,0.99564924421724899,1,bohr,hartree_per_elementary_charge
0.5625,0.13,-0.75000000000000044,,1.2174189284393149,1,bohr,hartree_per_elementary_charge
0.5625,0.13,-0.65625,,1.6213143706994242,1,bohr,hartree_per_elementary_charge
0.5625,0.13,-0.5625,,2.0252098129595382,1,bohr,hartree_per_elementary_charge
0.5625,0.13,-0.46875,,2.4308052274143104,1,bohr,hartree_per_elementary_charge
0.5625,0.13,-0.375,,2.9621835087122323,1,bohr,hartree_per_elementary_charge
0.5625,0.13,-0.28125,,3.4935617900101597,1,bohr,hartree_per_elementary_charge
0.5625,0.13,-0.1875,,4.0144521514643987,1,bohr,hartree_per_elementary_charge
0.5625,0.13,-0.09375,,4.1525565045217121,1,bohr,hartree_per_elementary_charge
0.5625,0.13,0,,4.2906608575790264,1,bohr,hartree_per_elementary_charge
0.5625,0.13,0.09375,,4.4043310399595157,1,bohr,hartree_per_elementary_charge
0.5625,0.13,0.18749999999999911,,3.9316048157891705,1,bohr,hartree_per_elementary_charge
0.5625,0.13,0.28125,,3.4588785916188161,1,bohr,hartree_per_elementary_charge
0.5625,0.13,0.375,,2.9872018337457482,1,bohr,hartree_per_elementary_charge
0.5625,0.13,0.46874999999999911,,2.5341525349966645,1,bohr,hartree_per_elementary_charge
0.5625,0.13,0.5625,,2.0811032362475754,1,bohr,hartree_per_elementary_charge
0.5625,0.13,0.65625,,1.6416262687503651,1,bohr,hartree_per_elementary_charge
0.5625,0.13,0.74999999999999911,,1.3921572791959662,1,bohr,hartree_per_elementary_charge
0.5625,0.13,0.84375,,1.1426882896415649,1,bohr,hartree_per_elementary_charge
0.5625,0.13,0.9375,,0.90650013617585101,1,bohr,hartree_per_elementary_charge
0.5625,0.13,1.0312499999999991,,0.82303845777801476,1,bohr,hartree_per_elementary_charge
0.5625,0.13,1.125,,0.73957677938017741,1,bohr,hartree_per_elementary_charge
0.5625,0.13,1.21875,,0.66613114874403112,1,bohr,hartree_per_elementary_charge
0.5625,0.13,1.3124999999999991,,0.68998254260386915,1,bohr,hartree_per_elementary_charge
0.5625,0.13,1.40625,,0.71383393646370807,1,bohr,hartree_per_elementary_charge
0.5625,0.13,1.5,,0.73984004340670417,1,bohr,hartree_per_elementary_charge
0.5625,0.13,1.5937499999999991,,0.78389159067976721,1,bohr,hartree_per_elementary_charge
0.5625,0.13,1.6875,,0.82794313795283148,1,bohr,hartree_per_elementary_charge
0.5625,0.13,1.78125,,0.86058218071132098,1,bohr,hartree_per_elementary_charge
0.5625,0.13,1.8749999999999991,,0.8095306926839736,1,bohr,hartree_per_elementary_charge
0.5625,0.13,1.96875,,0.75847920465662511,1,bohr,hartree_per_elementary_charge
0.5625,0.13,2.0625,,0.70301415835203651,1,bohr,hartree_per_elementary_charge
0.5625,0.13,2.1562499999999991,,0.61886134627602907,1,bohr,hartree_per_elementary_charge
0.5625,0.13,2.25,,0.5347085342000224,1,bohr,hartree_per_elementary_charge
0.5625,0.13,2.34375,,0.45418216767721187,1,bohr,hartree_per_elementary_charge
0.5625,0.13,2.4374999999999991,,0.39475487636111745,1,bohr,hartree_per_elementary_charge
0.5625,0.13,2.53125,,0.33532758504502358,1,bohr,hartree_per_elementary_charge
0.5625,0.13,2.625,,0.27980524777551025,1,bohr,hartree_per_elementary_charge
0.5625,0.13,2.7187499999999991,,0.2447837000763981,1,bohr,hartree_per_elementary_charge
0.5625,0.13,2.8125,,0.2097621523772864,1,bohr,hartree_per_elementary_charge
0.5625,0.13,2.90625,,0.1773466235449766,1,bohr,hartree_per_elementary_charge
0.5625,0.13,2.9999999999999991,,0.15735967654906069,1,bohr,hartree_per_elementary_charge
0.5625,0.13,3.09375,,0.1373727295531452,1,bohr,hartree_per_elementary_charge
0.5625,0.13,3.1875,,0.11893731159394108,1,bohr,hartree_per_elementary_charge
0.5625,0.13,3.2812499999999991,,0.10726206444764583,1,bohr,hartree_per_elementary_charge
0.5625,0.13,3.375,,0.095586817301350824,1,bohr,hartree_per_elementary_charge
0.5625,0.13,3.46875,,0.084811727129253445,1,bohr,hartree_per_elementary_charge
0.5625,0.13,3.5625,,0.077637233377424994,1,bohr,hartree_per_elementary_charge
0.5625,0.13,3.65625,,0.070462739625596696,1,bohr,hartree_per_elementary_charge
0.5625,0.13,3.75,,0.063820247866495469,1,bohr,hartree_per_elementary_charge
0.5625,0.13,3.84375,,0.059139497253959936,1,bohr,hartree_per_elementary_charge
0.5625,0.13,3.9375,,0.054458746641424284,1,bohr,hartree_per_elementary_charge
0.5625,0.13,4.03125,,0.050106918786498776,1,bohr,hartree_per_elementary_charge
0.5625,0.13,4.125,,0.046877289195133391,1,bohr,hartree_per_elementary_charge
0.5625,0.13,4.21875,,0.043647659603767937,1,bohr,hartree_per_elementary_charge
0.5625,0.13,4.3125,,0.040632688108420613,1,bohr,hartree_per_elementary_charge
0.5625,0.13,4.40625,,0.038297462180032202,1,bohr,hartree_per_elementary_charge
0.5625,0.13,4.5,,0.035962236251643742,1,bohr,hartree_per_elementary_charge
0.65625,0.13,-4.5,,-0.009558746258646774,1,bohr,hartree_per_elementary_charge
0.65625,0.13,-4.40625,,-0.0097883776099697596,1,bohr,hartree_per_elementary_charge
0.65625,0.13,-4.3125,,-0.01002587760378797,1,bohr,hartree_per_elementary_charge
0.65625,0.13,-4.21875,,-0.010265027454053537,1,bohr,hartree_per_elementary_charge
0.65625,0.13,-4.125,,-0.010504177304319106,1,bohr,hartree_per_elementary_charge
0.65625,0.13,-4.03125,,-0.010740661116993773,1,bohr,hartree_per_elementary_charge
0.65625,0.13,-3.9375,,-0.010976637119566583,1,bohr,hartree_per_elementary_charge
0.65625,0.13,-3.84375,,-0.011212613122139394,1,bohr,hartree_per_elementary_charge
0.65625,0.13,-3.75,,-0.011422419651712597,1,bohr,hartree_per_elementary_charge
0.65625,0.13,-3.65625,,-0.011627728365263025,1,bohr,hartree_per_elementary_charge
0.65625,0.13,-3.5625,,-0.011833037078813452,1,bohr,hartree_per_elementary_charge
0.65625,0.13,-3.46875,,-0.011960839021761987,1,bohr,hartree_per_elementary_charge
0.65625,0.13,-3.375,,-0.01207671702329253,1,bohr,hartree_per_elementary_charge
0.65625,0.13,-3.28125,,-0.012192595024823073,1,bohr,hartree_per_elementary_charge
0.65625,0.13,-3.1875,,-0.012117201970664239,1,bohr,hartree_per_elementary_charge
0.65625,0.13,-3.09375,,-0.012015726920669873,1,bohr,hartree_per_elementary_charge
0.65625,0.13,-3,,-0.011914251870675503,1,bohr,hartree_per_elementary_charge
0.65625,0.13,-2.90625,,-0.011364383206908885,1,bohr,hartree_per_elementary_charge
0.65625,0.13,-2.8125,,-0.010760975957384677,1,bohr,hartree_per_elementary_charge
0.65625,0.13,-2.71875,,-0.010157568707860472,1,bohr,hartree_per_elementary_charge
0.65625,0.13,-2.625,,-0.0085223205601245213,1,bohr,hartree_per_elementary_charge
0.65625,0.13,-2.53125,,-0.0067808556032256809,1,bohr,hartree_per_elementary_charge
0.65625,0.13,-2.4375,,-0.0050393906463268396,1,bohr,hartree_per_elementary_charge
0.65625,0.13,-2.34375,,-0.0009622270826060603,1,bohr,hartree_per_elementary_charge
0.65625,0.13,-2.25,,0.0033180361110491572,1,bohr,hartree_per_elementary_charge
0.65625,0.13,-2.1562500000000004,,0.0075982993047043531,1,bohr,hartree_per_elementary_charge
0.65625,0.13,-2.0625,,0.017062023581518936,1,bohr,hartree_per_elementary_charge
0.65625,0.13,-1.96875,,0.026895985242351414,1,bohr,hartree_per_elementary_charge
0.65625,0.13,-1.8750000000000004,,0.03672994690318384,1,bohr,hartree_per_elementary_charge
0.65625,0.13,-1.78125,,0.057849860594347567,1,bohr,hartree_per_elementary_charge
0.65625,0.13,-1.6875,,0.079605581911693299,1,bohr,hartree_per_elementary_charge
0.65625,0.13,-1.5937500000000004,,0.10136130322903918,1,bohr,hartree_per_elementary_charge
0.65625,0.13,-1.5,,0.14715488192412562,1,bohr,hartree_per_elementary_charge
0.65625,0.13,-1.40625,,0.19394999555763925,1,bohr,hartree_per_elementary_charge
0.65625,0.13,-1.3125000000000004,,0.24074510919115338,1,bohr,hartree_per_elementary_charge
0.65625,0.13,-1.21875,,0.33631568207881279,1,bohr,hartree_per_elementary_charge
0.65625,0.13,-1.125,,0.43322248577672939,1,bohr,hartree_per_elementary_charge
0.65625,0.13,-1.0312500000000004,,0.5301292894746471,1,bohr,hartree_per_elementary_charge
0.65625,0.13,-0.9375,,0.71534928960194377,1,bohr,hartree_per_elementary_charge
0.65625,0.13,-0.84375,,0.90176256595986448,1,bohr,hartree_per_elementary_charge
0.65625,0.13,-0.75000000000000044,,1.0881760363649859,1,bohr,hartree_per_elementary_charge
0.65625,0.13,-0.65625,,1.3966732540226037,1,bohr,hartree_per_elementary_charge
0.65625,0.13,-0.5625,,1.7051704716802243,1,bohr,hartree_per_elementary_charge
0.65625,0.13,-0.46875,,2.0142159297611935,1,bohr,hartree_per_elementary_charge
0.65625,0.13,-0.375,,2.3638263173067862,1,bohr,hartree_per_elementary_charge
0.65625,0.13,-0.28125,,2.713436704852382,1,bohr,hartree_per_elementary_charge
0.65625,0.13,-0.1875,,3.0556866159216418,1,bohr,hartree_per_elementary_charge
0.65625,0.13,-0.09375,,3.1292953233711196,1,bohr,hartree_per_elementary_charge
0.65625,0.13,0,,3.2029040308205992,1,bohr,hartree_per_elementary_charge
0.65625,0.13,0.09375,,3.2616969999368686,1,bohr,hartree_per_elementary_charge
0.65625,0.13,0.18749999999999911,,2.9649266133779713,1,bohr,hartree_per_elementary_charge
0.65625,0.13,0.28125,,2.6681562268190668,1,bohr,hartree_per_elementary_charge
0.65625,0.13,0.375,,2.3694359254884763,1,bohr,hartree_per_elementary_charge
0.65625,0.13,0.46874999999999911,,2.0361056916625011,1,bohr,hartree_per_elementary_charge
0.65625,0.13,0.5625,,1.7027754578365224,1,bohr,hartree_per_elementary_charge
0.65625,0.13,0.65625,,1.378363902797427,1,bohr,hartree_per_elementary_charge
0.65625,0.13,0.74999999999999911,,1.1788107888594137,1,bohr,hartree_per_elementary_charge
0.65625,0.13,0.84375,,0.97925767492139859,1,bohr,hartree_per_elementary_charge
0.65625,0.13,0.9375,,0.78986948364963927,1,bohr,hartree_per_elementary_charge
0.65625,0.13,1.0312499999999991,,0.71737549977474635,1,bohr,hartree_per_elementary_charge
0.65625,0.13,1.125,,0.64488151589985276,1,bohr,hartree_per_elementary_charge
0.65625,0.13,1.21875,,0.57995664583680795,1,bohr,hartree_per_elementary_charge
0.65625,0.13,1.3124999999999991,,0.5885590062229954,1,bohr,hartree_per_elementary_charge
0.65625,0.13,1.40625,,0.59716136660918329,1,bohr,hartree_per_elementary_charge
0.65625,0.13,1.5,,0.60707130513469909,1,bohr,hartree_per_elementary_charge
0.65625,0.13,1.5937499999999991,,0.62793203960357369,1,bohr,hartree_per_elementary_charge
0.65625,0.13,1.6875,,0.6487927740724494,1,bohr,hartree_per_elementary_charge
0.65625,0.13,1.78125,,0.66338519407831342,1,bohr,hartree_per_elementary_charge
0.65625,0.13,1.8749999999999991,,0.63201061675488857,1,bohr,hartree_per_elementary_charge
0.65625,0.13,1.96875,,0.60063603943146338,1,bohr,hartree_per_elementary_charge
0.65625,0.13,2.0625,,0.56557144911395096,1,bohr,hartree_per_elementary_charge
0.65625,0.13,2.1562499999999991,,0.50652207785138104,1,bohr,hartree_per_elementary_charge
0.65625,0.13,2.25,,0.44747270658881155,1,bohr,hartree_per_elementary_charge
0.65625,0.13,2.34375,,0.39017884715555795,1,bohr,hartree_per_elementary_charge
0.65625,0.13,2.4374999999999991,,0.34309875643044735,1,bohr,hartree_per_elementary_charge
0.65625,0.13,2.53125,,0.29601866570533725,1,bohr,hartree_per_elementary_charge
0.65625,0.13,2.625,,0.25172508879691802,1,bohr,hartree_per_elementary_charge
0.65625,0.13,2.7187499999999991,,0.22206055302690214,1,bohr,hartree_per_elementary_charge
0.65625,0.13,2.8125,,0.19239601725688646,1,bohr,hartree_per_elementary_charge
0.65625,0.13,2.90625,,0.16481137069062979,1,bohr,hartree_per_elementary_charge
0.65625,0.13,2.9999999999999991,,0.14714609712234061,1,bohr,hartree_per_elementary_charge
0.65625,0.13,3.09375,,0.1294808235540518,1,bohr,hartree_per_elementary_charge
0.65625,0.13,3.1875,,0.11312681857522855,1,bohr,hartree_per_elementary_charge
0.65625,0.13,3.2812499999999991,,0.10248614504985856,1,bohr,hartree_per_elementary_charge
0.65625,0.13,3.375,,0.091845471524488811,1,bohr,hartree_per_elementary_charge
0.65625,0.13,3.46875,,0.081994333556682911,1,bohr,hartree_per_elementary_charge
0.65625,0.13,3.5625,,0.07530131021080011,1,bohr,hartree_per_elementary_charge
0.65625,0.13,3.65625,,0.068608286864917448,1,bohr,hartree_per_elementary_charge
0.65625,0.13,3.75,,0.062395006365714115,1,bohr,hartree_per_elementary_charge
0.65625,0.13,3.84375,,0.057950763003528055,1,bohr,hartree_per_elementary_charge
0.65625,0.13,3.9375,,0.053506519641341919,1,bohr,hartree_per_elementary_charge
0.65625,0.13,4.03125,,0.049365414502940783,1,bohr,hartree_per_elementary_charge
0.65625,0.13,4.125,,0.046258537554835527,1,bohr,hartree_per_elementary_charge
0.65625,0.13,4.21875,,0.043151660606730195,1,bohr,hartree_per_elementary_charge
0.65625,0.13,4.3125,,0.040246007359711691,1,bohr,hartree_per_elementary_charge
0.65625,0.13,4.40625,,0.03797755774636969,1,bohr,hartree_per_elementary_charge
0.65625,0.13,4.5,,0.035709108133027634,1,bohr,hartree_per_elementary_charge
0.74999999999999911,0.13,-4.5,,-0.0087705679980776188,1,bohr,hartree_per_elementary_charge
0.74999999999999911,0.13,-4.40625,,-0.0089511022396754295,1,bohr,hartree_per_elementary_charge
0.74999999999999911,0.13,-4.3125,,-0.009127611240090816,1,bohr,hartree_per_elementary_charge
0.74999999999999911,0.13,-4.21875,,-0.0093032762486586849,1,bohr,hartree_per_elementary_charge
0.74999999999999911,0.13,-4.125,,-0.0094789412572265537,1,bohr,hartree_per_elementary_charge
0.74999999999999911,0.13,-4.03125,,-0.0096351232519465337,1,bohr,hartree_per_elementary_charge
0.74999999999999911,0.13,-3.9375,,-0.0097875942445109915,1,bohr,hartree_per_elementary_charge
0.74999999999999911,0.13,-3.84375,,-0.0099400652370754475,1,bohr,hartree_per_elementary_charge
0.74999999999999911,0.13,-3.75,,-0.010042109009301725,1,bohr,hartree_per_elementary_charge
0.74999999999999911,0.13,-3.65625,,-0.010135485722790358,1,bohr,hartree_per_elementary_charge
0.74999999999999911,0.13,-3.5625,,-0.01022886243627899,1,bohr,hartree_per_elementary_charge
0.74999999999999911,0.13,-3.46875,,-0.010209102422974389,1,bohr,hartree_per_elementary_charge
0.74999999999999911,0.13,-3.375,,-0.010171937017959749,1,bohr,hartree_per_elementary_charge
0.74999999999999911,0.13,-3.28125,,-0.01013477161294511,1,bohr,hartree_per_elementary_charge
0.74999999999999911,0.13,-3.1875,,-0.0098533166178889752,1,bohr,hartree_per_elementary_charge
0.74999999999999911,0.13,-3.09375,,-0.0095385499435138646,1,bohr,hartree_per_elementary_charge
0.74999999999999911,0.13,-3,,-0.0092237832691387522,1,bohr,hartree_per_elementary_charge
0.74999999999999911,0.13,-2.90625,,-0.0083814458821931028,1,bohr,hartree_per_elementary_charge
0.74999999999999911,0.13,-2.8125,,-0.0074761160953322825,1,bohr,hartree_per_elementary_charge
0.74999999999999911,0.13,-2.71875,,-0.0065707863084714666,1,bohr,hartree_per_elementary_charge
0.74999999999999911,0.13,-2.625,,-0.00451713310858961,1,bohr,hartree_per_elementary_charge
0.74999999999999911,0.13,-2.53125,,-0.0023452724902680304,1,bohr,hartree_per_elementary_charge
0.74999999999999911,0.13,-2.4375,,-0.00017341187194645194,1,bohr,hartree_per_elementary_charge
0.74999999999999911,0.13,-2.34375,,0.0044938202550675729,1,bohr,hartree_per_elementary_charge
0.74999999999999911,0.13,-2.25,,0.0093780362979362045,1,bohr,hartree_per_elementary_charge
0.74999999999999911,0.13,-2.1562500000000004,,0.014262252340804811,1,bohr,hartree_per_elementary_charge
0.74999999999999911,0.13,-2.0625,,0.024487666767069954,1,bohr,hartree_per_elementary_charge
0.74999999999999911,0.13,-1.96875,,0.035094585228045434,1,bohr,hartree_per_elementary_charge
0.74999999999999911,0.13,-1.8750000000000004,,0.045701503689020859,1,bohr,hartree_per_elementary_charge
0.74999999999999911,0.13,-1.78125,,0.067451752579678392,1,bohr,hartree_per_elementary_charge
0.74999999999999911,0.13,-1.6875,,0.08982977433781017,1,bohr,hartree_per_elementary_charge
0.74999999999999911,0.13,-1.5937500000000004,,0.11220779609594206,1,bohr,hartree_per_elementary_charge
0.74999999999999911,0.13,-1.5,,0.15692944678404708,1,bohr,hartree_per_elementary_charge
0.74999999999999911,0.13,-1.40625,,0.20258204255069898,1,bohr,hartree_per_elementary_charge
0.74999999999999911,0.13,-1.3125000000000004,,0.24823463831735137,1,bohr,hartree_per_elementary_charge
0.74999999999999911,0.13,-1.21875,,0.33542346644793192,1,bohr,hartree_per_elementary_charge
0.74999999999999911,0.13,-1.125,,0.42375020274535291,1,bohr,hartree_per_elementary_charge
0.74999999999999911,0.13,-1.0312500000000004,,0.51207693904277485,1,bohr,hartree_per_elementary_charge
0.74999999999999911,0.13,-0.9375,,0.66703259132124426,1,bohr,hartree_per_elementary_charge
0.74999999999999911,0.13,-0.84375,,0.82288852470069285,1,bohr,hartree_per_elementary_charge
0.74999999999999911,0.13,-0.75000000000000044,,0.97874458375006601,1,bohr,hartree_per_elementary_charge
0.74999999999999911,0.13,-0.65625,,1.2136651959152109,1,bohr,hartree_per_elementary_charge
0.74999999999999911,0.13,-0.5625,,1.4485858080803586,1,bohr,hartree_per_elementary_charge
0.74999999999999911,0.13,-0.46875,,1.6836535514407205,1,bohr,hartree_per_elementary_charge
0.74999999999999911,0.13,-0.375,,1.9296076984695052,1,bohr,hartree_per_elementary_charge
0.74999999999999911,0.13,-0.28125,,2.1755618454982919,1,bohr,hartree_per_elementary_charge
0.74999999999999911,0.13,-0.1875,,2.4161334744546688,1,bohr,hartree_per_elementary_charge
0.74999999999999911,0.13,-0.09375,,2.4602550314454117,1,bohr,hartree_per_elementary_charge
0.74999999999999911,0.13,0,,2.5043765884361542,1,bohr,hartree_per_elementary_charge
0.74999999999999911,0.13,0.09375,,2.5380853619295807,1,bohr,hartree_per_elementary_charge
0.74999999999999911,0.13,0.18749999999999911,,2.3218974270067907,1,bohr,hartree_per_elementary_charge
0.74999999999999911,0.13,0.28125,,2.1057094920839963,1,bohr,hartree_per_elementary_charge
0.74999999999999911,0.13,0.375,,1.8876811517615686,1,bohr,hartree_per_elementary_charge
0.74999999999999911,0.13,0.46874999999999911,,1.6369866110645006,1,bohr,hartree_per_elementary_charge
0.74999999999999911,0.13,0.5625,,1.38629207036743,1,bohr,hartree_per_elementary_charge
0.74999999999999911,0.13,0.65625,,1.1418290967719082,1,bohr,hartree_per_elementary_charge
0.74999999999999911,0.13,0.74999999999999911,,0.98460592320826323,1,bohr,hartree_per_elementary_charge
0.74999999999999911,0.13,0.84375,,0.82738274964461678,1,bohr,hartree_per_elementary_charge
0.74999999999999911,0.13,0.9375,,0.67784787621464371,1,bohr,hartree_per_elementary_charge
0.74999999999999911,0.13,1.0312499999999991,,0.61672663659798421,1,bohr,hartree_per_elementary_charge
0.74999999999999911,0.13,1.125,,0.55560539698132394,1,bohr,hartree_per_elementary_charge
0.74999999999999911,0.13,1.21875,,0.50030732576185999,1,bohr,hartree_per_elementary_charge
0.74999999999999911,0.13,1.3124999999999991,,0.50157617311813341,1,bohr,hartree_per_elementary_charge
0.74999999999999911,0.13,1.40625,,0.50284502047440671,1,bohr,hartree_per_elementary_charge
0.74999999999999911,0.13,1.5,,0.50525994012976927,1,bohr,hartree_per_elementary_charge
0.74999999999999911,0.13,1.5937499999999991,,0.51727306543432594,1,bohr,hartree_per_elementary_charge
0.74999999999999911,0.13,1.6875,,0.52928619073888294,1,bohr,hartree_per_elementary_charge
0.74999999999999911,0.13,1.78125,,0.53707172195357389,1,bohr,hartree_per_elementary_charge
0.74999999999999911,0.13,1.8749999999999991,,0.51385532954351354,1,bohr,hartree_per_elementary_charge
0.74999999999999911,0.13,1.96875,,0.49063893713345275,1,bohr,hartree_per_elementary_charge
0.74999999999999911,0.13,2.0625,,0.46466010862391621,1,bohr,hartree_per_elementary_charge
0.74999999999999911,0.13,2.1562499999999991,,0.42072567268784239,1,bohr,hartree_per_elementary_charge
0.74999999999999911,0.13,2.25,,0.37679123675176884,1,bohr,hartree_per_elementary_charge
0.74999999999999911,0.13,2.34375,,0.33385693967102759,1,bohr,hartree_per_elementary_charge
0.74999999999999911,0.13,2.4374999999999991,,0.29674156489761844,1,bohr,hartree_per_elementary_charge
0.74999999999999911,0.13,2.53125,,0.25962619012420968,1,bohr,hartree_per_elementary_charge
0.74999999999999911,0.13,2.625,,0.22449629018686407,1,bohr,hartree_per_elementary_charge
0.74999999999999911,0.13,2.7187499999999991,,0.19979002169970306,1,bohr,hartree_per_elementary_charge
0.74999999999999911,0.13,2.8125,,0.17508375321254227,1,bohr,hartree_per_elementary_charge
0.74999999999999911,0.13,2.90625,,0.15199624390271246,1,bohr,hartree_per_elementary_charge
0.74999999999999911,0.13,2.9999999999999991,,0.13662889393829863,1,bohr,hartree_per_elementary_charge
0.74999999999999911,0.13,3.09375,,0.12126154397388512,1,bohr,hartree_per_elementary_charge
0.74999999999999911,0.13,3.1875,,0.10697518644315598,1,bohr,hartree_per_elementary_charge
0.74999999999999911,0.13,3.2812499999999991,,0.097398823586234459,1,bohr,hartree_per_elementary_charge
0.74999999999999911,0.13,3.375,,0.087822460729313087,1,bohr,hartree_per_elementary_charge
0.74999999999999911,0.13,3.46875,,0.078924517334837227,1,bohr,hartree_per_elementary_charge
0.74999999999999911,0.13,3.5625,,0.07274022806729781,1,bohr,hartree_per_elementary_charge
0.74999999999999911,0.13,3.65625,,0.066555938799758532,1,bohr,hartree_per_elementary_charge
0.74999999999999911,0.13,3.75,,0.060797322507745534,1,bohr,hartree_per_elementary_charge
0.74999999999999911,0.13,3.84375,,0.056608362349519471,1,bohr,hartree_per_elementary_charge
0.74999999999999911,0.13,3.9375,,0.052419402191293318,1,bohr,hartree_per_elementary_charge
0.74999999999999911,0.13,4.03125,,0.048506319265629601,1,bohr,hartree_per_elementary_charge
0.74999999999999911,0.13,4.125,,0.045534457171223439,1,bohr,hartree_per_elementary_charge
0.74999999999999911,0.13,4.21875,,0.042562595076817214,1,bohr,hartree_per_elementary_charge
0.74999999999999911,0.13,4.3125,,0.039777506090451602,1,bohr,hartree_per_elementary_charge
0.74999999999999911,0.13,4.40625,,0.037583860867786492,1,bohr,hartree_per_elementary_charge
0.74999999999999911,0.13,4.5,,0.035390215645121348,1,bohr,hartree_per_elementary_charge
0.84375,0.13,-4.5,,-0.0079823897375084479,1,bohr,hartree_per_elementary_charge
0.84375,0.13,-4.40625,,-0.0081138268693810821,1,bohr,hartree_per_elementary_charge
0.84375,0.13,-4.3125,,-0.0082293448763936447,1,bohr,hartree_per_elementary_charge
0.84375,0.13,-4.21875,,-0.0083415250432638133,1,bohr,hartree_per_elementary_charge
0.84375,0.13,-4.125,,-0.0084537052101339803,1,bohr,hartree_per_elementary_charge
0.84375,0.13,-4.03125,,-0.0085295853868992723,1,bohr,hartree_per_elementary_charge
0.84375,0.13,-3.9375,,-0.008598551369455372,1,bohr,hartree_per_elementary_charge
0.84375,0.13,-3.84375,,-0.0086675173520114699,1,bohr,hartree_per_elementary_charge
0.84375,0.13,-3.75,,-0.0086617983668908251,1,bohr,hartree_per_elementary_charge
0.84375,0.13,-3.65625,,-0.0086432430803176606,1,bohr,hartree_per_elementary_charge
0.84375,0.13,-3.5625,,-0.0086246877937444979,1,bohr,hartree_per_elementary_charge
0.84375,0.13,-3.46875,,-0.008457365824186755,1,bohr,hartree_per_elementary_charge
0.84375,0.13,-3.375,,-0.0082671570126269314,1,bohr,hartree_per_elementary_charge
0.84375,0.13,-3.28125,,-0.0080769482010671044,1,bohr,hartree_per_elementary_charge
0.84375,0.13,-3.1875,,-0.0075894312651136643,1,bohr,hartree_per_elementary_charge
0.84375,0.13,-3.09375,,-0.0070613729663578026,1,bohr,hartree_per_elementary_charge
0.84375,0.13,-3,,-0.0065333146676019426,1,bohr,hartree_per_elementary_charge
0.84375,0.13,-2.90625,,-0.0053985085574772586,1,bohr,hartree_per_elementary_charge
0.84375,0.13,-2.8125,,-0.004191256233279819,1,bohr,hartree_per_elementary_charge
0.84375,0.13,-2.71875,,-0.0029840039090823856,1,bohr,hartree_per_elementary_charge
0.84375,0.13,-2.625,,-0.00051194565705461393,1,bohr,hartree_per_elementary_charge
0.84375,0.13,-2.53125,,0.002090310622689712,1,bohr,hartree_per_elementary_charge
0.84375,0.13,-2.4375,,0.0046925669024340377,1,bohr,hartree_per_elementary_charge
0.84375,0.13,-2.34375,,0.0099498675927413224,1,bohr,hartree_per_elementary_charge
0.84375,0.13,-2.25,,0.015438036484823382,1,bohr,hartree_per_elementary_charge
0.84375,0.13,-2.1562500000000004,,0.020926205376905409,1,bohr,hartree_per_elementary_charge
0.84375,0.13,-2.0625,,0.031913309952621129,1,bohr,hartree_per_elementary_charge
0.84375,0.13,-1.96875,,0.043293185213739635,1,bohr,hartree_per_elementary_charge
0.84375,0.13,-1.8750000000000004,,0.054673060474858072,1,bohr,hartree_per_elementary_charge
0.84375,0.13,-1.78125,,0.077053644565009433,1,bohr,hartree_per_elementary_charge
0.84375,0.13,-1.6875,,0.10005396676392728,1,bohr,hartree_per_elementary_charge
0.84375,0.13,-1.5937500000000004,,0.1230542889628452,1,bohr,hartree_per_elementary_charge
0.84375,0.13,-1.5,,0.16670401164396872,1,bohr,hartree_per_elementary_charge
0.84375,0.13,-1.40625,,0.21121408954375887,1,bohr,hartree_per_elementary_charge
0.84375,0.13,-1.3125000000000004,,0.25572416744354953,1,bohr,hartree_per_elementary_charge
0.84375,0.13,-1.21875,,0.3345312508170511,1,bohr,hartree_per_elementary_charge
0.84375,0.13,-1.125,,0.41427791971397615,1,bohr,hartree_per_elementary_charge
0.84375,0.13,-1.0312500000000004,,0.49402458861090204,1,bohr,hartree_per_elementary_charge
0.84375,0.13,-0.9375,,0.61871589304054386,1,bohr,hartree_per_elementary_charge
0.84375,0.13,-0.84375,,0.74401448344151966,1,bohr,hartree_per_elementary_charge
0.84375,0.13,-0.75000000000000044,,0.86931313113514308,1,bohr,hartree_per_elementary_charge
0.84375,0.13,-0.65625,,1.0306571378078144,1,bohr,hartree_per_elementary_charge
0.84375,0.13,-0.5625,,1.1920011444804877,1,bohr,hartree_per_elementary_charge
0.84375,0.13,-0.46875,,1.3530911731202406,1,bohr,hartree_per_elementary_charge
0.84375,0.13,-0.375,,1.4953890796322151,1,bohr,hartree_per_elementary_charge
0.84375,0.13,-0.28125,,1.6376869861441909,1,bohr,hartree_per_elementary_charge
0.84375,0.13,-0.1875,,1.7765803329876826,1,bohr,hartree_per_elementary_charge
0.84375,0.13,-0.09375,,1.7912147395196887,1,bohr,hartree_per_elementary_charge
0.84375,0.13,0,,1.805849146051695,1,bohr,hartree_per_elementary_charge
0.84375,0.13,0.09375,,1.8144737239222772,1,bohr,hartree_per_elementary_charge
0.84375,0.13,0.18749999999999911,,1.6788682406355968,1,bohr,hartree_per_elementary_charge
0.84375,0.13,0.28125,,1.5432627573489137,1,bohr,hartree_per_elementary_charge
0.84375,0.13,0.375,,1.4059263780346511,1,bohr,hartree_per_elementary_charge
0.84375,0.13,0.46874999999999911,,1.2378675304664919,1,bohr,hartree_per_elementary_charge
0.84375,0.13,0.5625,,1.0698086828983304,1,bohr,hartree_per_elementary_charge
0.84375,0.13,0.65625,,0.90529429074638423,1,bohr,hartree_per_elementary_charge
0.84375,0.13,0.74999999999999911,,0.79040105755710854,1,bohr,hartree_per_elementary_charge
0.84375,0.13,0.84375,,0.67550782436783174,1,bohr,hartree_per_elementary_charge
0.84375,0.13,0.9375,,0.56582626877964604,1,bohr,hartree_per_elementary_charge
0.84375,0.13,1.0312499999999991,,0.51607777342121997,1,bohr,hartree_per_elementary_charge
0.84375,0.13,1.125,,0.46632927806279328,1,bohr,hartree_per_elementary_charge
0.84375,0.13,1.21875,,0.42065800568691042,1,bohr,hartree_per_elementary_charge
0.84375,0.13,1.3124999999999991,,0.41459334001326958,1,bohr,hartree_per_elementary_charge
0.84375,0.13,1.40625,,0.40852867433962836,1,bohr,hartree_per_elementary_charge
0.84375,0.13,1.5,,0.40344857512483734,1,bohr,hartree_per_elementary_charge
0.84375,0.13,1.5937499999999991,,0.40661409126507581,1,bohr,hartree_per_elementary_charge
0.84375,0.13,1.6875,,0.40977960740531427,1,bohr,hartree_per_elementary_charge
0.84375,0.13,1.78125,,0.41075824982883169,1,bohr,hartree_per_elementary_charge
0.84375,0.13,1.8749999999999991,,0.39570004233213596,1,bohr,hartree_per_elementary_charge
0.84375,0.13,1.96875,,0.38064183483543995,1,bohr,hartree_per_elementary_charge
0.84375,0.13,2.0625,,0.3637487681338793,1,bohr,hartree_per_elementary_charge
0.84375,0.13,2.1562499999999991,,0.33492926752430174,1,bohr,hartree_per_elementary_charge
0.84375,0.13,2.25,,0.30610976691472458,1,bohr,hartree_per_elementary_charge
0.84375,0.13,2.34375,,0.27753503218649606,1,bohr,hartree_per_elementary_charge
0.84375,0.13,2.4374999999999991,,0.25038437336478853,1,bohr,hartree_per_elementary_charge
0.84375,0.13,2.53125,,0.22323371454308133,1,bohr,hartree_per_elementary_charge
0.84375,0.13,2.625,,0.19726749157680959,1,bohr,hartree_per_elementary_charge
0.84375,0.13,2.7187499999999991,,0.1775194903725035,1,bohr,hartree_per_elementary_charge
0.84375,0.13,2.8125,,0.15777148916819766,1,bohr,hartree_per_elementary_charge
0.84375,0.13,2.90625,,0.13918111711479486,1,bohr,hartree_per_elementary_charge
0.84375,0.13,2.9999999999999991,,0.12611169075425643,1,bohr,hartree_per_elementary_charge
0.84375,0.13,3.09375,,0.11304226439371827,1,bohr,hartree_per_elementary_charge
0.84375,0.13,3.1875,,0.10082355431108331,1,bohr,hartree_per_elementary_charge
0.84375,0.13,3.2812499999999991,,0.092311502122610203,1,bohr,hartree_per_elementary_charge
0.84375,0.13,3.375,,0.083799449934137293,1,bohr,hartree_per_elementary_charge
0.84375,0.13,3.46875,,0.07585470111299146,1,bohr,hartree_per_elementary_charge
0.84375,0.13,3.5625,,0.070179145923795469,1,bohr,hartree_per_elementary_charge
0.84375,0.13,3.65625,,0.064503590734599589,1,bohr,hartree_per_elementary_charge
0.84375,0.13,3.75,,0.059199638649776933,1,bohr,hartree_per_elementary_charge
0.84375,0.13,3.84375,,0.05526596169551086,1,bohr,hartree_per_elementary_charge
0.84375,0.13,3.9375,,0.05133228474124471,1,bohr,hartree_per_elementary_charge
0.84375,0.13,4.03125,,0.047647224028318419,1,bohr,hartree_per_elementary_charge
0.84375,0.13,4.125,,0.044810376787611343,1,bohr,hartree_per_elementary_charge
0.84375,0.13,4.21875,,0.041973529546904205,1,bohr,hartree_per_elementary_charge
0.84375,0.13,4.3125,,0.039309004821191491,1,bohr,hartree_per_elementary_charge
0.84375,0.13,4.40625,,0.037190163989203294,1,bohr,hartree_per_elementary_charge
0.84375,0.13,4.5,,0.035071323157215048,1,bohr,hartree_per_elementary_charge
0.9375,0.13,-4.5,,-0.0071984135321549207,1,bohr,hartree_per_elementary_charge
0.9375,0.13,-4.40625,,-0.0072817986225004279,1,bohr,hartree_per_elementary_charge
0.9375,0.13,-4.3125,,-0.0073378829408765837,1,bohr,hartree_per_elementary_charge
0.9375,0.13,-4.21875,,-0.0073882429739419182,1,bohr,hartree_per_elementary_charge
0.9375,0.13,-4.125,,-0.0074386030070072509,1,bohr,hartree_per_elementary_charge
0.9375,0.13,-4.03125,,-0.0074366658402565044,1,bohr,hartree_per_elementary_charge
0.9375,0.13,-3.9375,,-0.0074247674312277103,1,bohr,hartree_per_elementary_charge
0.9375,0.13,-3.84375,,-0.0074128690221989145,1,bohr,hartree_per_elementary_charge
0.9375,0.13,-3.75,,-0.007303330584147805,1,bohr,hartree_per_elementary_charge
0.9375,0.13,-3.65625,,-0.0071770104979906376,1,bohr,hartree_per_elementary_charge
0.9375,0.13,-3.5625,,-0.0070506904118334737,1,bohr,hartree_per_elementary_charge
0.9375,0.13,-3.46875,,-0.0067419742065696255,1,bohr,hartree_per_elementary_charge
0.9375,0.13,-3.375,,-0.0064051974767579487,1,bohr,hartree_per_elementary_charge
0.9375,0.13,-3.28125,,-0.0060684207469462702,1,bohr,hartree_per_elementary_charge
0.9375,0.13,-3.1875,,-0.0053840576478836697,1,bohr,hartree_per_elementary_charge
0.9375,0.13,-3.09375,,-0.0046522971723460121,1,bohr,hartree_per_elementary_charge
0.9375,0.13,-3,,-0.0039205366968083554,1,bohr,hartree_per_elementary_charge
0.9375,0.13,-2.90625,,-0.0025051864651312182,1,bohr,hartree_per_elementary_charge
0.9375,0.13,-2.8125,,-0.0010082150246366996,1,bohr,hartree_per_elementary_charge
0.9375,0.13,-2.71875,,0.00048875641585781077,1,bohr,hartree_per_elementary_charge
0.9375,0.13,-2.625,,0.0033714545869834426,1,bohr,hartree_per_elementary_charge
0.9375,0.13,-2.53125,,0.0063967982686276518,1,bohr,hartree_per_elementary_charge
0.9375,0.13,-2.4375,,0.0094221419502718579,1,bohr,hartree_per_elementary_charge
0.9375,0.13,-2.34375,,0.015299947358061571,1,bohr,hartree_per_elementary_charge
0.9375,0.13,-2.25,,0.021425787302195232,1,bohr,hartree_per_elementary_charge
0.9375,0.13,-2.1562500000000004,,0.027551627246328866,1,bohr,hartree_per_elementary_charge
0.9375,0.13,-2.0625,,0.03950483127904296,1,bohr,hartree_per_elementary_charge
0.9375,0.13,-1.96875,,0.051874264545711486,1,bohr,hartree_per_elementary_charge
0.9375,0.13,-1.8750000000000004,,0.06424369781237993,1,bohr,hartree_per_elementary_charge
0.9375,0.13,-1.78125,,0.088125625292587662,1,bohr,hartree_per_elementary_charge
0.9375,0.13,-1.6875,,0.11265612292422546,1,bohr,hartree_per_elementary_charge
0.9375,0.13,-1.5937500000000004,,0.13718662055586342,1,bohr,hartree_per_elementary_charge
0.9375,0.13,-1.5,,0.18292646009569744,1,bohr,hartree_per_elementary_charge
0.9375,0.13,-1.40625,,0.22954998475805721,1,bohr,hartree_per_elementary_charge
0.9375,0.13,-1.3125000000000004,,0.27617350942041746,1,bohr,hartree_per_elementary_charge
0.9375,0.13,-1.21875,,0.35630634070156203,1,bohr,hartree_per_elementary_charge
0.9375,0.13,-1.125,,0.43735717805828384,1,bohr,hartree_per_elementary_charge
0.9375,0.13,-1.0312500000000004,,0.51840801541500636,1,bohr,hartree_per_elementary_charge
0.9375,0.13,-0.9375,,0.63447261237903008,1,bohr,hartree_per_elementary_charge
0.9375,0.13,-0.84375,,0.7510103106322541,1,bohr,hartree_per_elementary_charge
0.9375,0.13,-0.75000000000000044,,0.86754801411466409,1,bohr,hartree_per_elementary_charge
0.9375,0.13,-0.65625,,0.98737563110462623,1,bohr,hartree_per_elementary_charge
0.9375,0.13,-0.5625,,1.1072032480945893,1,bohr,hartree_per_elementary_charge
0.9375,0.13,-0.46875,,1.2264793663842077,1,bohr,hartree_per_elementary_charge
0.9375,0.13,-0.375,,1.3049494716063079,1,bohr,hartree_per_elementary_charge
0.9375,0.13,-0.28125,,1.3834195768284097,1,bohr,hartree_per_elementary_charge
0.9375,0.13,-0.1875,,1.4595588912598796,1,bohr,hartree_per_elementary_charge
0.9375,0.13,-0.09375,,1.4506294679004879,1,bohr,hartree_per_elementary_charge
0.9375,0.13,0,,1.4417000445410959,1,bohr,hartree_per_elementary_charge
0.9375,0.13,0.09375,,1.429052988618809,1,bohr,hartree_per_elementary_charge
0.9375,0.13,0.18749999999999911,,1.327186355548118,1,bohr,hartree_per_elementary_charge
0.9375,0.13,0.28125,,1.2253197224774248,1,bohr,hartree_per_elementary_charge
0.9375,0.13,0.375,,1.1221928303661564,1,bohr,hartree_per_elementary_charge
0.9375,0.13,0.46874999999999911,,0.99669702195440124,1,bohr,hartree_per_elementary_charge
0.9375,0.13,0.5625,,0.87120121354264424,1,bohr,hartree_per_elementary_charge
0.9375,0.13,0.65625,,0.74810532289208165,1,bohr,hartree_per_elementary_charge
0.9375,0.13,0.74999999999999911,,0.65860745697071466,1,bohr,hartree_per_elementary_charge
0.9375,0.13,0.84375,,0.56910959104934689,1,bohr,hartree_per_elementary_charge
0.9375,0.13,0.9375,,0.48346542360859951,1,bohr,hartree_per_elementary_charge
0.9375,0.13,1.0312499999999991,,0.44213787757551692,1,bohr,hartree_per_elementary_charge
0.9375,0.13,1.125,,0.40081033154243373,1,bohr,hartree_per_elementary_charge
0.9375,0.13,1.21875,,0.3625654187797237,1,bohr,hartree_per_elementary_charge
0.9375,0.13,1.3124999999999991,,0.35426555539735,1,bohr,hartree_per_elementary_charge
0.9375,0.13,1.40625,,0.3459656920149759,1,bohr,hartree_per_elementary_charge
0.9375,0.13,1.5,,0.33852013534394371,1,bohr,hartree_per_elementary_charge
0.9375,0.13,1.5937499999999991,,0.33822928567478422,1,bohr,hartree_per_elementary_charge
0.9375,0.13,1.6875,,0.33793843600562473,1,bohr,hartree_per_elementary_charge
0.9375,0.13,1.78125,,0.33634855076675063,1,bohr,hartree_per_elementary_charge
0.9375,0.13,1.8749999999999991,,0.32523253774407118,1,bohr,hartree_per_elementary_charge
0.9375,0.13,1.96875,,0.31411652472139151,1,bohr,hartree_per_elementary_charge
0.9375,0.13,2.0625,,0.30167837057255203,1,bohr,hartree_per_elementary_charge
0.9375,0.13,2.1562499999999991,,0.28064640785441802,1,bohr,hartree_per_elementary_charge
0.9375,0.13,2.25,,0.25961444513628418,1,bohr,hartree_per_elementary_charge
0.9375,0.13,2.34375,,0.23856659827779891,1,bohr,hartree_per_elementary_charge
0.9375,0.13,2.4374999999999991,,0.2174263356731104,1,bohr,hartree_per_elementary_charge
0.9375,0.13,2.53125,,0.19628607306842205,1,bohr,hartree_per_elementary_charge
0.9375,0.13,2.625,,0.1759259438240548,1,bohr,hartree_per_elementary_charge
0.9375,0.13,2.7187499999999991,,0.15966147093467056,1,bohr,hartree_per_elementary_charge
0.9375,0.13,2.8125,,0.14339699804528644,1,bohr,hartree_per_elementary_charge
0.9375,0.13,2.90625,,0.128002629942183,1,bohr,hartree_per_elementary_charge
0.9375,0.13,2.9999999999999991,,0.11675795111427537,1,bohr,hartree_per_elementary_charge
0.9375,0.13,3.09375,,0.10551327228636795,1,bohr,hartree_per_elementary_charge
0.9375,0.13,3.1875,,0.094952474972396853,1,bohr,hartree_per_elementary_charge
0.9375,0.13,3.2812499999999991,,0.087371419410342543,1,bohr,hartree_per_elementary_charge
0.9375,0.13,3.375,,0.079790363848288401,1,bohr,hartree_per_elementary_charge
0.9375,0.13,3.46875,,0.072686743819600108,1,bohr,hartree_per_elementary_charge
0.9375,0.13,3.5625,,0.067492849229498386,1,bohr,hartree_per_elementary_charge
0.9375,0.13,3.65625,,0.062298954639396789,1,bohr,hartree_per_elementary_charge
0.9375,0.13,3.75,,0.057429005000227941,1,bohr,hartree_per_elementary_charge
0.9375,0.13,3.84375,,0.053753592502187829,1,bohr,hartree_per_elementary_charge
0.9375,0.13,3.9375,,0.050078180004147634,1,bohr,hartree_per_elementary_charge
0.9375,0.13,4.03125,,0.046625603777213531,1,bohr,hartree_per_elementary_charge
0.9375,0.13,4.125,,0.043933286519012273,1,bohr,hartree_per_elementary_charge
0.9375,0.13,4.21875,,0.041240969260810958,1,bohr,hartree_per_elementary_charge
0.9375,0.13,4.3125,,0.03870648862252498,1,bohr,hartree_per_elementary_charge
0.9375,0.13,4.40625,,0.036671820219050667,1,bohr,hartree_per_elementary_charge
0.9375,0.13,4.5,,0.034637151815576313,1,bohr,hartree_per_elementary_charge
1.0312499999999991,0.13,-4.5,,-0.0064160714520672332,1,bohr,hartree_per_elementary_charge
1.0312499999999991,0.13,-4.40625,,-0.0064518109144759426,1,bohr,hartree_per_elementary_charge
1.0312499999999991,0.13,-4.3125,,-0.0064490671600238693,1,bohr,hartree_per_elementary_charge
1.0312499999999991,0.13,-4.21875,,-0.0064382544427880077,1,bohr,hartree_per_elementary_charge
1.0312499999999991,0.13,-4.125,,-0.0064274417255521452,1,bohr,hartree_per_elementary_charge
1.0312499999999991,0.13,-4.03125,,-0.0063486533954624832,1,bohr,hartree_per_elementary_charge
1.0312499999999991,0.13,-3.9375,,-0.0062569174974147516,1,bohr,hartree_per_elementary_charge
1.0312499999999991,0.13,-3.84375,,-0.0061651815993670192,1,bohr,hartree_per_elementary_charge
1.0312499999999991,0.13,-3.75,,-0.0059533572087911157,1,bohr,hartree_per_elementary_charge
1.0312499999999991,0.13,-3.65625,,-0.0057208928937562175,1,bohr,hartree_per_elementary_charge
1.0312499999999991,0.13,-3.5625,,-0.0054884285787213218,1,bohr,hartree_per_elementary_charge
1.0312499999999991,0.13,-3.46875,,-0.0050407166850005925,1,bohr,hartree_per_elementary_charge
1.0312499999999991,0.13,-3.375,,-0.0045598902711071953,1,bohr,hartree_per_elementary_charge
1.0312499999999991,0.13,-3.28125,,-0.0040790638572137982,1,bohr,hartree_per_elementary_charge
1.0312499999999991,0.13,-3.1875,,-0.0032014384925767364,1,bohr,hartree_per_elementary_charge
1.0312499999999991,0.13,-3.09375,,-0.0022697050531787586,1,bohr,hartree_per_elementary_charge
1.0312499999999991,0.13,-3,,-0.0013379716137807808,1,bohr,hartree_per_elementary_charge
1.0312499999999991,0.13,-2.90625,,0.00035328541513889126,1,bohr,hartree_per_elementary_charge
1.0312499999999991,0.13,-2.8125,,0.0021352302183344383,1,bohr,hartree_per_elementary_charge
1.0312499999999991,0.13,-2.71875,,0.0039171750215299768,1,bohr,hartree_per_elementary_charge
1.0312499999999991,0.13,-2.625,,0.0072074933513135734,1,bohr,hartree_per_elementary_charge
1.0312499999999991,0.13,-2.53125,,0.010653082346659681,1,bohr,hartree_per_elementary_charge
1.0312499999999991,0.13,-2.4375,,0.01409867134200579,1,bohr,hartree_per_elementary_charge
1.0312499999999991,0.13,-2.34375,,0.020608817696457053,1,bohr,hartree_per_elementary_charge
1.0312499999999991,0.13,-2.25,,0.027385441268358041,1,bohr,hartree_per_elementary_charge
1.0312499999999991,0.13,-2.1562500000000004,,0.034162064840258993,1,bohr,hartree_per_elementary_charge
1.0312499999999991,0.13,-2.0625,,0.047160860482476828,1,bohr,hartree_per_elementary_charge
1.0312499999999991,0.13,-1.96875,,0.060604085179579971,1,bohr,hartree_per_elementary_charge
1.0312499999999991,0.13,-1.8750000000000004,,0.074047309876683037,1,bohr,hartree_per_elementary_charge
1.0312499999999991,0.13,-1.78125,,0.099769304637498932,1,bohr,hartree_per_elementary_charge
1.0312499999999991,0.13,-1.6875,,0.12618303861762592,1,bohr,hartree_per_elementary_charge
1.0312499999999991,0.13,-1.5937500000000004,,0.15259677259775303,1,bohr,hartree_per_elementary_charge
1.0312499999999991,0.13,-1.5,,0.20165640760392878,1,bohr,hartree_per_elementary_charge
1.0312499999999991,0.13,-1.40625,,0.25165958182549031,1,bohr,hartree_per_elementary_charge
1.0312499999999991,0.13,-1.3125000000000004,,0.30166275604705245,1,bohr,hartree_per_elementary_charge
1.0312499999999991,0.13,-1.21875,,0.38689645436620473,1,bohr,hartree_per_elementary_charge
1.0312499999999991,0.13,-1.125,,0.47309531247022785,1,bohr,hartree_per_elementary_charge
1.0312499999999991,0.13,-1.0312500000000004,,0.55929417057425179,1,bohr,hartree_per_elementary_charge
1.0312499999999991,0.13,-0.9375,,0.67514666031680226,1,bohr,hartree_per_elementary_charge
1.0312499999999991,0.13,-0.84375,,0.79139982600832259,1,bohr,hartree_per_elementary_charge
1.0312499999999991,0.13,-0.75000000000000044,,0.90765295120980094,1,bohr,hartree_per_elementary_charge
1.0312499999999991,0.13,-0.65625,,0.99843198438693559,1,bohr,hartree_per_elementary_charge
1.0312499999999991,0.13,-0.5625,,1.089211017564071,1,bohr,hartree_per_elementary_charge
1.0312499999999991,0.13,-0.46875,,1.1791813156333095,1,bohr,hartree_per_elementary_charge
1.0312499999999991,0.13,-0.375,,1.2093123876801475,1,bohr,hartree_per_elementary_charge
1.0312499999999991,0.13,-0.28125,,1.2394434597269859,1,bohr,hartree_per_elementary_charge
1.0312499999999991,0.13,-0.1875,,1.2679658821755821,1,bohr,hartree_per_elementary_charge
1.0312499999999991,0.13,-0.09375,,1.2377761321631007,1,bohr,hartree_per_elementary_charge
1.0312499999999991,0.13,0,,1.2075863821506192,1,bohr,hartree_per_elementary_charge
1.0312499999999991,0.13,0.09375,,1.1751503487296413,1,bohr,hartree_per_elementary_charge
1.0312499999999991,0.13,0.18749999999999911,,1.0888056913467794,1,bohr,hartree_per_elementary_charge
1.0312499999999991,0.13,0.28125,,1.0024610339639157,1,bohr,hartree_per_elementary_charge
1.0312499999999991,0.13,0.375,,0.91546719241549024,1,bohr,hartree_per_elementary_charge
1.0312499999999991,0.13,0.46874999999999911,,0.81695068306978158,1,bohr,hartree_per_elementary_charge
1.0312499999999991,0.13,0.5625,,0.71843417372407214,1,bohr,hartree_per_elementary_charge
1.0312499999999991,0.13,0.65625,,0.62177293169876857,1,bohr,hartree_per_elementary_charge
1.0312499999999991,0.13,0.74999999999999911,,0.55108479521824472,1,bohr,hartree_per_elementary_charge
1.0312499999999991,0.13,0.84375,,0.48039665873772008,1,bohr,hartree_per_elementary_charge
1.0312499999999991,0.13,0.9375,,0.41263926766279013,1,bohr,hartree_per_elementary_charge
1.0312499999999991,0.13,1.0312499999999991,,0.37858475584401879,1,bohr,hartree_per_elementary_charge
1.0312499999999991,0.13,1.125,,0.34453024402524723,1,bohr,hartree_per_elementary_charge
1.0312499999999991,0.13,1.21875,,0.31285596834046597,1,bohr,hartree_per_elementary_charge
1.0312499999999991,0.13,1.3124999999999991,,0.30430357655093587,1,bohr,hartree_per_elementary_charge
1.0312499999999991,0.13,1.40625,,0.29575118476140549,1,bohr,hartree_per_elementary_charge
1.0312499999999991,0.13,1.5,,0.28793499113957649,1,bohr,hartree_per_elementary_charge
1.0312499999999991,0.13,1.5937499999999991,,0.28628436091001713,1,bohr,hartree_per_elementary_charge
1.0312499999999991,0.13,1.6875,,0.28463373068045761,1,bohr,hartree_per_elementary_charge
1.0312499999999991,0.13,1.78125,,0.28212356194802957,1,bohr,hartree_per_elementary_charge
1.0312499999999991,0.13,1.8749999999999991,,0.27331019890412722,1,bohr,hartree_per_elementary_charge
1.0312499999999991,0.13,1.96875,,0.26449683586022471,1,bohr,hartree_per_elementary_charge
1.0312499999999991,0.13,2.0625,,0.25471271650739402,1,bohr,hartree_per_elementary_charge
1.0312499999999991,0.13,2.1562499999999991,,0.23861876099464085,1,bohr,hartree_per_elementary_charge
1.0312499999999991,0.13,2.25,,0.2225248054818878,1,bohr,hartree_per_elementary_charge
1.0312499999999991,0.13,2.34375,,0.2063467072047285,1,bohr,hartree_per_elementary_charge
1.0312499999999991,0.13,2.4374999999999991,,0.18967905669570398,1,bohr,hartree_per_elementary_charge
1.0312499999999991,0.13,2.53125,,0.17301140618667959,1,bohr,hartree_per_elementary_charge
1.0312499999999991,0.13,2.625,,0.15687387226296531,1,bohr,hartree_per_elementary_charge
1.0312499999999991,0.13,2.7187499999999991,,0.14351942065816842,1,bohr,hartree_per_elementary_charge
1.0312499999999991,0.13,2.8125,,0.1301649690533716,1,bohr,hartree_per_elementary_charge
1.0312499999999991,0.13,2.90625,,0.11746061088081736,1,bohr,hartree_per_elementary_charge
1.0312499999999991,0.13,2.9999999999999991,,0.10785666749299704,1,bohr,hartree_per_elementary_charge
1.0312499999999991,0.13,3.09375,,0.098252724105176908,1,bohr,hartree_per_elementary_charge
1.0312499999999991,0.13,3.1875,,0.089190499009213151,1,bohr,hartree_per_elementary_charge
1.0312499999999991,0.13,3.2812499999999991,,0.082488595956070193,1,bohr,hartree_per_elementary_charge
1.0312499999999991,0.13,3.375,,0.075786692902927388,1,bohr,hartree_per_elementary_charge
1.0312499999999991,0.13,3.46875,,0.06948062072485689,1,bohr,hartree_per_elementary_charge
1.0312499999999991,0.13,3.5625,,0.06475785820573525,1,bohr,hartree_per_elementary_charge
1.0312499999999991,0.13,3.65625,,0.060035095686613735,1,bohr,hartree_per_elementary_charge
1.0312499999999991,0.13,3.75,,0.05559111339959541,1,bohr,hartree_per_elementary_charge
1.0312499999999991,0.13,3.84375,,0.052175124728470502,1,bohr,hartree_per_elementary_charge
1.0312499999999991,0.13,3.9375,,0.048759136057345526,1,bohr,hartree_per_elementary_charge
1.0312499999999991,0.13,4.03125,,0.045540779637120374,1,bohr,hartree_per_elementary_charge
1.0312499999999991,0.13,4.125,,0.042996692672723304,1,bohr,hartree_per_elementary_charge
1.0312499999999991,0.13,4.21875,,0.040452605708326178,1,bohr,hartree_per_elementary_charge
1.0312499999999991,0.13,4.3125,,0.038051855740258475,1,bohr,hartree_per_elementary_charge
1.0312499999999991,0.13,4.40625,,0.036105002874808785,1,bohr,hartree_per_elementary_charge
1.0312499999999991,0.13,4.5,,0.03415815000935906,1,bohr,hartree_per_elementary_charge
1.125,0.13,-4.5,,-0.005633729371979538,1,bohr,hartree_per_elementary_charge
1.125,0.13,-4.40625,,-0.0056218232064514494,1,bohr,hartree_per_elementary_charge
1.125,0.13,-4.3125,,-0.0055602513791711446,1,bohr,hartree_per_elementary_charge
1.125,0.13,-4.21875,,-0.0054882659116340859,1,bohr,hartree_per_elementary_charge
1.125,0.13,-4.125,,-0.0054162804440970273,1,bohr,hartree_per_elementary_charge
1.125,0.13,-4.03125,,-0.0052606409506684498,1,bohr,hartree_per_elementary_charge
1.125,0.13,-3.9375,,-0.005089067563601779,1,bohr,hartree_per_elementary_charge
1.125,0.13,-3.84375,,-0.0049174941765351091,1,bohr,hartree_per_elementary_charge
1.125,0.13,-3.75,,-0.00460338383343441,1,bohr,hartree_per_elementary_charge
1.125,0.13,-3.65625,,-0.0042647752895217808,1,bohr,hartree_per_elementary_charge
1.125,0.13,-3.5625,,-0.0039261667456091526,1,bohr,hartree_per_elementary_charge
1.125,0.13,-3.46875,,-0.0033394591634315408,1,bohr,hartree_per_elementary_charge
1.125,0.13,-3.375,,-0.002714583065456422,1,bohr,hartree_per_elementary_charge
1.125,0.13,-3.28125,,-0.0020897069674813036,1,bohr,hartree_per_elementary_charge
1.125,0.13,-3.1875,,-0.0010188193372697798,1,bohr,hartree_per_elementary_charge
1.125,0.13,-3.09375,,0.00011288706598852101,1,bohr,hartree_per_elementary_charge
1.125,0.13,-3,,0.0012445934692468215,1,bohr,hartree_per_elementary_charge
1.125,0.13,-2.90625,,0.0032117572954090314,1,bohr,hartree_per_elementary_charge
1.125,0.13,-2.8125,,0.0052786754613056101,1,bohr,hartree_per_elementary_charge
1.125,0.13,-2.71875,,0.0073455936272021783,1,bohr,hartree_per_elementary_charge
1.125,0.13,-2.625,,0.011043532115643741,1,bohr,hartree_per_elementary_charge
1.125,0.13,-2.53125,,0.014909366424691756,1,bohr,hartree_per_elementary_charge
1.125,0.13,-2.4375,,0.018775200733739769,1,bohr,hartree_per_elementary_charge
1.125,0.13,-2.34375,,0.025917688034852594,1,bohr,hartree_per_elementary_charge
1.125,0.13,-2.25,,0.033345095234520908,1,bohr,hartree_per_elementary_charge
1.125,0.13,-2.1562500000000004,,0.040772502434189187,1,bohr,hartree_per_elementary_charge
1.125,0.13,-2.0625,,0.054816889685910752,1,bohr,hartree_per_elementary_charge
1.125,0.13,-1.96875,,0.069333905813448546,1,bohr,hartree_per_elementary_charge
1.125,0.13,-1.8750000000000004,,0.083850921940986284,1,bohr,hartree_per_elementary_charge
1.125,0.13,-1.78125,,0.11141298398241031,1,bohr,hartree_per_elementary_charge
1.125,0.13,-1.6875,,0.13970995431102648,1,bohr,hartree_per_elementary_charge
1.125,0.13,-1.5937500000000004,,0.16800692463964279,1,bohr,hartree_per_elementary_charge
1.125,0.13,-1.5,,0.22038635511216029,1,bohr,hartree_per_elementary_charge
1.125,0.13,-1.40625,,0.27376917889292374,1,bohr,hartree_per_elementary_charge
1.125,0.13,-1.3125000000000004,,0.32715200267368771,1,bohr,hartree_per_elementary_charge
1.125,0.13,-1.21875,,0.41748656803084783,1,bohr,hartree_per_elementary_charge
1.125,0.13,-1.125,,0.50883344688217225,1,bohr,hartree_per_elementary_charge
1.125,0.13,-1.0312500000000004,,0.60018032573349778,1,bohr,hartree_per_elementary_charge
1.125,0.13,-0.9375,,0.71582070825457522,1,bohr,hartree_per_elementary_charge
1.125,0.13,-0.84375,,0.83178934138439153,1,bohr,hartree_per_elementary_charge
1.125,0.13,-0.75000000000000044,,0.94775788830493779,1,bohr,hartree_per_elementary_charge
1.125,0.13,-0.65625,,1.009488337669245,1,bohr,hartree_per_elementary_charge
1.125,0.13,-0.5625,,1.0712187870335526,1,bohr,hartree_per_elementary_charge
1.125,0.13,-0.46875,,1.1318832648824111,1,bohr,hartree_per_elementary_charge
1.125,0.13,-0.375,,1.1136753037539864,1,bohr,hartree_per_elementary_charge
1.125,0.13,-0.28125,,1.095467342625561,1,bohr,hartree_per_elementary_charge
1.125,0.13,-0.1875,,1.0763728730912832,1,bohr,hartree_per_elementary_charge
1.125,0.13,-0.09375,,1.0249227964257117,1,bohr,hartree_per_elementary_charge
1.125,0.13,0,,0.97347271976014005,1,bohr,hartree_per_elementary_charge
1.125,0.13,0.09375,,0.92124770884047047,1,bohr,hartree_per_elementary_charge
1.125,0.13,0.18749999999999911,,0.85042502714543822,1,bohr,hartree_per_elementary_charge
1.125,0.13,0.28125,,0.77960234545040441,1,bohr,hartree_per_elementary_charge
1.125,0.13,0.375,,0.70874155446482212,1,bohr,hartree_per_elementary_charge
1.125,0.13,0.46874999999999911,,0.63720434418516048,1,bohr,hartree_per_elementary_charge
1.125,0.13,0.5625,,0.56566713390549805,1,bohr,hartree_per_elementary_charge
1.125,0.13,0.65625,,0.49544054050545433,1,bohr,hartree_per_elementary_charge
1.125,0.13,0.74999999999999911,,0.44356213346577356,1,bohr,hartree_per_elementary_charge
1.125,0.13,0.84375,,0.39168372642609217,1,bohr,hartree_per_elementary_charge
1.125,0.13,0.9375,,0.34181311171697987,1,bohr,hartree_per_elementary_charge
1.125,0.13,1.0312499999999991,,0.31503163411252011,1,bohr,hartree_per_elementary_charge
1.125,0.13,1.125,,0.28825015650806007,1,bohr,hartree_per_elementary_charge
1.125,0.13,1.21875,,0.2631465179012078,1,bohr,hartree_per_elementary_charge
1.125,0.13,1.3124999999999991,,0.25434159770452131,1,bohr,hartree_per_elementary_charge
1.125,0.13,1.40625,,0.24553667750783456,1,bohr,hartree_per_elementary_charge
1.125,0.13,1.5,,0.2373498469352088,1,bohr,hartree_per_elementary_charge
1.125,0.13,1.5937499999999991,,0.23433943614524946,1,bohr,hartree_per_elementary_charge
1.125,0.13,1.6875,,0.23132902535528999,1,bohr,hartree_per_elementary_charge
1.125,0.13,1.78125,,0.22789857312930792,1,bohr,hartree_per_elementary_charge
1.125,0.13,1.8749999999999991,,0.22138786006418271,1,bohr,hartree_per_elementary_charge
1.125,0.13,1.96875,,0.21487714699905741,1,bohr,hartree_per_elementary_charge
1.125,0.13,2.0625,,0.20774706244223556,1,bohr,hartree_per_elementary_charge
1.125,0.13,2.1562499999999991,,0.19659111413486327,1,bohr,hartree_per_elementary_charge
1.125,0.13,2.25,,0.18543516582749109,1,bohr,hartree_per_elementary_charge
1.125,0.13,2.34375,,0.17412681613165776,1,bohr,hartree_per_elementary_charge
1.125,0.13,2.4374999999999991,,0.16193177771829725,1,bohr,hartree_per_elementary_charge
1.125,0.13,2.53125,,0.14973673930493689,1,bohr,hartree_per_elementary_charge
1.125,0.13,2.625,,0.13782180070187561,1,bohr,hartree_per_elementary_charge
1.125,0.13,2.7187499999999991,,0.12737737038166605,1,bohr,hartree_per_elementary_charge
1.125,0.13,2.8125,,0.1169329400614566,1,bohr,hartree_per_elementary_charge
1.125,0.13,2.90625,,0.10691859181945164,1,bohr,hartree_per_elementary_charge
1.125,0.13,2.9999999999999991,,0.098955383871718608,1,bohr,hartree_per_elementary_charge
1.125,0.13,3.09375,,0.090992175923985757,1,bohr,hartree_per_elementary_charge
1.125,0.13,3.1875,,0.083428523046029365,1,bohr,hartree_per_elementary_charge
1.125,0.13,3.2812499999999991,,0.077605772501797787,1,bohr,hartree_per_elementary_charge
1.125,0.13,3.375,,0.071783021957566334,1,bohr,hartree_per_elementary_charge
1.125,0.13,3.46875,,0.06627449763011363,1,bohr,hartree_per_elementary_charge
1.125,0.13,3.5625,,0.062022867181972099,1,bohr,hartree_per_elementary_charge
1.125,0.13,3.65625,,0.057771236733830639,1,bohr,hartree_per_elementary_charge
1.125,0.13,3.75,,0.053753221798962858,1,bohr,hartree_per_elementary_charge
1.125,0.13,3.84375,,0.050596656954753162,1,bohr,hartree_per_elementary_charge
1.125,0.13,3.9375,,0.04744009211054339,1,bohr,hartree_per_elementary_charge
1.125,0.13,4.03125,,0.044455955497027203,1,bohr,hartree_per_elementary_charge
1.125,0.13,4.125,,0.042060098826434335,1,bohr,hartree_per_elementary_charge
1.125,0.13,4.21875,,0.039664242155841398,1,bohr,hartree_per_elementary_charge
1.125,0.13,4.3125,,0.037397222857991963,1,bohr,hartree_per_elementary_charge
1.125,0.13,4.40625,,0.03553818553056691,1,bohr,hartree_per_elementary_charge
1.125,0.13,4.5,,0.033679148203141808,1,bohr,hartree_per_elementary_charge
1.21875,0.13,-4.5,,-0.0048744331634989176,1,bohr,hartree_per_elementary_charge
1.21875,0.13,-4.40625,,-0.0048176826646253775,1,bohr,hartree_per_elementary_charge
1.21875,0.13,-4.3125,,-0.0047012062115922553,1,bohr,hartree_per_elementary_charge
1.21875,0.13,-4.21875,,-0.0045722067279849662,1,bohr,hartree_per_elementary_charge
1.21875,0.13,-4.125,,-0.0044432072443776763,1,bohr,hartree_per_elementary_charge
1.21875,0.13,-4.03125,,-0.0042166382564929761,1,bohr,hartree_per_elementary_charge
1.21875,0.13,-3.9375,,-0.0039714848420142291,1,bohr,hartree_per_elementary_charge
1.21875,0.13,-3.84375,,-0.0037263314275354808,1,bohr,hartree_per_elementary_charge
1.21875,0.13,-3.75,,-0.0033189919924762907,1,bohr,hartree_per_elementary_charge
1.21875,0.13,-3.65625,,-0.0028837772203001849,1,bohr,hartree_per_elementary_charge
1.21875,0.13,-3.5625,,-0.0024485624481240804,1,bohr,hartree_per_elementary_charge
1.21875,0.13,-3.46875,,-0.0017368548860622406,1,bohr,hartree_per_elementary_charge
1.21875,0.13,-3.375,,-0.00098261060361465357,1,bohr,hartree_per_elementary_charge
1.21875,0.13,-3.28125,,-0.00022836632116706677,1,bohr,hartree_per_elementary_charge
1.21875,0.13,-3.1875,,0.0010141063342647685,1,bohr,hartree_per_elementary_charge
1.21875,0.13,-3.09375,,0.0023231545117747801,1,bohr,hartree_per_elementary_charge
1.21875,0.13,-3,,0.0036322026892847917,1,bohr,hartree_per_elementary_charge
1.21875,0.13,-2.90625,,0.005842261012993742,1,bohr,hartree_per_elementary_charge
1.21875,0.13,-2.8125,,0.008159900728361931,1,bohr,hartree_per_elementary_charge
1.21875,0.13,-2.71875,,0.010477540443730109,1,bohr,hartree_per_elementary_charge
1.21875,0.13,-2.625,,0.014536129393221237,1,bohr,hartree_per_elementary_charge
1.21875,0.13,-2.53125,,0.018773930150350143,1,bohr,hartree_per_elementary_charge
1.21875,0.13,-2.4375,,0.023011730907479048,1,bohr,hartree_per_elementary_charge
1.21875,0.13,-2.34375,,0.03073526556926574,1,bohr,hartree_per_elementary_charge
1.21875,0.13,-2.25,,0.038761900667049681,1,bohr,hartree_per_elementary_charge
1.21875,0.13,-2.1562500000000004,,0.046788535764833564,1,bohr,hartree_per_elementary_charge
1.21875,0.13,-2.0625,,0.061898674030040915,1,bohr,hartree_per_elementary_charge
1.21875,0.13,-1.96875,,0.077514763365453043,1,bohr,hartree_per_elementary_charge
1.21875,0.13,-1.8750000000000004,,0.093130852700865088,1,bohr,hartree_per_elementary_charge
1.21875,0.13,-1.78125,,0.12301754468193854,1,bohr,hartree_per_elementary_charge
1.21875,0.13,-1.6875,,0.15370818815668658,1,bohr,hartree_per_elementary_charge
1.21875,0.13,-1.5937500000000004,,0.18439883163143472,1,bohr,hartree_per_elementary_charge
1.21875,0.13,-1.5,,0.24295924303366517,1,bohr,hartree_per_elementary_charge
1.21875,0.13,-1.40625,,0.30268084554650915,1,bohr,hartree_per_elementary_charge
1.21875,0.13,-1.3125000000000004,,0.36240244805935373,1,bohr,hartree_per_elementary_charge
1.21875,0.13,-1.21875,,0.47212653207458338,1,bohr,hartree_per_elementary_charge
1.21875,0.13,-1.125,,0.58322046185640364,1,bohr,hartree_per_elementary_charge
1.21875,0.13,-1.0312500000000004,,0.69431439163822506,1,bohr,hartree_per_elementary_charge
1.21875,0.13,-0.9375,,0.86292924469481846,1,bohr,hartree_per_elementary_charge
1.21875,0.13,-0.84375,,1.032321312859487,1,bohr,hartree_per_elementary_charge
1.21875,0.13,-0.75000000000000044,,1.2017131938997463,1,bohr,hartree_per_elementary_charge
1.21875,0.13,-0.65625,,1.2533767625790291,1,bohr,hartree_per_elementary_charge
1.21875,0.13,-0.5625,,1.3050403312583125,1,bohr,hartree_per_elementary_charge
1.21875,0.13,-0.46875,,1.3546719067272499,1,bohr,hartree_per_elementary_charge
1.21875,0.13,-0.375,,1.2539540045952384,1,bohr,hartree_per_elementary_charge
1.21875,0.13,-0.28125,,1.1532361024632252,1,bohr,hartree_per_elementary_charge
1.21875,0.13,-0.1875,,1.0529974771298947,1,bohr,hartree_per_elementary_charge
1.21875,0.13,-0.09375,,0.97025140088341977,1,bohr,hartree_per_elementary_charge
1.21875,0.13,0,,0.88750532463694487,1,bohr,hartree_per_elementary_charge
1.21875,0.13,0.09375,,0.80528961426878087,1,bohr,hartree_per_elementary_charge
1.21875,0.13,0.18749999999999911,,0.73580217077375143,1,bohr,hartree_per_elementary_charge
1.21875,0.13,0.28125,,0.66631472727872054,1,bohr,hartree_per_elementary_charge
1.21875,0.13,0.375,,0.59735622541882216,1,bohr,hartree_per_elementary_charge
1.21875,0.13,0.46874999999999911,,0.53778615147979192,1,bohr,hartree_per_elementary_charge
1.21875,0.13,0.5625,,0.47821607754076101,1,bohr,hartree_per_elementary_charge
1.21875,0.13,0.65625,,0.41981669935786564,1,bohr,hartree_per_elementary_charge
1.21875,0.13,0.74999999999999911,,0.37780665984357614,1,bohr,hartree_per_elementary_charge
1.21875,0.13,0.84375,,0.33579662032928598,1,bohr,hartree_per_elementary_charge
1.21875,0.13,0.9375,,0.29535747306457166,1,bohr,hartree_per_elementary_charge
1.21875,0.13,1.0312499999999991,,0.27298321526818781,1,bohr,hartree_per_elementary_charge
1.21875,0.13,1.125,,0.25060895747180367,1,bohr,hartree_per_elementary_charge
1.21875,0.13,1.21875,,0.22954117529826185,1,bohr,hartree_per_elementary_charge
1.21875,0.13,1.3124999999999991,,0.22116464557314491,1,bohr,hartree_per_elementary_charge
1.21875,0.13,1.40625,,0.21278811584802759,1,bohr,hartree_per_elementary_charge
1.21875,0.13,1.5,,0.20494434773585529,1,bohr,hartree_per_elementary_charge
1.21875,0.13,1.5937499999999991,,0.2015623884703891,1,bohr,hartree_per_elementary_charge
1.21875,0.13,1.6875,,0.1981804292049229,1,bohr,hartree_per_elementary_charge
1.21875,0.13,1.78125,,0.19457147123256707,1,bohr,hartree_per_elementary_charge
1.21875,0.13,1.8749999999999991,,0.18929787932792752,1,bohr,hartree_per_elementary_charge
1.21875,0.13,1.96875,,0.18402428742328791,1,bohr,hartree_per_elementary_charge
1.21875,0.13,2.0625,,0.17831510883300297,1,bohr,hartree_per_elementary_charge
1.21875,0.13,2.1562499999999991,,0.16977465261455491,1,bohr,hartree_per_elementary_charge
1.21875,0.13,2.25,,0.16123419639610695,1,bohr,hartree_per_elementary_charge
1.21875,0.13,2.34375,,0.15253802648618209,1,bohr,hartree_per_elementary_charge
1.21875,0.13,2.4374999999999991,,0.14293589650075339,1,bohr,hartree_per_elementary_charge
1.21875,0.13,2.53125,,0.13333376651532483,1,bohr,hartree_per_elementary_charge
1.21875,0.13,2.625,,0.12389713878152372,1,bohr,hartree_per_elementary_charge
1.21875,0.13,2.7187499999999991,,0.11532938857958899,1,bohr,hartree_per_elementary_charge
1.21875,0.13,2.8125,,0.10676163837765434,1,bohr,hartree_per_elementary_charge
1.21875,0.13,2.90625,,0.098501747402647416,1,bohr,hartree_per_elementary_charge
1.21875,0.13,2.9999999999999991,,0.091710093532406722,1,bohr,hartree_per_elementary_charge
1.21875,0.13,3.09375,,0.084918439662166209,1,bohr,hartree_per_elementary_charge
1.21875,0.13,3.1875,,0.078436047025232214,1,bohr,hartree_per_elementary_charge
1.21875,0.13,3.2812499999999991,,0.073301137234893496,1,bohr,hartree_per_elementary_charge
1.21875,0.13,3.375,,0.068166227444554861,1,bohr,hartree_per_elementary_charge
1.21875,0.13,3.46875,,0.063287812485336631,1,bohr,hartree_per_elementary_charge
1.21875,0.13,3.5625,,0.059435367881536506,1,bohr,hartree_per_elementary_charge
1.21875,0.13,3.65625,,0.055582923277736451,1,bohr,hartree_per_elementary_charge
1.21875,0.13,3.75,,0.05192911020703575,1,bohr,hartree_per_elementary_charge
1.21875,0.13,3.84375,,0.049007744865504139,1,bohr,hartree_per_elementary_charge
1.21875,0.13,3.9375,,0.046086379523972473,1,bohr,hartree_per_elementary_charge
1.21875,0.13,4.03125,,0.043316365087359365,1,bohr,hartree_per_elementary_charge
1.21875,0.13,4.125,,0.041062720280874397,1,bohr,hartree_per_elementary_charge
1.21875,0.13,4.21875,,0.038809075474389353,1,bohr,hartree_per_elementary_charge
1.21875,0.13,4.3125,,0.036671344865216435,1,bohr,hartree_per_elementary_charge
1.21875,0.13,4.40625,,0.034900673142859696,1,bohr,hartree_per_elementary_charge
1.21875,0.13,4.5,,0.03313000142050293,1,bohr,hartree_per_elementary_charge
1.3124999999999991,0.13,-4.5,,-0.0041235172338223011,1,bohr,hartree_per_elementary_charge
1.3124999999999991,0.13,-4.40625,,-0.0040229410495454575,1,bohr,hartree_per_elementary_charge
1.3124999999999991,0.13,-4.3125,,-0.0038529866722931058,1,bohr,hartree_per_elementary_charge
1.3124999999999991,0.13,-4.21875,,-0.0036684854327253976,1,bohr,hartree_per_elementary_charge
1.3124999999999991,0.13,-4.125,,-0.0034839841931576881,1,bohr,hartree_per_elementary_charge
1.3124999999999991,0.13,-4.03125,,-0.0031886390351549042,1,bohr,hartree_per_elementary_charge
1.3124999999999991,0.13,-3.9375,,-0.0028721810234914459,1,bohr,hartree_per_elementary_charge
1.3124999999999991,0.13,-3.84375,,-0.0025557230118279884,1,bohr,hartree_per_elementary_charge
1.3124999999999991,0.13,-3.75,,-0.0020584478736622716,1,bohr,hartree_per_elementary_charge
1.3124999999999991,0.13,-3.65625,,-0.0015300952212957382,1,bohr,hartree_per_elementary_charge
1.3124999999999991,0.13,-3.5625,,-0.0010017425689292083,1,bohr,hartree_per_elementary_charge
1.3124999999999991,0.13,-3.46875,,-0.00017012435239022541,1,bohr,hartree_per_elementary_charge
1.3124999999999991,0.13,-3.375,,0.00070814941169905867,1,bohr,hartree_per_elementary_charge
1.3124999999999991,0.13,-3.28125,,0.0015864231757883426,1,bohr,hartree_per_elementary_charge
1.3124999999999991,0.13,-3.1875,,0.0029925982594631974,1,bohr,hartree_per_elementary_charge
1.3124999999999991,0.13,-3.09375,,0.0044707587251885559,1,bohr,hartree_per_elementary_charge
1.3124999999999991,0.13,-3,,0.0059489191909139153,1,bohr,hartree_per_elementary_charge
1.3124999999999991,0.13,-2.90625,,0.0083898675941927701,1,bohr,hartree_per_elementary_charge
1.3124999999999991,0.13,-2.8125,,0.010945773710913251,1,bohr,hartree_per_elementary_charge
1.3124999999999991,0.13,-2.71875,,0.013501679827633718,1,bohr,hartree_per_elementary_charge
1.3124999999999991,0.13,-2.625,,0.017903839425876186,1,bohr,hartree_per_elementary_charge
1.3124999999999991,0.13,-2.53125,,0.022496050759859124,1,bohr,hartree_per_elementary_charge
1.3124999999999991,0.13,-2.4375,,0.027088262093842061,1,bohr,hartree_per_elementary_charge
1.3124999999999991,0.13,-2.34375,,0.035374191988113993,1,bohr,hartree_per_elementary_charge
1.3124999999999991,0.13,-2.25,,0.043981307531290086,1,bohr,hartree_per_elementary_charge
1.3124999999999991,0.13,-2.1562500000000004,,0.052588423074466137,1,bohr,hartree_per_elementary_charge
1.3124999999999991,0.13,-2.0625,,0.068771643012149802,1,bohr,hartree_per_elementary_charge
1.3124999999999991,0.13,-1.96875,,0.085495998887205937,1,bohr,hartree_per_elementary_charge
1.3124999999999991,0.13,-1.8750000000000004,,0.10222035476226196,1,bohr,hartree_per_elementary_charge
1.3124999999999991,0.13,-1.78125,,0.13460788048425579,1,bohr,hartree_per_elementary_charge
1.3124999999999991,0.13,-1.6875,,0.16787780964125465,1,bohr,hartree_per_elementary_charge
1.3124999999999991,0.13,-1.5937500000000004,,0.20114773879825371,1,bohr,hartree_per_elementary_charge
1.3124999999999991,0.13,-1.5,,0.2669295574721377,1,bohr,hartree_per_elementary_charge
1.3124999999999991,0.13,-1.40625,,0.3340659807912591,1,bohr,hartree_per_elementary_charge
1.3124999999999991,0.13,-1.3125000000000004,,0.40120240411038127,1,bohr,hartree_per_elementary_charge
1.3124999999999991,0.13,-1.21875,,0.53551185645041566,1,bohr,hartree_per_elementary_charge
1.3124999999999991,0.13,-1.125,,0.67166155124779647,1,bohr,hartree_per_elementary_charge
1.3124999999999991,0.13,-1.0312500000000004,,0.80781124604517873,1,bohr,hartree_per_elementary_charge
1.3124999999999991,0.13,-0.9375,,1.0487410553361234,1,bohr,hartree_per_elementary_charge
1.3124999999999991,0.13,-0.84375,,1.291086639676805,1,bohr,hartree_per_elementary_charge
1.3124999999999991,0.13,-0.75000000000000044,,1.5334319159067902,1,bohr,hartree_per_elementary_charge
1.3124999999999991,0.13,-0.65625,,1.5819310099847825,1,bohr,hartree_per_elementary_charge
1.3124999999999991,0.13,-0.5625,,1.6304301040627758,1,bohr,hartree_per_elementary_charge
1.3124999999999991,0.13,-0.46875,,1.675673444304173,1,bohr,hartree_per_elementary_charge
1.3124999999999991,0.13,-0.375,,1.4800198730612033,1,bohr,hartree_per_elementary_charge
1.3124999999999991,0.13,-0.28125,,1.2843663018182312,1,bohr,hartree_per_elementary_charge
1.3124999999999991,0.13,-0.1875,,1.0907918438812123,1,bohr,hartree_per_elementary_charge
1.3124999999999991,0.13,-0.09375,,0.9731004490541163,1,bohr,hartree_per_elementary_charge
1.3124999999999991,0.13,0,,0.85540905422701996,1,bohr,hartree_per_elementary_charge
1.3124999999999991,0.13,0.09375,,0.73949294422293599,1,bohr,hartree_per_elementary_charge
1.3124999999999991,0.13,0.18749999999999911,,0.6661819487769417,1,bohr,hartree_per_elementary_charge
1.3124999999999991,0.13,0.28125,,0.59287095333094575,1,bohr,hartree_per_elementary_charge
1.3124999999999991,0.13,0.375,,0.52063994180978024,1,bohr,hartree_per_elementary_charge
1.3124999999999991,0.13,0.46874999999999911,,0.46757806079475323,1,bohr,hartree_per_elementary_charge
1.3124999999999991,0.13,0.5625,,0.41451617977972571,1,bohr,hartree_per_elementary_charge
1.3124999999999991,0.13,0.65625,,0.36263224702467045,1,bohr,hartree_per_elementary_charge
1.3124999999999991,0.13,0.74999999999999911,,0.32723918550204334,1,bohr,hartree_per_elementary_charge
1.3124999999999991,0.13,0.84375,,0.29184612397941589,1,bohr,hartree_per_elementary_charge
1.3124999999999991,0.13,0.9375,,0.25776380036417212,1,bohr,hartree_per_elementary_charge
1.3124999999999991,0.13,1.0312499999999991,,0.2387546527896342,1,bohr,hartree_per_elementary_charge
1.3124999999999991,0.13,1.125,,0.21974550521509612,1,bohr,hartree_per_elementary_charge
1.3124999999999991,0.13,1.21875,,0.20179184525404453,1,bohr,hartree_per_elementary_charge
1.3124999999999991,0.13,1.3124999999999991,,0.19409131173847549,1,bohr,hartree_per_elementary_charge
1.3124999999999991,0.13,1.40625,,0.18639077822290617,1,bohr,hartree_per_elementary_charge
1.3124999999999991,0.13,1.5,,0.17914959844855441,1,bohr,hartree_per_elementary_charge
1.3124999999999991,0.13,1.5937499999999991,,0.17575544619370315,1,bohr,hartree_per_elementary_charge
1.3124999999999991,0.13,1.6875,,0.17236129393885172,1,bohr,hartree_per_elementary_charge
1.3124999999999991,0.13,1.78125,,0.16884356635499062,1,bohr,hartree_per_elementary_charge
1.3124999999999991,0.13,1.8749999999999991,,0.16441963234959783,1,bohr,hartree_per_elementary_charge
1.3124999999999991,0.13,1.96875,,0.15999569834420496,1,bohr,hartree_per_elementary_charge
1.3124999999999991,0.13,2.0625,,0.15525901727800742,1,bohr,hartree_per_elementary_charge
1.3124999999999991,0.13,2.1562499999999991,,0.14848950604112146,1,bohr,hartree_per_elementary_charge
1.3124999999999991,0.13,2.25,,0.14171999480423556,1,bohr,hartree_per_elementary_charge
1.3124999999999991,0.13,2.34375,,0.1348150743093762,1,bohr,hartree_per_elementary_charge
1.3124999999999991,0.13,2.4374999999999991,,0.12712232725659495,1,bohr,hartree_per_elementary_charge
1.3124999999999991,0.13,2.53125,,0.11942958020381378,1,bohr,hartree_per_elementary_charge
1.3124999999999991,0.13,2.625,,0.11183698097124758,1,bohr,hartree_per_elementary_charge
1.3124999999999991,0.13,2.7187499999999991,,0.10477015217379339,1,bohr,hartree_per_elementary_charge
1.3124999999999991,0.13,2.8125,,0.09770332337633926,1,bohr,hartree_per_elementary_charge
1.3124999999999991,0.13,2.90625,,0.090857690248232412,1,bohr,hartree_per_elementary_charge
1.3124999999999991,0.13,2.9999999999999991,,0.085066979827462683,1,bohr,hartree_per_elementary_charge
1.3124999999999991,0.13,3.09375,,0.079276269406693078,1,bohr,hartree_per_elementary_charge
1.3124999999999991,0.13,3.1875,,0.073723387891676498,1,bohr,hartree_per_elementary_charge
1.3124999999999991,0.13,3.2812499999999991,,0.069206751260961624,1,bohr,hartree_per_elementary_charge
1.3124999999999991,0.13,3.375,,0.06469011463024682,1,bohr,hartree_per_elementary_charge
1.3124999999999991,0.13,3.46875,,0.060380922595529747,1,bohr,hartree_per_elementary_charge
1.3124999999999991,0.13,3.5625,,0.056901501690919509,1,bohr,hartree_per_elementary_charge
1.3124999999999991,0.13,3.65625,,0.053422080786309348,1,bohr,hartree_per_elementary_charge
1.3124999999999991,0.13,3.75,,0.050110009504557393,1,bohr,hartree_per_elementary_charge
1.3124999999999991,0.13,3.84375,,0.047415034860621277,1,bohr,hartree_per_elementary_charge
1.3124999999999991,0.13,3.9375,,0.044720060216685099,1,bohr,hartree_per_elementary_charge
1.3124999999999991,0.13,4.03125,,0.042156859761219065,1,bohr,hartree_per_elementary_charge
1.3124999999999991,0.13,4.125,,0.040043238308913744,1,bohr,hartree_per_elementary_charge
1.3124999999999991,0.13,4.21875,,0.037929616856608353,1,bohr,hartree_per_elementary_charge
1.3124999999999991,0.13,4.3125,,0.035919559677448837,1,bohr,hartree_per_elementary_charge
1.3124999999999991,0.13,4.40625,,0.034237453583629514,1,bohr,hartree_per_elementary_charge
1.3124999999999991,0.13,4.5,,0.032555347489810156,1,bohr,hartree_per_elementary_charge
1.40625,0.13,-4.5,,-0.0033726013041456759,1,bohr,hartree_per_elementary_charge
1.40625,0.13,-4.40625,,-0.0032281994344655288,1,bohr,hartree_per_elementary_charge
1.40625,0.13,-4.3125,,-0.0030047671329939477,1,bohr,hartree_per_elementary_charge
1.40625,0.13,-4.21875,,-0.002764764137465819,1,bohr,hartree_per_elementary_charge
1.40625,0.13,-4.125,,-0.0025247611419376898,1,bohr,hartree_per_elementary_charge
1.40625,0.13,-4.03125,,-0.0021606398138168197,1,bohr,hartree_per_elementary_charge
1.40625,0.13,-3.9375,,-0.001772877204968651,1,bohr,hartree_per_elementary_charge
1.40625,0.13,-3.84375,,-0.0013851145961204835,1,bohr,hartree_per_elementary_charge
1.40625,0.13,-3.75,,-0.00079790375484823858,1,bohr,hartree_per_elementary_charge
1.40625,0.13,-3.65625,,-0.00017641322229127772,1,bohr,hartree_per_elementary_charge
1.40625,0.13,-3.5625,,0.00044507731026567968,1,bohr,hartree_per_elementary_charge
1.40625,0.13,-3.46875,,0.0013966061812818065,1,bohr,hartree_per_elementary_charge
1.40625,0.13,-3.375,,0.0023989094270127887,1,bohr,hartree_per_elementary_charge
1.40625,0.13,-3.28125,,0.0034012126727437711,1,bohr,hartree_per_elementary_charge
1.40625,0.13,-3.1875,,0.0049710901846616471,1,bohr,hartree_per_elementary_charge
1.40625,0.13,-3.09375,,0.0066183629386023547,1,bohr,hartree_per_elementary_charge
1.40625,0.13,-3,,0.0082656356925430614,1,bohr,hartree_per_elementary_charge
1.40625,0.13,-2.90625,,0.010937474175391825,1,bohr,hartree_per_elementary_charge
1.40625,0.13,-2.8125,,0.013731646693464598,1,bohr,hartree_per_elementary_charge
1.40625,0.13,-2.71875,,0.016525819211537358,1,bohr,hartree_per_elementary_charge
1.40625,0.13,-2.625,,0.021271549458531172,1,bohr,hartree_per_elementary_charge
1.40625,0.13,-2.53125,,0.026218171369368139,1,bohr,hartree_per_elementary_charge
1.40625,0.13,-2.4375,,0.031164793280205109,1,bohr,hartree_per_elementary_charge
1.40625,0.13,-2.34375,,0.040013118406962297,1,bohr,hartree_per_elementary_charge
1.40625,0.13,-2.25,,0.049200714395530545,1,bohr,hartree_per_elementary_charge
1.40625,0.13,-2.1562500000000004,,0.058388310384098752,1,bohr,hartree_per_elementary_charge
1.40625,0.13,-2.0625,,0.075644611994258787,1,bohr,hartree_per_elementary_charge
1.40625,0.13,-1.96875,,0.093477234408958901,1,bohr,hartree_per_elementary_charge
1.40625,0.13,-1.8750000000000004,,0.1113098568236589,1,bohr,hartree_per_elementary_charge
1.40625,0.13,-1.78125,,0.14619821628657312,1,bohr,hartree_per_elementary_charge
1.40625,0.13,-1.6875,,0.18204743112582292,1,bohr,hartree_per_elementary_charge
1.40625,0.13,-1.5937500000000004,,0.21789664596507288,1,bohr,hartree_per_elementary_charge
1.40625,0.13,-1.5,,0.29089987191061051,1,bohr,hartree_per_elementary_charge
1.40625,0.13,-1.40625,,0.36545111603600938,1,bohr,hartree_per_elementary_charge
1.40625,0.13,-1.3125000000000004,,0.44000236016140915,1,bohr,hartree_per_elementary_charge
1.40625,0.13,-1.21875,,0.59889718082624854,1,bohr,hartree_per_elementary_charge
1.40625,0.13,-1.125,,0.76010264063919031,1,bohr,hartree_per_elementary_charge
1.40625,0.13,-1.0312500000000004,,0.92130810045213396,1,bohr,hartree_per_elementary_charge
1.40625,0.13,-0.9375,,1.2345528659774301,1,bohr,hartree_per_elementary_charge
1.40625,0.13,-0.84375,,1.5498519664941255,1,bohr,hartree_per_elementary_charge
1.40625,0.13,-0.75000000000000044,,1.8651506379138372,1,bohr,hartree_per_elementary_charge
1.40625,0.13,-0.65625,,1.9104852573905395,1,bohr,hartree_per_elementary_charge
1.40625,0.13,-0.5625,,1.9558198768672419,1,bohr,hartree_per_elementary_charge
1.40625,0.13,-0.46875,,1.9966749818810992,1,bohr,hartree_per_elementary_charge
1.40625,0.13,-0.375,,1.7060857415271702,1,bohr,hartree_per_elementary_charge
1.40625,0.13,-0.28125,,1.4154965011732386,1,bohr,hartree_per_elementary_charge
1.40625,0.13,-0.1875,,1.1285862106325304,1,bohr,hartree_per_elementary_charge
1.40625,0.13,-0.09375,,0.97594949722481283,1,bohr,hartree_per_elementary_charge
1.40625,0.13,0,,0.82331278381709483,1,bohr,hartree_per_elementary_charge
1.40625,0.13,0.09375,,0.67369627417709055,1,bohr,hartree_per_elementary_charge
1.40625,0.13,0.18749999999999911,,0.59656172678013097,1,bohr,hartree_per_elementary_charge
1.40625,0.13,0.28125,,0.51942717938316973,1,bohr,hartree_per_elementary_charge
1.40625,0.13,0.375,,0.44392365820073737,1,bohr,hartree_per_elementary_charge
1.40625,0.13,0.46874999999999911,,0.39736997010971387,1,bohr,hartree_per_elementary_charge
1.40625,0.13,0.5625,,0.35081628201868964,1,bohr,hartree_per_elementary_charge
1.40625,0.13,0.65625,,0.30544779469147454,1,bohr,hartree_per_elementary_charge
1.40625,0.13,0.74999999999999911,,0.27667171116051015,1,bohr,hartree_per_elementary_charge
1.40625,0.13,0.84375,,0.24789562762954537,1,bohr,hartree_per_elementary_charge
1.40625,0.13,0.9375,,0.22017012766377206,1,bohr,hartree_per_elementary_charge
1.40625,0.13,1.0312499999999991,,0.20452609031108021,1,bohr,hartree_per_elementary_charge
1.40625,0.13,1.125,,0.18888205295838822,1,bohr,hartree_per_elementary_charge
1.40625,0.13,1.21875,,0.17404251520982691,1,bohr,hartree_per_elementary_charge
1.40625,0.13,1.3124999999999991,,0.16701797790380576,1,bohr,hartree_per_elementary_charge
1.40625,0.13,1.40625,,0.15999344059778439,1,bohr,hartree_per_elementary_charge
1.40625,0.13,1.5,,0.15335484916125336,1,bohr,hartree_per_elementary_charge
1.40625,0.13,1.5937499999999991,,0.14994850391701686,1,bohr,hartree_per_elementary_charge
1.40625,0.13,1.6875,,0.14654215867278031,1,bohr,hartree_per_elementary_charge
1.40625,0.13,1.78125,,0.14311566147741392,1,bohr,hartree_per_elementary_charge
1.40625,0.13,1.8749999999999991,,0.13954138537126787,1,bohr,hartree_per_elementary_charge
1.40625,0.13,1.96875,,0.13596710926512176,1,bohr,hartree_per_elementary_charge
1.40625,0.13,2.0625,,0.13220292572301165,1,bohr,hartree_per_elementary_charge
1.40625,0.13,2.1562499999999991,,0.12720435946768777,1,bohr,hartree_per_elementary_charge
1.40625,0.13,2.25,,0.12220579321236395,1,bohr,hartree_per_elementary_charge
1.40625,0.13,2.34375,,0.1170921221325701,1,bohr,hartree_per_elementary_charge
1.40625,0.13,2.4374999999999991,,0.11130875801243632,1,bohr,hartree_per_elementary_charge
1.40625,0.13,2.53125,,0.10552539389230259,1,bohr,hartree_per_elementary_charge
1.40625,0.13,2.625,,0.09977682316097132,1,bohr,hartree_per_elementary_charge
1.40625,0.13,2.7187499999999991,,0.094210915767997672,1,bohr,hartree_per_elementary_charge
1.40625,0.13,2.8125,,0.088645008375024065,1,bohr,hartree_per_elementary_charge
1.40625,0.13,2.90625,,0.083213633093817324,1,bohr,hartree_per_elementary_charge
1.40625,0.13,2.9999999999999991,,0.07842386612251856,1,bohr,hartree_per_elementary_charge
1.40625,0.13,3.09375,,0.073634099151219878,1,bohr,hartree_per_elementary_charge
1.40625,0.13,3.1875,,0.069010728758120726,1,bohr,hartree_per_elementary_charge
1.40625,0.13,3.2812499999999991,,0.065112365287029683,1,bohr,hartree_per_elementary_charge
1.40625,0.13,3.375,,0.061214001815938751,1,bohr,hartree_per_elementary_charge
1.40625,0.13,3.46875,,0.057474032705722829,1,bohr,hartree_per_elementary_charge
1.40625,0.13,3.5625,,0.054367635500302491,1,bohr,hartree_per_elementary_charge
1.40625,0.13,3.65625,,0.051261238294882217,1,bohr,hartree_per_elementary_charge
1.40625,0.13,3.75,,0.048290908802079036,1,bohr,hartree_per_elementary_charge
1.40625,0.13,3.84375,,0.045822324855738401,1,bohr,hartree_per_elementary_charge
1.40625,0.13,3.9375,,0.043353740909397719,1,bohr,hartree_per_elementary_charge
1.40625,0.13,4.03125,,0.040997354435078751,1,bohr,hartree_per_elementary_charge
1.40625,0.13,4.125,,0.039023756336953076,1,bohr,hartree_per_elementary_charge
1.40625,0.13,4.21875,,0.037050158238827346,1,bohr,hartree_per_elementary_charge
1.40625,0.13,4.3125,,0.035167774489681218,1,bohr,hartree_per_elementary_charge
1.40625,0.13,4.40625,,0.033574234024399324,1,bohr,hartree_per_elementary_charge
1.40625,0.13,4.5,,0.031980693559117382,1,bohr,hartree_per_elementary_charge
1.5,0.13,-4.5,,-0.0026617581350816813,1,bohr,hartree_per_elementary_charge
1.5,0.13,-4.40625,,-0.0024778471875392979,1,bohr,hartree_per_elementary_charge
1.5,0.13,-4.3125,,-0.0022068857112142637,1,bohr,hartree_per_elementary_charge
1.5,0.13,-4.21875,,-0.0019176719281863541,1,bohr,hartree_per_elementary_charge
1.5,0.13,-4.125,,-0.0016284581451584434,1,bohr,hartree_per_elementary_charge
1.5,0.13,-4.03125,,-0.0012044170649098548,1,bohr,hartree_per_elementary_charge
1.5,0.13,-3.9375,,-0.00075469492758683707,1,bohr,hartree_per_elementary_charge
1.5,0.13,-3.84375,,-0.00030497279026382078,1,bohr,hartree_per_elementary_charge
1.5,0.13,-3.75,,0.00035869687837024946,1,bohr,hartree_per_elementary_charge
1.5,0.13,-3.65625,,0.0010591382708513182,1,bohr,hartree_per_elementary_charge
1.5,0.13,-3.5625,,0.0017595796633323832,1,bohr,hartree_per_elementary_charge
1.5,0.13,-3.46875,,0.0028099804154922826,1,bohr,hartree_per_elementary_charge
1.5,0.13,-3.375,,0.0039142202693343113,1,bohr,hartree_per_elementary_charge
1.5,0.13,-3.28125,,0.0050184601231763395,1,bohr,hartree_per_elementary_charge
1.5,0.13,-3.1875,,0.0067181303552984401,1,bohr,hartree_per_elementary_charge
1.5,0.13,-3.09375,,0.0084989943288921749,1,bohr,hartree_per_elementary_charge
1.5,0.13,-3,,0.010279858302485911,1,bohr,hartree_per_elementary_charge
1.5,0.13,-2.90625,,0.013125479447959297,1,bohr,hartree_per_elementary_charge
1.5,0.13,-2.8125,,0.016098233521750095,1,bohr,hartree_per_elementary_charge
1.5,0.13,-2.71875,,0.019070987595540875,1,bohr,hartree_per_elementary_charge
1.5,0.13,-2.625,,0.024057814515598033,1,bohr,hartree_per_elementary_charge
1.5,0.13,-2.53125,,0.029251968351580688,1,bohr,hartree_per_elementary_charge
1.5,0.13,-2.4375,,0.034446122187563342,1,bohr,hartree_per_elementary_charge
1.5,0.13,-2.34375,,0.043656493657622412,1,bohr,hartree_per_elementary_charge
1.5,0.13,-2.25,,0.053216093539615553,1,bohr,hartree_per_elementary_charge
1.5,0.13,-2.1562500000000004,,0.062775693421608658,1,bohr,hartree_per_elementary_charge
1.5,0.13,-2.0625,,0.080673204774972279,1,bohr,hartree_per_elementary_charge
1.5,0.13,-1.96875,,0.099166265411297111,1,bohr,hartree_per_elementary_charge
1.5,0.13,-1.8750000000000004,,0.11765932604762185,1,bohr,hartree_per_elementary_charge
1.5,0.13,-1.78125,,0.15402850078540353,1,bohr,hartree_per_elementary_charge
1.5,0.13,-1.6875,,0.19140474782348027,1,bohr,hartree_per_elementary_charge
1.5,0.13,-1.5937500000000004,,0.22878099486155729,1,bohr,hartree_per_elementary_charge
1.5,0.13,-1.5,,0.30648341503200899,1,bohr,hartree_per_elementary_charge
1.5,0.13,-1.40625,,0.38586602119784547,1,bohr,hartree_per_elementary_charge
1.5,0.13,-1.3125000000000004,,0.46524862736368278,1,bohr,hartree_per_elementary_charge
1.5,0.13,-1.21875,,0.64498911605063436,1,bohr,hartree_per_elementary_charge
1.5,0.13,-1.125,,0.82747896469703119,1,bohr,hartree_per_elementary_charge
1.5,0.13,-1.0312500000000004,,1.0099688133434299,1,bohr,hartree_per_elementary_charge
1.5,0.13,-0.9375,,1.4926909739528782,1,bohr,hartree_per_elementary_charge
1.5,0.13,-0.84375,,1.9794698338554779,1,bohr,hartree_per_elementary_charge
1.5,0.13,-0.75000000000000044,,2.4662480676483001,1,bohr,hartree_per_elementary_charge
1.5,0.13,-0.65625,,2.5591127136020408,1,bohr,hartree_per_elementary_charge
1.5,0.13,-0.5625,,2.6519773595557834,1,bohr,hartree_per_elementary_charge
1.5,0.13,-0.46875,,2.7366637518876558,1,bohr,hartree_per_elementary_charge
1.5,0.13,-0.375,,2.2162319019558407,1,bohr,hartree_per_elementary_charge
1.5,0.13,-0.28125,,1.6958000520240202,1,bohr,hartree_per_elementary_charge
1.5,0.13,-0.1875,,1.1844104323593223,1,bohr,hartree_per_elementary_charge
1.5,0.13,-0.09375,,1.0030423310265402,1,bohr,hartree_per_elementary_charge
1.5,0.13,0,,0.82167422969375836,1,bohr,hartree_per_elementary_charge
1.5,0.13,0.09375,,0.64431701163082544,1,bohr,hartree_per_elementary_charge
1.5,0.13,0.18749999999999911,,0.56321710336740738,1,bohr,hartree_per_elementary_charge
1.5,0.13,0.28125,,0.48211719510398771,1,bohr,hartree_per_elementary_charge
1.5,0.13,0.375,,0.40299810628664695,1,bohr,hartree_per_elementary_charge
1.5,0.13,0.46874999999999911,,0.3590374912187812,1,bohr,hartree_per_elementary_charge
1.5,0.13,0.5625,,0.31507687615091495,1,bohr,hartree_per_elementary_charge
1.5,0.13,0.65625,,0.27234449640887204,1,bohr,hartree_per_elementary_charge
1.5,0.13,0.74999999999999911,,0.24680698955687405,1,bohr,hartree_per_elementary_charge
1.5,0.13,0.84375,,0.22126948270487573,1,bohr,hartree_per_elementary_charge
1.5,0.13,0.9375,,0.19667134621099366,1,bohr,hartree_per_elementary_charge
1.5,0.13,1.0312499999999991,,0.18287574674266449,1,bohr,hartree_per_elementary_charge
1.5,0.13,1.125,,0.1690801472743351,1,bohr,hartree_per_elementary_charge
1.5,0.13,1.21875,,0.15596483047787429,1,bohr,hartree_per_elementary_charge
1.5,0.13,1.3124999999999991,,0.14945785674884032,1,bohr,hartree_per_elementary_charge
1.5,0.13,1.40625,,0.14295088301980607,1,bohr,hartree_per_elementary_charge
1.5,0.13,1.5,,0.13678577801627756,1,bohr,hartree_per_elementary_charge
1.5,0.13,1.5937499999999991,,0.13348377888751717,1,bohr,hartree_per_elementary_charge
1.5,0.13,1.6875,,0.13018177975875664,1,bohr,hartree_per_elementary_charge
1.5,0.13,1.78125,,0.12690401566076068,1,bohr,hartree_per_elementary_charge
1.5,0.13,1.8749999999999991,,0.12380397263929992,1,bohr,hartree_per_elementary_charge
1.5,0.13,1.96875,,0.12070392961783909,1,bohr,hartree_per_elementary_charge
1.5,0.13,2.0625,,0.11747742065352493,1,bohr,hartree_per_elementary_charge
1.5,0.13,2.1562499999999991,,0.1134288934629312,1,bohr,hartree_per_elementary_charge
1.5,0.13,2.25,,0.10938036627233751,1,bohr,hartree_per_elementary_charge
1.5,0.13,2.34375,,0.10523683006737725,1,bohr,hartree_per_elementary_charge
1.5,0.13,2.4374999999999991,,0.100540520544845,1,bohr,hartree_per_elementary_charge
1.5,0.13,2.53125,,0.095844211022312775,1,bohr,hartree_per_elementary_charge
1.5,0.13,2.625,,0.091157219864277383,1,bohr,hartree_per_elementary_charge
1.5,0.13,2.7187499999999991,,0.086519149596837014,1,bohr,hartree_per_elementary_charge
1.5,0.13,2.8125,,0.0818810793293967,1,bohr,hartree_per_elementary_charge
1.5,0.13,2.90625,,0.077333803212572536,1,bohr,hartree_per_elementary_charge
1.5,0.13,2.9999999999999991,,0.073219541048783657,1,bohr,hartree_per_elementary_charge
1.5,0.13,3.09375,,0.069105278884994875,1,bohr,hartree_per_elementary_charge
1.5,0.13,3.1875,,0.065116088771441857,1,bohr,hartree_per_elementary_charge
1.5,0.13,3.2812499999999991,,0.061671850381968034,1,bohr,hartree_per_elementary_charge
1.5,0.13,3.375,,0.058227611992494273,1,bohr,hartree_per_elementary_charge
1.5,0.13,3.46875,,0.054910104658587471,1,bohr,hartree_per_elementary_charge
1.5,0.13,3.5625,,0.052099517115440558,1,bohr,hartree_per_elementary_charge
1.5,0.13,3.65625,,0.049288929572293722,1,bohr,hartree_per_elementary_charge
1.5,0.13,3.75,,0.04659222219372966,1,bohr,hartree_per_elementary_charge
1.5,0.13,3.84375,,0.04431544445395242,1,bohr,hartree_per_elementary_charge
1.5,0.13,3.9375,,0.042038666714175138,1,bohr,hartree_per_elementary_charge
1.5,0.13,4.03125,,0.039859038833569511,1,bohr,hartree_per_elementary_charge
1.5,0.13,4.125,,0.038010860816936921,1,bohr,hartree_per_elementary_charge
1.5,0.13,4.21875,,0.036162682800304304,1,bohr,hartree_per_elementary_charge
1.5,0.13,4.3125,,0.034395568927124247,1,bohr,hartree_per_elementary_charge
1.5,0.13,4.40625,,0.032885156260063761,1,bohr,hartree_per_elementary_charge
1.5,0.13,4.5,,0.031374743593003254,1,bohr,hartree_per_elementary_charge
1.5937499999999991,0.13,-4.5,,-0.0019645110181613148,1,bohr,hartree_per_elementary_charge
1.5937499999999991,0.13,-4.40625,,-0.0017425555492363261,1,bohr,hartree_per_elementary_charge
1.5937499999999991,0.13,-4.3125,,-0.0014260832143737101,1,bohr,hartree_per_elementary_charge
1.5937499999999991,0.13,-4.21875,,-0.0010897930696733673,1,bohr,hartree_per_elementary_charge
1.5937499999999991,0.13,-4.125,,-0.0007535029249730236,1,bohr,hartree_per_elementary_charge
1.5937499999999991,0.13,-4.03125,,-0.00027254693476286247,1,bohr,hartree_per_elementary_charge
1.5937499999999991,0.13,-3.9375,,0.00023596409742946699,1,bohr,hartree_per_elementary_charge
1.5937499999999991,0.13,-3.84375,,0.00074447512962179494,1,bohr,hartree_per_elementary_charge
1.5937499999999991,0.13,-3.75,,0.0014800311354134512,1,bohr,hartree_per_elementary_charge
1.5937499999999991,0.13,-3.65625,,0.0022546099568407098,1,bohr,hartree_per_elementary_charge
1.5937499999999991,0.13,-3.5625,,0.0030291887782679643,1,bohr,hartree_per_elementary_charge
1.5937499999999991,0.13,-3.46875,,0.0041713232894431554,1,bohr,hartree_per_elementary_charge
1.5937499999999991,0.13,-3.375,,0.0053700039897882686,1,bohr,hartree_per_elementary_charge
1.5937499999999991,0.13,-3.28125,,0.006568684690133381,1,bohr,hartree_per_elementary_charge
1.5937499999999991,0.13,-3.1875,,0.0083866426163117132,1,bohr,hartree_per_elementary_charge
1.5937499999999991,0.13,-3.09375,,0.010289046074340159,1,bohr,hartree_per_elementary_charge
1.5937499999999991,0.13,-3,,0.012191449532368602,1,bohr,hartree_per_elementary_charge
1.5937499999999991,0.13,-2.90625,,0.015191477699589725,1,bohr,hartree_per_elementary_charge
1.5937499999999991,0.13,-2.8125,,0.018322563207544107,1,bohr,hartree_per_elementary_charge
1.5937499999999991,0.13,-2.71875,,0.021453648715498472,1,bohr,hartree_per_elementary_charge
1.5937499999999991,0.13,-2.625,,0.026646804513849702,1,bohr,hartree_per_elementary_charge
1.5937499999999991,0.13,-2.53125,,0.032052228043490838,1,bohr,hartree_per_elementary_charge
1.5937499999999991,0.13,-2.4375,,0.037457651573131981,1,bohr,hartree_per_elementary_charge
1.5937499999999991,0.13,-2.34375,,0.046962094185817704,1,bohr,hartree_per_elementary_charge
1.5937499999999991,0.13,-2.25,,0.056822965173478263,1,bohr,hartree_per_elementary_charge
1.5937499999999991,0.13,-2.1562500000000004,,0.066683836161138779,1,bohr,hartree_per_elementary_charge
1.5937499999999991,0.13,-2.0625,,0.08507602996135824,1,bohr,hartree_per_elementary_charge
1.5937499999999991,0.13,-1.96875,,0.10407758777331805,1,bohr,hartree_per_elementary_charge
1.5937499999999991,0.13,-1.8750000000000004,,0.12307914558527776,1,bohr,hartree_per_elementary_charge
1.5937499999999991,0.13,-1.78125,,0.16058305950933466,1,bohr,hartree_per_elementary_charge
1.5937499999999991,0.13,-1.6875,,0.19912932582748208,1,bohr,hartree_per_elementary_charge
1.5937499999999991,0.13,-1.5937500000000004,,0.23767559214562967,1,bohr,hartree_per_elementary_charge
1.5937499999999991,0.13,-1.5,,0.31922145965516752,1,bohr,hartree_per_elementary_charge
1.5937499999999991,0.13,-1.40625,,0.40255890127444649,1,bohr,hartree_per_elementary_charge
1.5937499999999991,0.13,-1.3125000000000004,,0.48589634289372635,1,bohr,hartree_per_elementary_charge
1.5937499999999991,0.13,-1.21875,,0.68521367859970395,1,bohr,hartree_per_elementary_charge
1.5937499999999991,0.13,-1.125,,0.88770834795294762,1,bohr,hartree_per_elementary_charge
1.5937499999999991,0.13,-1.0312500000000004,,1.0902030173061932,1,bohr,hartree_per_elementary_charge
1.5937499999999991,0.13,-0.9375,,1.7753682475579575,1,bohr,hartree_per_elementary_charge
1.5937499999999991,0.13,-0.84375,,2.4670552585948062,1,bohr,hartree_per_elementary_charge
1.5937499999999991,0.13,-0.75000000000000044,,3.1587414207144975,1,bohr,hartree_per_elementary_charge
1.5937499999999991,0.13,-0.65625,,3.3163359333738667,1,bohr,hartree_per_elementary_charge
1.5937499999999991,0.13,-0.5625,,3.4739304460332372,1,bohr,hartree_per_elementary_charge
1.5937499999999991,0.13,-0.46875,,3.6188082449473633,1,bohr,hartree_per_elementary_charge
1.5937499999999991,0.13,-0.375,,2.8227620000881277,1,bohr,hartree_per_elementary_charge
1.5937499999999991,0.13,-0.28125,,2.0267157552288837,1,bohr,hartree_per_elementary_charge
1.5937499999999991,0.13,-0.1875,,1.2463518979355721,1,bohr,hartree_per_elementary_charge
1.5937499999999991,0.13,-0.09375,,1.038360696799588,1,bohr,hartree_per_elementary_charge
1.5937499999999991,0.13,0,,0.83036949566360396,1,bohr,hartree_per_elementary_charge
1.5937499999999991,0.13,0.09375,,0.6272935978888412,1,bohr,hartree_per_elementary_charge
1.5937499999999991,0.13,0.18749999999999911,,0.54218021524295024,1,bohr,hartree_per_elementary_charge
1.5937499999999991,0.13,0.28125,,0.45706683259705749,1,bohr,hartree_per_elementary_charge
1.5937499999999991,0.13,0.375,,0.37421578201506528,1,bohr,hartree_per_elementary_charge
1.5937499999999991,0.13,0.46874999999999911,,0.33151990187967828,1,bohr,hartree_per_elementary_charge
1.5937499999999991,0.13,0.5625,,0.28882402174429073,1,bohr,hartree_per_elementary_charge
1.5937499999999991,0.13,0.65625,,0.24741155178159652,1,bohr,hartree_per_elementary_charge
1.5937499999999991,0.13,0.74999999999999911,,0.22396638362277912,1,bohr,hartree_per_elementary_charge
1.5937499999999991,0.13,0.84375,,0.20052121546396154,1,bohr,hartree_per_elementary_charge
1.5937499999999991,0.13,0.9375,,0.17795473782120452,1,bohr,hartree_per_elementary_charge
1.5937499999999991,0.13,1.0312499999999991,,0.16549299336673035,1,bohr,hartree_per_elementary_charge
1.5937499999999991,0.13,1.125,,0.15303124891225606,1,bohr,hartree_per_elementary_charge
1.5937499999999991,0.13,1.21875,,0.14116858161332538,1,bohr,hartree_per_elementary_charge
1.5937499999999991,0.13,1.3124999999999991,,0.13512541778170631,1,bohr,hartree_per_elementary_charge
1.5937499999999991,0.13,1.40625,,0.12908225395008699,1,bohr,hartree_per_elementary_charge
1.5937499999999991,0.13,1.5,,0.12334683315074232,1,bohr,hartree_per_elementary_charge
1.5937499999999991,0.13,1.5937499999999991,,0.1201887200074904,1,bohr,hartree_per_elementary_charge
1.5937499999999991,0.13,1.6875,,0.11703060686423837,1,bohr,hartree_per_elementary_charge
1.5937499999999991,0.13,1.78125,,0.11392108562077263,1,bohr,hartree_per_elementary_charge
1.5937499999999991,0.13,1.8749999999999991,,0.11116789999845032,1,bohr,hartree_per_elementary_charge
1.5937499999999991,0.13,1.96875,,0.10841471437612794,1,bohr,hartree_per_elementary_charge
1.5937499999999991,0.13,2.0625,,0.10557835145998909,1,bohr,hartree_per_elementary_charge
1.5937499999999991,0.13,2.1562499999999991,,0.10220134297566692,1,bohr,hartree_per_elementary_charge
1.5937499999999991,0.13,2.25,,0.098824334491344784,1,bohr,hartree_per_elementary_charge
1.5937499999999991,0.13,2.34375,,0.09537234202014859,1,bohr,hartree_per_elementary_charge
1.5937499999999991,0.13,2.4374999999999991,,0.091484084132818042,1,bohr,hartree_per_elementary_charge
1.5937499999999991,0.13,2.53125,,0.087595826245487549,1,bohr,hartree_per_elementary_charge
1.5937499999999991,0.13,2.625,,0.083704942148713893,1,bohr,hartree_per_elementary_charge
1.5937499999999991,0.13,2.7187499999999991,,0.079800270599765757,1,bohr,hartree_per_elementary_charge
1.5937499999999991,0.13,2.8125,,0.075895599050817691,1,bohr,hartree_per_elementary_charge
1.5937499999999991,0.13,2.90625,,0.072052547665426972,1,bohr,hartree_per_elementary_charge
1.5937499999999991,0.13,2.9999999999999991,,0.068503374139210912,1,bohr,hartree_per_elementary_charge
1.5937499999999991,0.13,3.09375,,0.064954200612994922,1,bohr,hartree_per_elementary_charge
1.5937499999999991,0.13,3.1875,,0.061498989707958467,1,bohr,hartree_per_elementary_charge
1.5937499999999991,0.13,3.2812499999999991,,0.058453183560533632,1,bohr,hartree_per_elementary_charge
1.5937499999999991,0.13,3.375,,0.055407377413108881,1,bohr,hartree_per_elementary_charge
1.5937499999999991,0.13,3.46875,,0.052462538125481843,1,bohr,hartree_per_elementary_charge
1.5937499999999991,0.13,3.5625,,0.049921562746455345,1,bohr,hartree_per_elementary_charge
1.5937499999999991,0.13,3.65625,,0.047380587367428895,1,bohr,hartree_per_elementary_charge
1.5937499999999991,0.13,3.75,,0.044934390177816086,1,bohr,hartree_per_elementary_charge
1.5937499999999991,0.13,3.84375,,0.0428376846752863,1,bohr,hartree_per_elementary_charge
1.5937499999999991,0.13,3.9375,,0.040740979172756479,1,bohr,hartree_per_elementary_charge
1.5937499999999991,0.13,4.03125,,0.038727912569570026,1,bohr,hartree_per_elementary_charge
1.5937499999999991,0.13,4.125,,0.037000199975608002,1,bohr,hartree_per_elementary_charge
1.5937499999999991,0.13,4.21875,,0.035272487381645928,1,bohr,hartree_per_elementary_charge
1.5937499999999991,0.13,4.3125,,0.033616435055257299,1,bohr,hartree_per_elementary_charge
1.5937499999999991,0.13,4.40625,,0.032187305216833072,1,bohr,hartree_per_elementary_charge
1.5937499999999991,0.13,4.5,,0.030758175378408817,1,bohr,hartree_per_elementary_charge
1.6875,0.13,-4.5,,-0.0012672639012409411,1,bohr,hartree_per_elementary_charge
1.6875,0.13,-4.40625,,-0.0010072639109333465,1,bohr,hartree_per_elementary_charge
1.6875,0.13,-4.3125,,-0.00064528071753314794,1,bohr,hartree_per_elementary_charge
1.6875,0.13,-4.21875,,-0.00026191421116037166,1,bohr,hartree_per_elementary_charge
1.6875,0.13,-4.125,,0.00012145229521240579,1,bohr,hartree_per_elementary_charge
1.6875,0.13,-4.03125,,0.00065932319538413949,1,bohr,hartree_per_elementary_charge
1.6875,0.13,-3.9375,,0.0012266231224457814,1,bohr,hartree_per_elementary_charge
1.6875,0.13,-3.84375,,0.0017939230495074218,1,bohr,hartree_per_elementary_charge
1.6875,0.13,-3.75,,0.0026013653924566648,1,bohr,hartree_per_elementary_charge
1.6875,0.13,-3.65625,,0.0034500816428301145,1,bohr,hartree_per_elementary_charge
1.6875,0.13,-3.5625,,0.0042987978932035598,1,bohr,hartree_per_elementary_charge
1.6875,0.13,-3.46875,,0.0055326661633940425,1,bohr,hartree_per_elementary_charge
1.6875,0.13,-3.375,,0.0068257877102422416,1,bohr,hartree_per_elementary_charge
1.6875,0.13,-3.28125,,0.0081189092570904398,1,bohr,hartree_per_elementary_charge
1.6875,0.13,-3.1875,,0.010055154877325004,1,bohr,hartree_per_elementary_charge
1.6875,0.13,-3.09375,,0.01207909781978816,1,bohr,hartree_per_elementary_charge
1.6875,0.13,-3,,0.014103040762251315,1,bohr,hartree_per_elementary_charge
1.6875,0.13,-2.90625,,0.01725747595122018,1,bohr,hartree_per_elementary_charge
1.6875,0.13,-2.8125,,0.020546892893338151,1,bohr,hartree_per_elementary_charge
1.6875,0.13,-2.71875,,0.0238363098354561,1,bohr,hartree_per_elementary_charge
1.6875,0.13,-2.625,,0.029235794512101402,1,bohr,hartree_per_elementary_charge
1.6875,0.13,-2.53125,,0.034852487735401019,1,bohr,hartree_per_elementary_charge
1.6875,0.13,-2.4375,,0.040469180958700633,1,bohr,hartree_per_elementary_charge
1.6875,0.13,-2.34375,,0.050267694714013031,1,bohr,hartree_per_elementary_charge
1.6875,0.13,-2.25,,0.060429836807341014,1,bohr,hartree_per_elementary_charge
1.6875,0.13,-2.1562500000000004,,0.070591978900668942,1,bohr,hartree_per_elementary_charge
1.6875,0.13,-2.0625,,0.089478855147744257,1,bohr,hartree_per_elementary_charge
1.6875,0.13,-1.96875,,0.10898891013533904,1,bohr,hartree_per_elementary_charge
1.6875,0.13,-1.8750000000000004,,0.12849896512293371,1,bohr,hartree_per_elementary_charge
1.6875,0.13,-1.78125,,0.16713761823326584,1,bohr,hartree_per_elementary_charge
1.6875,0.13,-1.6875,,0.20685390383148392,1,bohr,hartree_per_elementary_charge
1.6875,0.13,-1.5937500000000004,,0.24657018942970221,1,bohr,hartree_per_elementary_charge
1.6875,0.13,-1.5,,0.33195950427832616,1,bohr,hartree_per_elementary_charge
1.6875,0.13,-1.40625,,0.41925178135104763,1,bohr,hartree_per_elementary_charge
1.6875,0.13,-1.3125000000000004,,0.50654405842377015,1,bohr,hartree_per_elementary_charge
1.6875,0.13,-1.21875,,0.7254382411487742,1,bohr,hartree_per_elementary_charge
1.6875,0.13,-1.125,,0.94793773120886471,1,bohr,hartree_per_elementary_charge
1.6875,0.13,-1.0312500000000004,,1.1704372212689576,1,bohr,hartree_per_elementary_charge
1.6875,0.13,-0.9375,,2.0580455211630393,1,bohr,hartree_per_elementary_charge
1.6875,0.13,-0.84375,,2.9546406833341399,1,bohr,hartree_per_elementary_charge
1.6875,0.13,-0.75000000000000044,,3.8512347737807016,1,bohr,hartree_per_elementary_charge
1.6875,0.13,-0.65625,,4.0735591531457001,1,bohr,hartree_per_elementary_charge
1.6875,0.13,-0.5625,,4.2958835325107003,1,bohr,hartree_per_elementary_charge
1.6875,0.13,-0.46875,,4.5009527380070802,1,bohr,hartree_per_elementary_charge
1.6875,0.13,-0.375,,3.4292920982204218,1,bohr,hartree_per_elementary_charge
1.6875,0.13,-0.28125,,2.357631458433751,1,bohr,hartree_per_elementary_charge
1.6875,0.13,-0.1875,,1.308293363511823,1,bohr,hartree_per_elementary_charge
1.6875,0.13,-0.09375,,1.0736790625726362,1,bohr,hartree_per_elementary_charge
1.6875,0.13,0,,0.83906476163344967,1,bohr,hartree_per_elementary_charge
1.6875,0.13,0.09375,,0.61027018414685685,1,bohr,hartree_per_elementary_charge
1.6875,0.13,0.18749999999999911,,0.52114332711849276,1,bohr,hartree_per_elementary_charge
1.6875,0.13,0.28125,,0.43201647009012684,1,bohr,hartree_per_elementary_charge
1.6875,0.13,0.375,,0.34543345774348339,1,bohr,hartree_per_elementary_charge
1.6875,0.13,0.46874999999999911,,0.30400231254057503,1,bohr,hartree_per_elementary_charge
1.6875,0.13,0.5625,,0.26257116733766622,1,bohr,hartree_per_elementary_charge
1.6875,0.13,0.65625,,0.22247860715432066,1,bohr,hartree_per_elementary_charge
1.6875,0.13,0.74999999999999911,,0.20112577768868403,1,bohr,hartree_per_elementary_charge
1.6875,0.13,0.84375,,0.17977294822304712,1,bohr,hartree_per_elementary_charge
1.6875,0.13,0.9375,,0.15923812943141519,1,bohr,hartree_per_elementary_charge
1.6875,0.13,1.0312499999999991,,0.14811023999079603,1,bohr,hartree_per_elementary_charge
1.6875,0.13,1.125,,0.13698235055017677,1,bohr,hartree_per_elementary_charge
1.6875,0.13,1.21875,,0.12637233274877632,1,bohr,hartree_per_elementary_charge
1.6875,0.13,1.3124999999999991,,0.12079297881457214,1,bohr,hartree_per_elementary_charge
1.6875,0.13,1.40625,,0.11521362488036778,1,bohr,hartree_per_elementary_charge
1.6875,0.13,1.5,,0.10990788828520698,1,bohr,hartree_per_elementary_charge
1.6875,0.13,1.5937499999999991,,0.10689366112746351,1,bohr,hartree_per_elementary_charge
1.6875,0.13,1.6875,,0.10387943396971996,1,bohr,hartree_per_elementary_charge
1.6875,0.13,1.78125,,0.10093815558078444,1,bohr,hartree_per_elementary_charge
1.6875,0.13,1.8749999999999991,,0.09853182735760059,1,bohr,hartree_per_elementary_charge
1.6875,0.13,1.96875,,0.096125499134416675,1,bohr,hartree_per_elementary_charge
1.6875,0.13,2.0625,,0.093679282266453126,1,bohr,hartree_per_elementary_charge
1.6875,0.13,2.1562499999999991,,0.090973792488402525,1,bohr,hartree_per_elementary_charge
1.6875,0.13,2.25,,0.088268302710351965,1,bohr,hartree_per_elementary_charge
1.6875,0.13,2.34375,,0.085507853972919864,1,bohr,hartree_per_elementary_charge
1.6875,0.13,2.4374999999999991,,0.082427647720791017,1,bohr,hartree_per_elementary_charge
1.6875,0.13,2.53125,,0.079347441468662225,1,bohr,hartree_per_elementary_charge
1.6875,0.13,2.625,,0.076252664433150305,1,bohr,hartree_per_elementary_charge
1.6875,0.13,2.7187499999999991,,0.073081391602694432,1,bohr,hartree_per_elementary_charge
1.6875,0.13,2.8125,,0.0699101187722386,1,bohr,hartree_per_elementary_charge
1.6875,0.13,2.90625,,0.066771292118281353,1,bohr,hartree_per_elementary_charge
1.6875,0.13,2.9999999999999991,,0.063787207229638113,1,bohr,hartree_per_elementary_charge
1.6875,0.13,3.09375,,0.060803122340994935,1,bohr,hartree_per_elementary_charge
1.6875,0.13,3.1875,,0.057881890644475006,1,bohr,hartree_per_elementary_charge
1.6875,0.13,3.2812499999999991,,0.055234516739099203,1,bohr,hartree_per_elementary_charge
1.6875,0.13,3.375,,0.052587142833723448,1,bohr,hartree_per_elementary_charge
1.6875,0.13,3.46875,,0.050014971592376181,1,bohr,hartree_per_elementary_charge
1.6875,0.13,3.5625,,0.047743608377470097,1,bohr,hartree_per_elementary_charge
1.6875,0.13,3.65625,,0.045472245162564047,1,bohr,hartree_per_elementary_charge
1.6875,0.13,3.75,,0.04327655816190247,1,bohr,hartree_per_elementary_charge
1.6875,0.13,3.84375,,0.041359924896620159,1,bohr,hartree_per_elementary_charge
1.6875,0.13,3.9375,,0.039443291631337807,1,bohr,hartree_per_elementary_charge
1.6875,0.13,4.03125,,0.037596786305570555,1,bohr,hartree_per_elementary_charge
1.6875,0.13,4.125,,0.035989539134279068,1,bohr,hartree_per_elementary_charge
1.6875,0.13,4.21875,,0.034382291962987546,1,bohr,hartree_per_elementary_charge
1.6875,0.13,4.3125,,0.032837301183390358,1,bohr,hartree_per_elementary_charge
1.6875,0.13,4.40625,,0.031489454173602383,1,bohr,hartree_per_elementary_charge
1.6875,0.13,4.5,,0.030141607163814366,1,bohr,hartree_per_elementary_charge
1.78125,0.13,-4.5,,-0.0006239773628645141,1,bohr,hartree_per_elementary_charge
1.78125,0.13,-4.40625,,-0.00033136438541337407,1,bohr,hartree_per_elementary_charge
1.78125,0.13,-4.3125,,6.8738657762151012e-05,1,bohr,hartree_per_elementary_charge
1.78125,0.13,-4.21875,,0.00049137966451527041,1,bohr,hartree_per_elementary_charge
1.78125,0.13,-4.125,,0.000914020671268391,1,bohr,hartree_per_elementary_charge
1.78125,0.13,-4.03125,,0.0014979382911185536,1,bohr,hartree_per_elementary_charge
1.78125,0.13,-3.9375,,0.0021125748676717989,1,bohr,hartree_per_elementary_charge
1.78125,0.13,-3.84375,,0.0027272114442250433,1,bohr,hartree_per_elementary_charge
1.78125,0.13,-3.75,,0.0035901347337814029,1,bohr,hartree_per_elementary_charge
1.78125,0.13,-3.65625,,0.0044957317124870704,1,bohr,hartree_per_elementary_charge
1.78125,0.13,-3.5625,,0.0054013286911927319,1,bohr,hartree_per_elementary_charge
1.78125,0.13,-3.46875,,0.0067013347340011799,1,bohr,hartree_per_elementary_charge
1.78125,0.13,-3.375,,0.0080620181929703799,1,bohr,hartree_per_elementary_charge
1.78125,0.13,-3.28125,,0.0094227016519395808,1,bohr,hartree_per_elementary_charge
1.78125,0.13,-3.1875,,0.011435475183061497,1,bohr,hartree_per_elementary_charge
1.78125,0.13,-3.09375,,0.013537168652879733,1,bohr,hartree_per_elementary_charge
1.78125,0.13,-3,,0.01563886212269797,1,bohr,hartree_per_elementary_charge
1.78125,0.13,-2.90625,,0.018875074215469183,1,bohr,hartree_per_elementary_charge
1.78125,0.13,-2.8125,,0.022246748814223824,1,bohr,hartree_per_elementary_charge
1.78125,0.13,-2.71875,,0.025618423412978455,1,bohr,hartree_per_elementary_charge
1.78125,0.13,-2.625,,0.031085898865339589,1,bohr,hartree_per_elementary_charge
1.78125,0.13,-2.53125,,0.036769114243978836,1,bohr,hartree_per_elementary_charge
1.78125,0.13,-2.4375,,0.042452329622618072,1,bohr,hartree_per_elementary_charge
1.78125,0.13,-2.34375,,0.052248627667335623,1,bohr,hartree_per_elementary_charge
1.78125,0.13,-2.25,,0.062402576979614113,1,bohr,hartree_per_elementary_charge
1.78125,0.13,-2.1562500000000004,,0.072556526291892562,1,bohr,hartree_per_elementary_charge
1.78125,0.13,-2.0625,,0.091213349190022483,1,bohr,hartree_per_elementary_charge
1.78125,0.13,-1.96875,,0.11047750406625644,1,bohr,hartree_per_elementary_charge
1.78125,0.13,-1.8750000000000004,,0.12974165894249032,1,bohr,hartree_per_elementary_charge
1.78125,0.13,-1.78125,,0.16745725133301206,1,bohr,hartree_per_elementary_charge
1.78125,0.13,-1.6875,,0.20621232755742536,1,bohr,hartree_per_elementary_charge
1.78125,0.13,-1.5937500000000004,,0.24496740378183879,1,bohr,hartree_per_elementary_charge
1.78125,0.13,-1.5,,0.32704885755301361,1,bohr,hartree_per_elementary_charge
1.78125,0.13,-1.40625,,0.41093550053829653,1,bohr,hartree_per_elementary_charge
1.78125,0.13,-1.3125000000000004,,0.49482214352358045,1,bohr,hartree_per_elementary_charge
1.78125,0.13,-1.21875,,0.69907719550049996,1,bohr,hartree_per_elementary_charge
1.78125,0.13,-1.125,,0.90662980692915596,1,bohr,hartree_per_elementary_charge
1.78125,0.13,-1.0312500000000004,,1.1141824183578144,1,bohr,hartree_per_elementary_charge
1.78125,0.13,-0.9375,,1.8804907361192496,1,bohr,hartree_per_elementary_charge
1.78125,0.13,-0.84375,,2.6543488870885232,1,bohr,hartree_per_elementary_charge
1.78125,0.13,-0.75000000000000044,,3.4282060991753958,1,bohr,hartree_per_elementary_charge
1.78125,0.13,-0.65625,,3.611370514281032,1,bohr,hartree_per_elementary_charge
1.78125,0.13,-0.5625,,3.7945349293866686,1,bohr,hartree_per_elementary_charge
1.78125,0.13,-0.46875,,3.9630240090578632,1,bohr,hartree_per_elementary_charge
1.78125,0.13,-0.375,,3.0456684092520101,1,bohr,hartree_per_elementary_charge
1.78125,0.13,-0.28125,,2.1283128094461472,1,bohr,hartree_per_elementary_charge
1.78125,0.13,-0.1875,,1.229573895751777,1,bohr,hartree_per_elementary_charge
1.78125,0.13,-0.09375,,1.0103030817765055,1,bohr,hartree_per_elementary_charge
1.78125,0.13,0,,0.79103226780123426,1,bohr,hartree_per_elementary_charge
1.78125,0.13,0.09375,,0.57711160970173569,1,bohr,hartree_per_elementary_charge
1.78125,0.13,0.18749999999999911,,0.49158950547721508,1,bohr,hartree_per_elementary_charge
1.78125,0.13,0.28125,,0.40606740125269275,1,bohr,hartree_per_elementary_charge
1.78125,0.13,0.375,,0.323003534823881,1,bohr,hartree_per_elementary_charge
1.78125,0.13,0.46874999999999911,,0.28357205961656518,1,bohr,hartree_per_elementary_charge
1.78125,0.13,0.5625,,0.24414058440924891,1,bohr,hartree_per_elementary_charge
1.78125,0.13,0.65625,,0.20601039432925888,1,bohr,hartree_per_elementary_charge
1.78125,0.13,0.74999999999999911,,0.18609774928126788,1,bohr,hartree_per_elementary_charge
1.78125,0.13,0.84375,,0.16618510423327665,1,bohr,hartree_per_elementary_charge
1.78125,0.13,0.9375,,0.14704159818776816,1,bohr,hartree_per_elementary_charge
1.78125,0.13,1.0312499999999991,,0.13674300882536525,1,bohr,hartree_per_elementary_charge
1.78125,0.13,1.125,,0.1264444194629622,1,bohr,hartree_per_elementary_charge
1.78125,0.13,1.21875,,0.11661638821439332,1,bohr,hartree_per_elementary_charge
1.78125,0.13,1.3124999999999991,,0.11135941187868439,1,bohr,hartree_per_elementary_charge
1.78125,0.13,1.40625,,0.10610243554297526,1,bohr,hartree_per_elementary_charge
1.78125,0.13,1.5,,0.10109737687352177,1,bohr,hartree_per_elementary_charge
1.78125,0.13,1.5937499999999991,,0.098202095719246249,1,bohr,hartree_per_elementary_charge
1.78125,0.13,1.6875,,0.095306814564970629,1,bohr,hartree_per_elementary_charge
1.78125,0.13,1.78125,,0.092493647168177401,1,bohr,hartree_per_elementary_charge
1.78125,0.13,1.8749999999999991,,0.090282638915307245,1,bohr,hartree_per_elementary_charge
1.78125,0.13,1.96875,,0.088071630662437048,1,bohr,hartree_per_elementary_charge
1.78125,0.13,2.0625,,0.085843022904365685,1,bohr,hartree_per_elementary_charge
1.78125,0.13,2.1562499999999991,,0.083500019810107753,1,bohr,hartree_per_elementary_charge
1.78125,0.13,2.25,,0.081157016715849864,1,bohr,hartree_per_elementary_charge
1.78125,0.13,2.34375,,0.078773054288306846,1,bohr,hartree_per_elementary_charge
1.78125,0.13,2.4374999999999991,,0.076150785772688911,1,bohr,hartree_per_elementary_charge
1.78125,0.13,2.53125,,0.073528517257071033,1,bohr,hartree_per_elementary_charge
1.78125,0.13,2.625,,0.070889845534835377,1,bohr,hartree_per_elementary_charge
1.78125,0.13,2.7187499999999991,,0.068165057898522674,1,bohr,hartree_per_elementary_charge
1.78125,0.13,2.8125,,0.065440270262210012,1,bohr,hartree_per_elementary_charge
1.78125,0.13,2.90625,,0.062735044352124611,1,bohr,hartree_per_elementary_charge
1.78125,0.13,2.9999999999999991,,0.06012311190141266,1,bohr,hartree_per_elementary_charge
1.78125,0.13,3.09375,,0.057511179450700778,1,bohr,hartree_per_elementary_charge
1.78125,0.13,3.1875,,0.054945550566789993,1,bohr,hartree_per_elementary_charge
1.78125,0.13,3.2812499999999991,,0.052581671062630286,1,bohr,hartree_per_elementary_charge
1.78125,0.13,3.375,,0.050217791558470649,1,bohr,hartree_per_elementary_charge
1.78125,0.13,3.46875,,0.047913600568177013,1,bohr,hartree_per_elementary_charge
1.78125,0.13,3.5625,,0.045848161546170614,1,bohr,hartree_per_elementary_charge
1.78125,0.13,3.65625,,0.043782722524164264,1,bohr,hartree_per_elementary_charge
1.78125,0.13,3.75,,0.041780244982182073,1,bohr,hartree_per_elementary_charge
1.78125,0.13,3.84375,,0.040009935980356917,1,bohr,hartree_per_elementary_charge
1.78125,0.13,3.9375,,0.038239626978531713,1,bohr,hartree_per_elementary_charge
1.78125,0.13,4.03125,,0.036529672153669493,1,bohr,hartree_per_elementary_charge
1.78125,0.13,4.125,,0.035025629966408102,1,bohr,hartree_per_elementary_charge
1.78125,0.13,4.21875,,0.033521587779146669,1,bohr,hartree_per_elementary_charge
1.78125,0.13,4.3125,,0.032072516316510993,1,bohr,hartree_per_elementary_charge
1.78125,0.13,4.40625,,0.030797517516728455,1,bohr,hartree_per_elementary_charge
1.78125,0.13,4.5,,0.029522518716945886,1,bohr,hartree_per_elementary_charge
1.8749999999999991,0.13,-4.5,,2.2690735924794426e-06,1,bohr,hartree_per_elementary_charge
1.8749999999999991,0.13,-4.40625,,0.00032577982497948799,1,bohr,hartree_per_elementary_charge
1.8749999999999991,0.13,-4.3125,,0.0007616687262276072,1,bohr,hartree_per_elementary_charge
1.8749999999999991,0.13,-4.21875,,0.0012211204993692218,1,bohr,hartree_per_elementary_charge
1.8749999999999991,0.13,-4.125,,0.0016805722725108383,1,bohr,hartree_per_elementary_charge
1.8749999999999991,0.13,-4.03125,,0.002307104568219631,1,bohr,hartree_per_elementary_charge
1.8749999999999991,0.13,-3.9375,,0.0029654613128680934,1,bohr,hartree_per_elementary_charge
1.8749999999999991,0.13,-3.84375,,0.0036238180575165532,1,bohr,hartree_per_elementary_charge
1.8749999999999991,0.13,-3.75,,0.0045370416685912834,1,bohr,hartree_per_elementary_charge
1.8749999999999991,0.13,-3.65625,,0.0054940699170579338,1,bohr,hartree_per_elementary_charge
1.8749999999999991,0.13,-3.5625,,0.0064510981655245781,1,bohr,hartree_per_elementary_charge
1.8749999999999991,0.13,-3.46875,,0.0078091590761951869,1,bohr,hartree_per_elementary_charge
1.8749999999999991,0.13,-3.375,,0.0092289164029812805,1,bohr,hartree_per_elementary_charge
1.8749999999999991,0.13,-3.28125,,0.010648673729767376,1,bohr,hartree_per_elementary_charge
1.8749999999999991,0.13,-3.1875,,0.012724787934342721,1,bohr,hartree_per_elementary_charge
1.8749999999999991,0.13,-3.09375,,0.014890403905358483,1,bohr,hartree_per_elementary_charge
1.8749999999999991,0.13,-3,,0.017056019876374243,1,bohr,hartree_per_elementary_charge
1.8749999999999991,0.13,-2.90625,,0.020351073154955063,1,bohr,hartree_per_elementary_charge
1.8749999999999991,0.13,-2.8125,,0.023780982226061977,1,bohr,hartree_per_elementary_charge
1.8749999999999991,0.13,-2.71875,,0.027210891297168874,1,bohr,hartree_per_elementary_charge
1.8749999999999991,0.13,-2.625,,0.0327026720157335,1,bohr,hartree_per_elementary_charge
1.8749999999999991,0.13,-2.53125,,0.038406700017455775,1,bohr,hartree_per_elementary_charge
1.8749999999999991,0.13,-2.4375,,0.04411072801917805,1,bohr,hartree_per_elementary_charge
1.8749999999999991,0.13,-2.34375,,0.053811246527402011,1,bohr,hartree_per_elementary_charge
1.8749999999999991,0.13,-2.25,,0.06385927808398599,1,bohr,hartree_per_elementary_charge
1.8749999999999991,0.13,-2.1562500000000004,,0.073907309640569907,1,bohr,hartree_per_elementary_charge
1.8749999999999991,0.13,-2.0625,,0.092105216339163451,1,bohr,hartree_per_elementary_charge
1.8749999999999991,0.13,-1.96875,,0.11088524151115561,1,bohr,hartree_per_elementary_charge
1.8749999999999991,0.13,-1.8750000000000004,,0.12966526668314768,1,bohr,hartree_per_elementary_charge
1.8749999999999991,0.13,-1.78125,,0.1658079698850829,1,bohr,hartree_per_elementary_charge
1.8749999999999991,0.13,-1.6875,,0.2029288203512199,1,bohr,hartree_per_elementary_charge
1.8749999999999991,0.13,-1.5937500000000004,,0.24004967081735701,1,bohr,hartree_per_elementary_charge
1.8749999999999991,0.13,-1.5,,0.31656496629553732,1,bohr,hartree_per_elementary_charge
1.8749999999999991,0.13,-1.40625,,0.39472162740957689,1,bohr,hartree_per_elementary_charge
1.8749999999999991,0.13,-1.3125000000000004,,0.47287828852361724,1,bohr,hartree_per_elementary_charge
1.8749999999999991,0.13,-1.21875,,0.65168921536289903,1,bohr,hartree_per_elementary_charge
1.8749999999999991,0.13,-1.125,,0.83325762174420037,1,bohr,hartree_per_elementary_charge
1.8749999999999991,0.13,-1.0312500000000004,,1.0148260281255035,1,bohr,hartree_per_elementary_charge
1.8749999999999991,0.13,-0.9375,,1.5576002004667606,1,bohr,hartree_per_elementary_charge
1.8749999999999991,0.13,-0.84375,,2.1052549373477616,1,bohr,hartree_per_elementary_charge
1.8749999999999991,0.13,-0.75000000000000044,,2.6529089804983403,1,bohr,hartree_per_elementary_charge
1.8749999999999991,0.13,-0.65625,,2.7641062718254901,1,bohr,hartree_per_elementary_charge
1.8749999999999991,0.13,-0.5625,,2.8753035631526416,1,bohr,hartree_per_elementary_charge
1.8749999999999991,0.13,-0.46875,,2.9766532305784947,1,bohr,hartree_per_elementary_charge
1.8749999999999991,0.13,-0.375,,2.3493660592429157,1,bohr,hartree_per_elementary_charge
1.8749999999999991,0.13,-0.28125,,1.7220788879073314,1,bohr,hartree_per_elementary_charge
1.8749999999999991,0.13,-0.1875,,1.1064353964541049,1,bohr,hartree_per_elementary_charge
1.8749999999999991,0.13,-0.09375,,0.91576061296653144,1,bohr,hartree_per_elementary_charge
1.8749999999999991,0.13,0,,0.72508582947895817,1,bohr,hartree_per_elementary_charge
1.8749999999999991,0.13,0.09375,,0.53885774550459986,1,bohr,hartree_per_elementary_charge
1.8749999999999991,0.13,0.18749999999999911,,0.45934613863305601,1,bohr,hartree_per_elementary_charge
1.8749999999999991,0.13,0.28125,,0.37983453176151044,1,bohr,hartree_per_elementary_charge
1.8749999999999991,0.13,0.375,,0.30257962387434467,1,bohr,hartree_per_elementary_charge
1.8749999999999991,0.13,0.46874999999999911,,0.26537990231920072,1,bohr,hartree_per_elementary_charge
1.8749999999999991,0.13,0.5625,,0.22818018076405644,1,bohr,hartree_per_elementary_charge
1.8749999999999991,0.13,0.65625,,0.19221524203324372,1,bohr,hartree_per_elementary_charge
1.8749999999999991,0.13,0.74999999999999911,,0.17353683892373728,1,bohr,hartree_per_elementary_charge
1.8749999999999991,0.13,0.84375,,0.15485843581423056,1,bohr,hartree_per_elementary_charge
1.8749999999999991,0.13,0.9375,,0.13690402891396583,1,bohr,hartree_per_elementary_charge
1.8749999999999991,0.13,1.0312499999999991,,0.12727540724752456,1,bohr,hartree_per_elementary_charge
1.8749999999999991,0.13,1.125,,0.11764678558108319,1,bohr,hartree_per_elementary_charge
1.8749999999999991,0.13,1.21875,,0.10845211118633655,1,bohr,hartree_per_elementary_charge
1.8749999999999991,0.13,1.3124999999999991,,0.10347284982960832,1,bohr,hartree_per_elementary_charge
1.8749999999999991,0.13,1.40625,,0.09849358847287995,1,bohr,hartree_per_elementary_charge
1.8749999999999991,0.13,1.5,,0.093748469097473322,1,bohr,hartree_per_elementary_charge
1.8749999999999991,0.13,1.5937499999999991,,0.090964258200198489,1,bohr,hartree_per_elementary_charge
1.8749999999999991,0.13,1.6875,,0.088180047302923559,1,bohr,hartree_per_elementary_charge
1.8749999999999991,0.13,1.78125,,0.085482317738648311,1,bohr,hartree_per_elementary_charge
1.8749999999999991,0.13,1.8749999999999991,,0.083418775758050415,1,bohr,hartree_per_elementary_charge
1.8749999999999991,0.13,1.96875,,0.081355233777452463,1,bohr,hartree_per_elementary_charge
1.8749999999999991,0.13,2.0625,,0.079289750038628592,1,bohr,hartree_per_elementary_charge
1.8749999999999991,0.13,2.1562499999999991,,0.077211645031052226,1,bohr,hartree_per_elementary_charge
1.8749999999999991,0.13,2.25,,0.075133540023475859,1,bohr,hartree_per_elementary_charge
1.8749999999999991,0.13,2.34375,,0.073026572559395223,1,bohr,hartree_per_elementary_charge
1.8749999999999991,0.13,2.4374999999999991,,0.070751680020609525,1,bohr,hartree_per_elementary_charge
1.8749999999999991,0.13,2.53125,,0.068476787481823856,1,bohr,hartree_per_elementary_charge
1.8749999999999991,0.13,2.625,,0.066186852608797003,1,bohr,hartree_per_elementary_charge
1.8749999999999991,0.13,2.7187499999999991,,0.063817946325288213,1,bohr,hartree_per_elementary_charge
1.8749999999999991,0.13,2.8125,,0.061449040041779451,1,bohr,hartree_per_elementary_charge
1.8749999999999991,0.13,2.90625,,0.059091955074089958,1,bohr,hartree_per_elementary_charge
1.8749999999999991,0.13,2.9999999999999991,,0.056791248129194206,1,bohr,hartree_per_elementary_charge
1.8749999999999991,0.13,3.09375,,0.054490541184298531,1,bohr,hartree_per_elementary_charge
1.8749999999999991,0.13,3.1875,,0.052224185991843981,1,bohr,hartree_per_elementary_charge
1.8749999999999991,0.13,3.2812499999999991,,0.05010750490069861,1,bohr,hartree_per_elementary_charge
1.8749999999999991,0.13,3.375,,0.047990823809553301,1,bohr,hartree_per_elementary_charge
1.8749999999999991,0.13,3.46875,,0.045921553923274704,1,bohr,hartree_per_elementary_charge
1.8749999999999991,0.13,3.5625,,0.044041927198596689,1,bohr,hartree_per_elementary_charge
1.8749999999999991,0.13,3.65625,,0.042162300473918723,1,bohr,hartree_per_elementary_charge
1.8749999999999991,0.13,3.75,,0.040334937508940488,1,bohr,hartree_per_elementary_charge
1.8749999999999991,0.13,3.84375,,0.038700295566211851,1,bohr,hartree_per_elementary_charge
1.8749999999999991,0.13,3.9375,,0.037065653623483179,1,bohr,hartree_per_elementary_charge
1.8749999999999991,0.13,4.03125,,0.035482772257131687,1,bohr,hartree_per_elementary_charge
1.8749999999999991,0.13,4.125,,0.034076484414905329,1,bohr,hartree_per_elementary_charge
1.8749999999999991,0.13,4.21875,,0.032670196572678938,1,bohr,hartree_per_elementary_charge
1.8749999999999991,0.13,4.3125,,0.031312262692884181,1,bohr,hartree_per_elementary_charge
1.8749999999999991,0.13,4.40625,,0.030107448551955511,1,bohr,hartree_per_elementary_charge
1.8749999999999991,0.13,4.5,,0.028902634411026813,1,bohr,hartree_per_elementary_charge
1.96875,0.13,-4.5,,0.00062851551004947971,1,bohr,hartree_per_elementary_charge
1.96875,0.13,-4.40625,,0.00098292403537235699,1,bohr,hartree_per_elementary_charge
1.96875,0.13,-4.3125,,0.0014545987946930706,1,bohr,hartree_per_elementary_charge
1.96875,0.13,-4.21875,,0.0019508613342231814,1,bohr,hartree_per_elementary_charge
1.96875,0.13,-4.125,,0.0024471238737532935,1,bohr,hartree_per_elementary_charge
1.96875,0.13,-4.03125,,0.0031162708453207179,1,bohr,hartree_per_elementary_charge
1.96875,0.13,-3.9375,,0.0038183477580643957,1,bohr,hartree_per_elementary_charge
1.96875,0.13,-3.84375,,0.0045204246708080726,1,bohr,hartree_per_elementary_charge
1.96875,0.13,-3.75,,0.0054839486034011769,1,bohr,hartree_per_elementary_charge
1.96875,0.13,-3.65625,,0.0064924081216288076,1,bohr,hartree_per_elementary_charge
1.96875,0.13,-3.5625,,0.0075008676398564331,1,bohr,hartree_per_elementary_charge
1.96875,0.13,-3.46875,,0.0089169834183892051,1,bohr,hartree_per_elementary_charge
1.96875,0.13,-3.375,,0.010395814612992193,1,bohr,hartree_per_elementary_charge
1.96875,0.13,-3.28125,,0.011874645807595183,1,bohr,hartree_per_elementary_charge
1.96875,0.13,-3.1875,,0.014014100685623958,1,bohr,hartree_per_elementary_charge
1.96875,0.13,-3.09375,,0.016243639157837247,1,bohr,hartree_per_elementary_charge
1.96875,0.13,-3,,0.018473177630050533,1,bohr,hartree_per_elementary_charge
1.96875,0.13,-2.90625,,0.021827072094440958,1,bohr,hartree_per_elementary_charge
1.96875,0.13,-2.8125,,0.025315215637900148,1,bohr,hartree_per_elementary_charge
1.96875,0.13,-2.71875,,0.028803359181359317,1,bohr,hartree_per_elementary_charge
1.96875,0.13,-2.625,,0.034319445166127435,1,bohr,hartree_per_elementary_charge
1.96875,0.13,-2.53125,,0.040044285790932735,1,bohr,hartree_per_elementary_charge
1.96875,0.13,-2.4375,,0.045769126415738035,1,bohr,hartree_per_elementary_charge
1.96875,0.13,-2.34375,,0.055373865387468406,1,bohr,hartree_per_elementary_charge
1.96875,0.13,-2.25,,0.065315979188357881,1,bohr,hartree_per_elementary_charge
1.96875,0.13,-2.1562500000000004,,0.075258092989247294,1,bohr,hartree_per_elementary_charge
1.96875,0.13,-2.0625,,0.092997083488304405,1,bohr,hartree_per_elementary_charge
1.96875,0.13,-1.96875,,0.11129297895605475,1,bohr,hartree_per_elementary_charge
1.96875,0.13,-1.8750000000000004,,0.12958887442380501,1,bohr,hartree_per_elementary_charge
1.96875,0.13,-1.78125,,0.16415868843715373,1,bohr,hartree_per_elementary_charge
1.96875,0.13,-1.6875,,0.19964531314501438,1,bohr,hartree_per_elementary_charge
1.96875,0.13,-1.5937500000000004,,0.23513193785287517,1,bohr,hartree_per_elementary_charge
1.96875,0.13,-1.5,,0.30608107503806098,1,bohr,hartree_per_elementary_charge
1.96875,0.13,-1.40625,,0.37850775428085714,1,bohr,hartree_per_elementary_charge
1.96875,0.13,-1.3125000000000004,,0.45093443352365387,1,bohr,hartree_per_elementary_charge
1.96875,0.13,-1.21875,,0.60430123522529777,1,bohr,hartree_per_elementary_charge
1.96875,0.13,-1.125,,0.75988543655924401,1,bohr,hartree_per_elementary_charge
1.96875,0.13,-1.0312500000000004,,0.91546963789319191,1,bohr,hartree_per_elementary_charge
1.96875,0.13,-0.9375,,1.234709664814269,1,bohr,hartree_per_elementary_charge
1.96875,0.13,-0.84375,,1.556160987606994,1,bohr,hartree_per_elementary_charge
1.96875,0.13,-0.75000000000000044,,1.8776118618212769,1,bohr,hartree_per_elementary_charge
1.96875,0.13,-0.65625,,1.9168420293699406,1,bohr,hartree_per_elementary_charge
1.96875,0.13,-0.5625,,1.9560721969186052,1,bohr,hartree_per_elementary_charge
1.96875,0.13,-0.46875,,1.9902824520991151,1,bohr,hartree_per_elementary_charge
1.96875,0.13,-0.375,,1.6530637092338154,1,bohr,hartree_per_elementary_charge
1.96875,0.13,-0.28125,,1.3158449663685114,1,bohr,hartree_per_elementary_charge
1.96875,0.13,-0.1875,,0.98329689715643165,1,bohr,hartree_per_elementary_charge
1.96875,0.13,-0.09375,,0.82121814415655647,1,bohr,hartree_per_elementary_charge
1.96875,0.13,0,,0.6591393911566813,1,bohr,hartree_per_elementary_charge
1.96875,0.13,0.09375,,0.50060388130746369,1,bohr,hartree_per_elementary_charge
1.96875,0.13,0.18749999999999911,,0.42710277178889644,1,bohr,hartree_per_elementary_charge
1.96875,0.13,0.28125,,0.35360166227032797,1,bohr,hartree_per_elementary_charge
1.96875,0.13,0.375,,0.28215571292480812,1,bohr,hartree_per_elementary_charge
1.96875,0.13,0.46874999999999911,,0.24718774502183616,1,bohr,hartree_per_elementary_charge
1.96875,0.13,0.5625,,0.21221977711886383,1,bohr,hartree_per_elementary_charge
1.96875,0.13,0.65625,,0.1784200897372285,1,bohr,hartree_per_elementary_charge
1.96875,0.13,0.74999999999999911,,0.16097592856620657,1,bohr,hartree_per_elementary_charge
1.96875,0.13,0.84375,,0.14353176739518439,1,bohr,hartree_per_elementary_charge
1.96875,0.13,0.9375,,0.12676645964016331,1,bohr,hartree_per_elementary_charge
1.96875,0.13,1.0312499999999991,,0.11780780566968377,1,bohr,hartree_per_elementary_charge
1.96875,0.13,1.125,,0.10884915169920412,1,bohr,hartree_per_elementary_charge
1.96875,0.13,1.21875,,0.10028783415827966,1,bohr,hartree_per_elementary_charge
1.96875,0.13,1.3124999999999991,,0.095586287780532173,1,bohr,hartree_per_elementary_charge
1.96875,0.13,1.40625,,0.090884741402784533,1,bohr,hartree_per_elementary_charge
1.96875,0.13,1.5,,0.086399561321424803,1,bohr,hartree_per_elementary_charge
1.96875,0.13,1.5937499999999991,,0.083726420681150632,1,bohr,hartree_per_elementary_charge
1.96875,0.13,1.6875,,0.081053280040876391,1,bohr,hartree_per_elementary_charge
1.96875,0.13,1.78125,,0.078470988309119111,1,bohr,hartree_per_elementary_charge
1.96875,0.13,1.8749999999999991,,0.076554912600793501,1,bohr,hartree_per_elementary_charge
1.96875,0.13,1.96875,,0.07463883689246785,1,bohr,hartree_per_elementary_charge
1.96875,0.13,2.0625,,0.072736477172891431,1,bohr,hartree_per_elementary_charge
1.96875,0.13,2.1562499999999991,,0.070923270251996628,1,bohr,hartree_per_elementary_charge
1.96875,0.13,2.25,,0.06911006333110184,1,bohr,hartree_per_elementary_charge
1.96875,0.13,2.34375,,0.067280090830483544,1,bohr,hartree_per_elementary_charge
1.96875,0.13,2.4374999999999991,,0.06535257426853007,1,bohr,hartree_per_elementary_charge
1.96875,0.13,2.53125,,0.06342505770657661,1,bohr,hartree_per_elementary_charge
1.96875,0.13,2.625,,0.061483859682758567,1,bohr,hartree_per_elementary_charge
1.96875,0.13,2.7187499999999991,,0.05947083475205369,1,bohr,hartree_per_elementary_charge
1.96875,0.13,2.8125,,0.057457809821348849,1,bohr,hartree_per_elementary_charge
1.96875,0.13,2.90625,,0.05544886579605527,1,bohr,hartree_per_elementary_charge
1.96875,0.13,2.9999999999999991,,0.053459384356975732,1,bohr,hartree_per_elementary_charge
1.96875,0.13,3.09375,,0.051469902917896236,1,bohr,hartree_per_elementary_charge
1.96875,0.13,3.1875,,0.049502821416897935,1,bohr,hartree_per_elementary_charge
1.96875,0.13,3.2812499999999991,,0.04763333873876692,1,bohr,hartree_per_elementary_charge
1.96875,0.13,3.375,,0.045763856060635953,1,bohr,hartree_per_elementary_charge
1.96875,0.13,3.46875,,0.043929507278372359,1,bohr,hartree_per_elementary_charge
1.96875,0.13,3.5625,,0.042235692851022751,1,bohr,hartree_per_elementary_charge
1.96875,0.13,3.65625,,0.040541878423673176,1,bohr,hartree_per_elementary_charge
1.96875,0.13,3.75,,0.038889630035698897,1,bohr,hartree_per_elementary_charge
1.96875,0.13,3.84375,,0.037390655152066778,1,bohr,hartree_per_elementary_charge
1.96875,0.13,3.9375,,0.035891680268434624,1,bohr,hartree_per_elementary_charge
1.96875,0.13,4.03125,,0.034435872360593867,1,bohr,hartree_per_elementary_charge
1.96875,0.13,4.125,,0.033127338863402543,1,bohr,hartree_per_elementary_charge
1.96875,0.13,4.21875,,0.031818805366211199,1,bohr,hartree_per_elementary_charge
1.96875,0.13,4.3125,,0.030552009069257362,1,bohr,hartree_per_elementary_charge
1.96875,0.13,4.40625,,0.02941737958718256,1,bohr,hartree_per_elementary_charge
1.96875,0.13,4.5,,0.02828275010510773,1,bohr,hartree_per_elementary_charge
2.0625,0.13,-4.5,,0.0011909924246318565,1,bohr,hartree_per_elementary_charge
2.0625,0.13,-4.40625,,0.0015702596421342092,1,bohr,hartree_per_elementary_charge
2.0625,0.13,-4.3125,,0.0020696350249845346,1,bohr,hartree_per_elementary_charge
2.0625,0.13,-4.21875,,0.0025941940695783112,1,bohr,hartree_per_elementary_charge
2.0625,0.13,-4.125,,0.0031187531141720895,1,bohr,hartree_per_elementary_charge
2.0625,0.13,-4.03125,,0.0038188557165687483,1,bohr,hartree_per_elementary_charge
2.0625,0.13,-3.9375,,0.0045523947537224234,1,bohr,hartree_per_elementary_charge
2.0625,0.13,-3.84375,,0.005285933790876096,1,bohr,hartree_per_elementary_charge
2.0625,0.13,-3.75,,0.0062825139223346028,1,bohr,hartree_per_elementary_charge
2.0625,0.13,-3.65625,,0.0073243036171889465,1,bohr,hartree_per_elementary_charge
2.0625,0.13,-3.5625,,0.0083660933120432834,1,bohr,hartree_per_elementary_charge
2.0625,0.13,-3.46875,,0.0098139413087600554,1,bohr,hartree_per_elementary_charge
2.0625,0.13,-3.375,,0.011324258885438645,1,bohr,hartree_per_elementary_charge
2.0625,0.13,-3.28125,,0.012834576462117237,1,bohr,hartree_per_elementary_charge
2.0625,0.13,-3.1875,,0.014995506481549065,1,bohr,hartree_per_elementary_charge
2.0625,0.13,-3.09375,,0.017245154948010294,1,bohr,hartree_per_elementary_charge
2.0625,0.13,-3,,0.019494803414471525,1,bohr,hartree_per_elementary_charge
2.0625,0.13,-2.90625,,0.022837171199569344,1,bohr,hartree_per_elementary_charge
2.0625,0.13,-2.8125,,0.026310010617520363,1,bohr,hartree_per_elementary_charge
2.0625,0.13,-2.71875,,0.029782850035471362,1,bohr,hartree_per_elementary_charge
2.0625,0.13,-2.625,,0.03519601497326353,1,bohr,hartree_per_elementary_charge
2.0625,0.13,-2.53125,,0.040808915341015911,1,bohr,hartree_per_elementary_charge
2.0625,0.13,-2.4375,,0.046421815708768292,1,bohr,hartree_per_elementary_charge
2.0625,0.13,-2.34375,,0.055679791694358188,1,bohr,hartree_per_elementary_charge
2.0625,0.13,-2.25,,0.065254723603500722,1,bohr,hartree_per_elementary_charge
2.0625,0.13,-2.1562500000000004,,0.074829655512643187,1,bohr,hartree_per_elementary_charge
2.0625,0.13,-2.0625,,0.091570076709819828,1,bohr,hartree_per_elementary_charge
2.0625,0.13,-1.96875,,0.10882230497309542,1,bohr,hartree_per_elementary_charge
2.0625,0.13,-1.8750000000000004,,0.12607453323637094,1,bohr,hartree_per_elementary_charge
2.0625,0.13,-1.78125,,0.15784086113947754,1,bohr,hartree_per_elementary_charge
2.0625,0.13,-1.6875,,0.19042485823109123,1,bohr,hartree_per_elementary_charge
2.0625,0.13,-1.5937500000000004,,0.22300885532270504,1,bohr,hartree_per_elementary_charge
2.0625,0.13,-1.5,,0.28571072031035716,1,bohr,hartree_per_elementary_charge
2.0625,0.13,-1.40625,,0.34966744327036525,1,bohr,hartree_per_elementary_charge
2.0625,0.13,-1.3125000000000004,,0.41362416623037396,1,bohr,hartree_per_elementary_charge
2.0625,0.13,-1.21875,,0.54023850883373581,1,bohr,hartree_per_elementary_charge
2.0625,0.13,-1.125,,0.66856939174538244,1,bohr,hartree_per_elementary_charge
2.0625,0.13,-1.0312500000000004,,0.79690027465703017,1,bohr,hartree_per_elementary_charge
2.0625,0.13,-0.9375,,1.0141290748148255,1,bohr,hartree_per_elementary_charge
2.0625,0.13,-0.84375,,1.2325590518735907,1,bohr,hartree_per_elementary_charge
2.0625,0.13,-0.75000000000000044,,1.4509887104166841,1,bohr,hartree_per_elementary_charge
2.0625,0.13,-0.65625,,1.4690259527227585,1,bohr,hartree_per_elementary_charge
2.0625,0.13,-0.5625,,1.4870631950288333,1,bohr,hartree_per_elementary_charge
2.0625,0.13,-0.46875,,1.5019461547441317,1,bohr,hartree_per_elementary_charge
2.0625,0.13,-0.375,,1.2834401753063087,1,bohr,hartree_per_elementary_charge
2.0625,0.13,-0.28125,,1.0649341958684835,1,bohr,hartree_per_elementary_charge
2.0625,0.13,-0.1875,,0.84871624125964273,1,bohr,hartree_per_elementary_charge
2.0625,0.13,-0.09375,,0.71600616089592106,1,bohr,hartree_per_elementary_charge
2.0625,0.13,0,,0.58329608053219928,1,bohr,hartree_per_elementary_charge
2.0625,0.13,0.09375,,0.45331047933301194,1,bohr,hartree_per_elementary_charge
2.0625,0.13,0.18749999999999911,,0.38870973661482938,1,bohr,hartree_per_elementary_charge
2.0625,0.13,0.28125,,0.32410899389664544,1,bohr,hartree_per_elementary_charge
2.0625,0.13,0.375,,0.2612579564836508,1,bohr,hartree_per_elementary_charge
2.0625,0.13,0.46874999999999911,,0.22946324182818575,1,bohr,hartree_per_elementary_charge
2.0625,0.13,0.5625,,0.19766852717272038,1,bohr,hartree_per_elementary_charge
2.0625,0.13,0.65625,,0.16691969113129698,1,bohr,hartree_per_elementary_charge
2.0625,0.13,0.74999999999999911,,0.15081279662075378,1,bohr,hartree_per_elementary_charge
2.0625,0.13,0.84375,,0.13470590211021047,1,bohr,hartree_per_elementary_charge
2.0625,0.13,0.9375,,0.11921851899815099,1,bohr,hartree_per_elementary_charge
2.0625,0.13,1.0312499999999991,,0.11085537049925699,1,bohr,hartree_per_elementary_charge
2.0625,0.13,1.125,,0.1024922220003629,1,bohr,hartree_per_elementary_charge
2.0625,0.13,1.21875,,0.094493124791789784,1,bohr,hartree_per_elementary_charge
2.0625,0.13,1.3124999999999991,,0.090030463126947902,1,bohr,hartree_per_elementary_charge
2.0625,0.13,1.40625,,0.085567801462105894,1,bohr,hartree_per_elementary_charge
2.0625,0.13,1.5,,0.081306126084992672,1,bohr,hartree_per_elementary_charge
2.0625,0.13,1.5937499999999991,,0.078727684587471439,1,bohr,hartree_per_elementary_charge
2.0625,0.13,1.6875,,0.076149243089950108,1,bohr,hartree_per_elementary_charge
2.0625,0.13,1.78125,,0.073661113279596749,1,bohr,hartree_per_elementary_charge
2.0625,0.13,1.8749999999999991,,0.071835259924476702,1,bohr,hartree_per_elementary_charge
2.0625,0.13,1.96875,,0.070009406569356628,1,bohr,hartree_per_elementary_charge
2.0625,0.13,2.0625,,0.068204964261976336,1,bohr,hartree_per_elementary_charge
2.0625,0.13,2.1562499999999991,,0.06653969200377062,1,bohr,hartree_per_elementary_charge
2.0625,0.13,2.25,,0.064874419745564918,1,bohr,hartree_per_elementary_charge
2.0625,0.13,2.34375,,0.063200133764479513,1,bohr,hartree_per_elementary_charge
2.0625,0.13,2.4374999999999991,,0.061473404912229718,1,bohr,hartree_per_elementary_charge
2.0625,0.13,2.53125,,0.059746676059979929,1,bohr,hartree_per_elementary_charge
2.0625,0.13,2.625,,0.058009165823360812,1,bohr,hartree_per_elementary_charge
2.0625,0.13,2.7187499999999991,,0.056215053923931724,1,bohr,hartree_per_elementary_charge
2.0625,0.13,2.8125,,0.054420942024502636,1,bohr,hartree_per_elementary_charge
2.0625,0.13,2.90625,,0.052628521403686221,1,bohr,hartree_per_elementary_charge
2.0625,0.13,2.9999999999999991,,0.050844166800699933,1,bohr,hartree_per_elementary_charge
2.0625,0.13,3.09375,,0.049059812197713694,1,bohr,hartree_per_elementary_charge
2.0625,0.13,3.1875,,0.047292117885030648,1,bohr,hartree_per_elementary_charge
2.0625,0.13,3.2812499999999991,,0.045597014162389565,1,bohr,hartree_per_elementary_charge
2.0625,0.13,3.375,,0.043901910439748497,1,bohr,hartree_per_elementary_charge
2.0625,0.13,3.46875,,0.042234975547664505,1,bohr,hartree_per_elementary_charge
2.0625,0.13,3.5625,,0.04068071499280633,1,bohr,hartree_per_elementary_charge
2.0625,0.13,3.65625,,0.039126454437948197,1,bohr,hartree_per_elementary_charge
2.0625,0.13,3.75,,0.037606969674408158,1,bohr,hartree_per_elementary_charge
2.0625,0.13,3.84375,,0.036215719582289925,1,bohr,hartree_per_elementary_charge
2.0625,0.13,3.9375,,0.034824469490171664,1,bohr,hartree_per_elementary_charge
2.0625,0.13,4.03125,,0.033470438678910266,1,bohr,hartree_per_elementary_charge
2.0625,0.13,4.125,,0.032243390301616007,1,bohr,hartree_per_elementary_charge
2.0625,0.13,4.21875,,0.031016341924321723,1,bohr,hartree_per_elementary_charge
2.0625,0.13,4.3125,,0.029826122398475603,1,bohr,hartree_per_elementary_charge
2.0625,0.13,4.40625,,0.028752526698948903,1,bohr,hartree_per_elementary_charge
2.0625,0.13,4.5,,0.027678930999422178,1,bohr,hartree_per_elementary_charge
2.1562499999999991,0.13,-4.5,,0.0017347783633011613,1,bohr,hartree_per_elementary_charge
2.1562499999999991,0.13,-4.40625,,0.002137134205898783,1,bohr,hartree_per_elementary_charge
2.1562499999999991,0.13,-4.3125,,0.002661840413671927,1,bohr,hartree_per_elementary_charge
2.1562499999999991,0.13,-4.21875,,0.0032122004161045862,1,bohr,hartree_per_elementary_charge
2.1562499999999991,0.13,-4.125,,0.0037625604185372473,1,bohr,hartree_per_elementary_charge
2.1562499999999991,0.13,-4.03125,,0.0044902013620703894,1,bohr,hartree_per_elementary_charge
2.1562499999999991,0.13,-3.9375,,0.0052516096662230827,1,bohr,hartree_per_elementary_charge
2.1562499999999991,0.13,-3.84375,,0.0060130179703757744,1,bohr,hartree_per_elementary_charge
2.1562499999999991,0.13,-3.75,,0.007037600013452835,1,bohr,hartree_per_elementary_charge
2.1562499999999991,0.13,-3.65625,,0.0081074144179047024,1,bohr,hartree_per_elementary_charge
2.1562499999999991,0.13,-3.5625,,0.0091772288223565639,1,bohr,hartree_per_elementary_charge
2.1562499999999991,0.13,-3.46875,,0.01064909381536701,1,bohr,hartree_per_elementary_charge
2.1562499999999991,0.13,-3.375,,0.012182811826221102,1,bohr,hartree_per_elementary_charge
2.1562499999999991,0.13,-3.28125,,0.013716529837075194,1,bohr,hartree_per_elementary_charge
2.1562499999999991,0.13,-3.1875,,0.015886664125742019,1,bohr,hartree_per_elementary_charge
2.1562499999999991,0.13,-3.09375,,0.018143581052000046,1,bohr,hartree_per_elementary_charge
2.1562499999999991,0.13,-3,,0.020400497978258068,1,bohr,hartree_per_elementary_charge
2.1562499999999991,0.13,-2.90625,,0.023710714120397044,1,bohr,hartree_per_elementary_charge
2.1562499999999991,0.13,-2.8125,,0.027146695100985514,1,bohr,hartree_per_elementary_charge
2.1562499999999991,0.13,-2.71875,,0.030582676081573959,1,bohr,hartree_per_elementary_charge
2.1562499999999991,0.13,-2.625,,0.035855629682526945,1,bohr,hartree_per_elementary_charge
2.1562499999999991,0.13,-2.53125,,0.041317679655403984,1,bohr,hartree_per_elementary_charge
2.1562499999999991,0.13,-2.4375,,0.046779729628281037,1,bohr,hartree_per_elementary_charge
2.1562499999999991,0.13,-2.34375,,0.055617378870718909,1,bohr,hartree_per_elementary_charge
2.1562499999999991,0.13,-2.25,,0.064748551841112237,1,bohr,hartree_per_elementary_charge
2.1562499999999991,0.13,-2.1562500000000004,,0.073879724811505509,1,bohr,hartree_per_elementary_charge
2.1562499999999991,0.13,-2.0625,,0.08946340329039823,1,bohr,hartree_per_elementary_charge
2.1562499999999991,0.13,-1.96875,,0.10550796277553398,1,bohr,hartree_per_elementary_charge
2.1562499999999991,0.13,-1.8750000000000004,,0.12155252226066959,1,bohr,hartree_per_elementary_charge
2.1562499999999991,0.13,-1.78125,,0.15015467360541418,1,bohr,hartree_per_elementary_charge
2.1562499999999991,0.13,-1.6875,,0.17946427192932032,1,bohr,hartree_per_elementary_charge
2.1562499999999991,0.13,-1.5937500000000004,,0.20877387025322661,1,bohr,hartree_per_elementary_charge
2.1562499999999991,0.13,-1.5,,0.26244262313210259,1,bohr,hartree_per_elementary_charge
2.1562499999999991,0.13,-1.40625,,0.31712629776435985,1,bohr,hartree_per_elementary_charge
2.1562499999999991,0.13,-1.3125000000000004,,0.37180997239661773,1,bohr,hartree_per_elementary_charge
2.1562499999999991,0.13,-1.21875,,0.47128838057013245,1,bohr,hartree_per_elementary_charge
2.1562499999999991,0.13,-1.125,,0.57199396536095404,1,bohr,hartree_per_elementary_charge
2.1562499999999991,0.13,-1.0312500000000004,,0.67269955015177663,1,bohr,hartree_per_elementary_charge
2.1562499999999991,0.13,-0.9375,,0.8235357369329076,1,bohr,hartree_per_elementary_charge
2.1562499999999991,0.13,-0.84375,,0.97504928177829697,1,bohr,hartree_per_elementary_charge
2.1562499999999991,0.13,-0.75000000000000044,,1.1265626044379049,1,bohr,hartree_per_elementary_charge
2.1562499999999991,0.13,-0.65625,,1.138288941844988,1,bohr,hartree_per_elementary_charge
2.1562499999999991,0.13,-0.5625,,1.1500152792520713,1,bohr,hartree_per_elementary_charge
2.1562499999999991,0.13,-0.46875,,1.1595847716887202,1,bohr,hartree_per_elementary_charge
2.1562499999999991,0.13,-0.375,,1.0095668634785568,1,bohr,hartree_per_elementary_charge
2.1562499999999991,0.13,-0.28125,,0.8595489552683917,1,bohr,hartree_per_elementary_charge
2.1562499999999991,0.13,-0.1875,,0.71078186610794125,1,bohr,hartree_per_elementary_charge
2.1562499999999991,0.13,-0.09375,,0.60766692135769562,1,bohr,hartree_per_elementary_charge
2.1562499999999991,0.13,0,,0.5045519766074501,1,bohr,hartree_per_elementary_charge
2.1562499999999991,0.13,0.09375,,0.4033675705425423,1,bohr,hartree_per_elementary_charge
2.1562499999999991,0.13,0.18749999999999911,,0.34851422120806402,1,bohr,hartree_per_elementary_charge
2.1562499999999991,0.13,0.28125,,0.29366087187358442,1,bohr,hartree_per_elementary_charge
2.1562499999999991,0.13,0.375,,0.24022131496996943,1,bohr,hartree_per_elementary_charge
2.1562499999999991,0.13,0.46874999999999911,,0.21187580899873484,1,bohr,hartree_per_elementary_charge
2.1562499999999991,0.13,0.5625,,0.18353030302749998,1,bohr,hartree_per_elementary_charge
2.1562499999999991,0.13,0.65625,,0.15609188947586639,1,bohr,hartree_per_elementary_charge
2.1562499999999991,0.13,0.74999999999999911,,0.14135245838031174,1,bohr,hartree_per_elementary_charge
2.1562499999999991,0.13,0.84375,,0.12661302728475685,1,bohr,hartree_per_elementary_charge
2.1562499999999991,0.13,0.9375,,0.11242960374879794,1,bohr,hartree_per_elementary_charge
2.1562499999999991,0.13,1.0312499999999991,,0.10464013569283422,1,bohr,hartree_per_elementary_charge
2.1562499999999991,0.13,1.125,,0.096850667636870391,1,bohr,hartree_per_elementary_charge
2.1562499999999991,0.13,1.21875,,0.089392940502245138,1,bohr,hartree_per_elementary_charge
2.1562499999999991,0.13,1.3124999999999991,,0.085157782320740671,1,bohr,hartree_per_elementary_charge
2.1562499999999991,0.13,1.40625,,0.080922624139236121,1,bohr,hartree_per_elementary_charge
2.1562499999999991,0.13,1.5,,0.07687377441436552,1,bohr,hartree_per_elementary_charge
2.1562499999999991,0.13,1.5937499999999991,,0.074385233652880647,1,bohr,hartree_per_elementary_charge
2.1562499999999991,0.13,1.6875,,0.071896692891395705,1,bohr,hartree_per_elementary_charge
2.1562499999999991,0.13,1.78125,,0.069496488989842231,1,bohr,hartree_per_elementary_charge
2.1562499999999991,0.13,1.8749999999999991,,0.067744079679403699,1,bohr,hartree_per_elementary_charge
2.1562499999999991,0.13,1.96875,,0.065991670368965111,1,bohr,hartree_per_elementary_charge
2.1562499999999991,0.13,2.0625,,0.064266033285294316,1,bohr,hartree_per_elementary_charge
2.1562499999999991,0.13,2.1562499999999991,,0.062714413473504357,1,bohr,hartree_per_elementary_charge
2.1562499999999991,0.13,2.25,,0.061162793661714426,1,bohr,hartree_per_elementary_charge
2.1562499999999991,0.13,2.34375,,0.059608638449751915,1,bohr,hartree_per_elementary_charge
2.1562499999999991,0.13,2.4374999999999991,,0.058039731989456909,1,bohr,hartree_per_elementary_charge
2.1562499999999991,0.13,2.53125,,0.056470825529161918,1,bohr,hartree_per_elementary_charge
2.1562499999999991,0.13,2.625,,0.054894488906128039,1,bohr,hartree_per_elementary_charge
2.1562499999999991,0.13,2.7187499999999991,,0.053279144345749402,1,bohr,hartree_per_elementary_charge
2.1562499999999991,0.13,2.8125,,0.051663799785370765,1,bohr,hartree_per_elementary_charge
2.1562499999999991,0.13,2.90625,,0.050049325202310528,1,bohr,hartree_per_elementary_charge
2.1562499999999991,0.13,2.9999999999999991,,0.048438999700607784,1,bohr,hartree_per_elementary_charge
2.1562499999999991,0.13,3.09375,,0.046828674198905081,1,bohr,hartree_per_elementary_charge
2.1562499999999991,0.13,3.1875,,0.045231090138324381,1,bohr,hartree_per_elementary_charge
2.1562499999999991,0.13,3.2812499999999991,,0.043689021840806662,1,bohr,hartree_per_elementary_charge
2.1562499999999991,0.13,3.375,,0.04214695354328897,1,bohr,hartree_per_elementary_charge
2.1562499999999991,0.13,3.46875,,0.040627646040393761,1,bohr,hartree_per_elementary_charge
2.1562499999999991,0.13,3.5625,,0.039199380920093251,1,bohr,hartree_per_elementary_charge
2.1562499999999991,0.13,3.65625,,0.037771115799792761,1,bohr,hartree_per_elementary_charge
2.1562499999999991,0.13,3.75,,0.036371981510782338,1,bohr,hartree_per_elementary_charge
2.1562499999999991,0.13,3.84375,,0.035080266275002221,1,bohr,hartree_per_elementary_charge
2.1562499999999991,0.13,3.9375,,0.033788551039222063,1,bohr,hartree_per_elementary_charge
2.1562499999999991,0.13,4.03125,,0.03252888290966522,1,bohr,hartree_per_elementary_charge
2.1562499999999991,0.13,4.125,,0.03137855110945572,1,bohr,hartree_per_elementary_charge
2.1562499999999991,0.13,4.21875,,0.030228219309246195,1,bohr,hartree_per_elementary_charge
2.1562499999999991,0.13,4.3125,,0.029110308751121802,1,bohr,hartree_per_elementary_charge
2.1562499999999991,0.13,4.40625,,0.028095064693779176,1,bohr,hartree_per_elementary_charge
2.1562499999999991,0.13,4.5,,0.027079820636436533,1,bohr,hartree_per_elementary_charge
2.25,0.13,-4.5,,0.0022785643019704719,1,bohr,hartree_per_elementary_charge
2.25,0.13,-4.40625,,0.0027040087696633634,1,bohr,hartree_per_elementary_charge
2.25,0.13,-4.3125,,0.0032540458023593249,1,bohr,hartree_per_elementary_charge
2.25,0.13,-4.21875,,0.0038302067626308674,1,bohr,hartree_per_elementary_charge
2.25,0.13,-4.125,,0.0044063677229024111,1,bohr,hartree_per_elementary_charge
2.25,0.13,-4.03125,,0.0051615470075720383,1,bohr,hartree_per_elementary_charge
2.25,0.13,-3.9375,,0.005950824578723749,1,bohr,hartree_per_elementary_charge
2.25,0.13,-3.84375,,0.0067401021498754588,1,bohr,hartree_per_elementary_charge
2.25,0.13,-3.75,,0.0077926861045710741,1,bohr,hartree_per_elementary_charge
2.25,0.13,-3.65625,,0.008890525218620467,1,bohr,hartree_per_elementary_charge
2.25,0.13,-3.5625,,0.009988364332669853,1,bohr,hartree_per_elementary_charge
2.25,0.13,-3.46875,,0.011484246321973974,1,bohr,hartree_per_elementary_charge
2.25,0.13,-3.375,,0.013041364767003566,1,bohr,hartree_per_elementary_charge
2.25,0.13,-3.28125,,0.014598483212033157,1,bohr,hartree_per_elementary_charge
2.25,0.13,-3.1875,,0.016777821769934986,1,bohr,hartree_per_elementary_charge
2.25,0.13,-3.09375,,0.019042007155989808,1,bohr,hartree_per_elementary_charge
2.25,0.13,-3,,0.021306192542044626,1,bohr,hartree_per_elementary_charge
2.25,0.13,-2.90625,,0.024584257041224751,1,bohr,hartree_per_elementary_charge
2.25,0.13,-2.8125,,0.027983379584450668,1,bohr,hartree_per_elementary_charge
2.25,0.13,-2.71875,,0.031382502127676563,1,bohr,hartree_per_elementary_charge
2.25,0.13,-2.625,,0.036515244391790352,1,bohr,hartree_per_elementary_charge
2.25,0.13,-2.53125,,0.041826443969792064,1,bohr,hartree_per_elementary_charge
2.25,0.13,-2.4375,,0.047137643547793782,1,bohr,hartree_per_elementary_charge
2.25,0.13,-2.34375,,0.055554966047079615,1,bohr,hartree_per_elementary_charge
2.25,0.13,-2.25,,0.064242380078723738,1,bohr,hartree_per_elementary_charge
2.25,0.13,-2.1562500000000004,,0.072929794110367804,1,bohr,hartree_per_elementary_charge
2.25,0.13,-2.0625,,0.087356729870976632,1,bohr,hartree_per_elementary_charge
2.25,0.13,-1.96875,,0.10219362057797245,1,bohr,hartree_per_elementary_charge
2.25,0.13,-1.8750000000000004,,0.11703051128496821,1,bohr,hartree_per_elementary_charge
2.25,0.13,-1.78125,,0.14246848607135065,1,bohr,hartree_per_elementary_charge
2.25,0.13,-1.6875,,0.16850368562754925,1,bohr,hartree_per_elementary_charge
2.25,0.13,-1.5937500000000004,,0.19453888518374796,1,bohr,hartree_per_elementary_charge
2.25,0.13,-1.5,,0.23917452595384769,1,bohr,hartree_per_elementary_charge
2.25,0.13,-1.40625,,0.28458515225835412,1,bohr,hartree_per_elementary_charge
2.25,0.13,-1.3125000000000004,,0.32999577856286111,1,bohr,hartree_per_elementary_charge
2.25,0.13,-1.21875,,0.40233825230652831,1,bohr,hartree_per_elementary_charge
2.25,0.13,-1.125,,0.47541853897652464,1,bohr,hartree_per_elementary_charge
2.25,0.13,-1.0312500000000004,,0.54849882564652175,1,bohr,hartree_per_elementary_charge
2.25,0.13,-0.9375,,0.63294239905098748,1,bohr,hartree_per_elementary_charge
2.25,0.13,-0.84375,,0.71753951168300012,1,bohr,hartree_per_elementary_charge
2.25,0.13,-0.75000000000000044,,0.80213649845912216,1,bohr,hartree_per_elementary_charge
2.25,0.13,-0.65625,,0.807551930967214,1,bohr,hartree_per_elementary_charge
2.25,0.13,-0.5625,,0.81296736347530585,1,bohr,hartree_per_elementary_charge
2.25,0.13,-0.46875,,0.81722338863330479,1,bohr,hartree_per_elementary_charge
2.25,0.13,-0.375,,0.73569355165080164,1,bohr,hartree_per_elementary_charge
2.25,0.13,-0.28125,,0.6541637146682977,1,bohr,hartree_per_elementary_charge
2.25,0.13,-0.1875,,0.57284749095623821,1,bohr,hartree_per_elementary_charge
2.25,0.13,-0.09375,,0.49932768181946907,1,bohr,hartree_per_elementary_charge
2.25,0.13,0,,0.42580787268269998,1,bohr,hartree_per_elementary_charge
2.25,0.13,0.09375,,0.35342466175207221,1,bohr,hartree_per_elementary_charge
2.25,0.13,0.18749999999999911,,0.30831870580129811,1,bohr,hartree_per_elementary_charge
2.25,0.13,0.28125,,0.26321274985052312,1,bohr,hartree_per_elementary_charge
2.25,0.13,0.375,,0.21918467345628773,1,bohr,hartree_per_elementary_charge
2.25,0.13,0.46874999999999911,,0.19428837616928371,1,bohr,hartree_per_elementary_charge
2.25,0.13,0.5625,,0.16939207888227942,1,bohr,hartree_per_elementary_charge
2.25,0.13,0.65625,,0.14526408782043576,1,bohr,hartree_per_elementary_charge
2.25,0.13,0.74999999999999911,,0.13189212013986951,1,bohr,hartree_per_elementary_charge
2.25,0.13,0.84375,,0.11852015245930314,1,bohr,hartree_per_elementary_charge
2.25,0.13,0.9375,,0.10564068849944484,1,bohr,hartree_per_elementary_charge
2.25,0.13,1.0312499999999991,,0.098424900886411357,1,bohr,hartree_per_elementary_charge
2.25,0.13,1.125,,0.091209113273377801,1,bohr,hartree_per_elementary_charge
2.25,0.13,1.21875,,0.084292756212700423,1,bohr,hartree_per_elementary_charge
2.25,0.13,1.3124999999999991,,0.080285101514533413,1,bohr,hartree_per_elementary_charge
2.25,0.13,1.40625,,0.076277446816366279,1,bohr,hartree_per_elementary_charge
2.25,0.13,1.5,,0.072441422743738354,1,bohr,hartree_per_elementary_charge
2.25,0.13,1.5937499999999991,,0.070042782718289842,1,bohr,hartree_per_elementary_charge
2.25,0.13,1.6875,,0.067644142692841247,1,bohr,hartree_per_elementary_charge
2.25,0.13,1.78125,,0.065331864700087686,1,bohr,hartree_per_elementary_charge
2.25,0.13,1.8749999999999991,,0.06365289943433064,1,bohr,hartree_per_elementary_charge
2.25,0.13,1.96875,,0.061973934168573566,1,bohr,hartree_per_elementary_charge
2.25,0.13,2.0625,,0.060327102308612275,1,bohr,hartree_per_elementary_charge
2.25,0.13,2.1562499999999991,,0.058889134943238067,1,bohr,hartree_per_elementary_charge
2.25,0.13,2.25,,0.057451167577863886,1,bohr,hartree_per_elementary_charge
2.25,0.13,2.34375,,0.056017143135024282,1,bohr,hartree_per_elementary_charge
2.25,0.13,2.4374999999999991,,0.054606059066684066,1,bohr,hartree_per_elementary_charge
2.25,0.13,2.53125,,0.053194974998343872,1,bohr,hartree_per_elementary_charge
2.25,0.13,2.625,,0.051779811988895239,1,bohr,hartree_per_elementary_charge
2.25,0.13,2.7187499999999991,,0.050343234767567024,1,bohr,hartree_per_elementary_charge
2.25,0.13,2.8125,,0.048906657546238838,1,bohr,hartree_per_elementary_charge
2.25,0.13,2.90625,,0.047470129000934808,1,bohr,hartree_per_elementary_charge
2.25,0.13,2.9999999999999991,,0.046033832600515599,1,bohr,hartree_per_elementary_charge
2.25,0.13,3.09375,,0.044597536200096419,1,bohr,hartree_per_elementary_charge
2.25,0.13,3.1875,,0.043170062391618087,1,bohr,hartree_per_elementary_charge
2.25,0.13,3.2812499999999991,,0.041781029519223745,1,bohr,hartree_per_elementary_charge
2.25,0.13,3.375,,0.040391996646829416,1,bohr,hartree_per_elementary_charge
2.25,0.13,3.46875,,0.039020316533122996,1,bohr,hartree_per_elementary_charge
2.25,0.13,3.5625,,0.037718046847380143,1,bohr,hartree_per_elementary_charge
2.25,0.13,3.65625,,0.036415777161637311,1,bohr,hartree_per_elementary_charge
2.25,0.13,3.75,,0.03513699334715651,1,bohr,hartree_per_elementary_charge
2.25,0.13,3.84375,,0.03394481296771449,1,bohr,hartree_per_elementary_charge
2.25,0.13,3.9375,,0.032752632588272448,1,bohr,hartree_per_elementary_charge
2.25,0.13,4.03125,,0.031587327140420146,1,bohr,hartree_per_elementary_charge
2.25,0.13,4.125,,0.030513711917295423,1,bohr,hartree_per_elementary_charge
2.25,0.13,4.21875,,0.029440096694170671,1,bohr,hartree_per_elementary_charge
2.25,0.13,4.3125,,0.028394495103767996,1,bohr,hartree_per_elementary_charge
2.25,0.13,4.40625,,0.027437602688609446,1,bohr,hartree_per_elementary_charge
2.25,0.13,4.5,,0.026480710273450878,1,bohr,hartree_per_elementary_charge
2.34375,0.13,-4.5,,0.0027532580191026983,1,bohr,hartree_per_elementary_charge
2.34375,0.13,-4.40625,,0.0031956790968171106,1,bohr,hartree_per_elementary_charge
2.34375,0.13,-4.3125,,0.0037630486220335815,1,bohr,hartree_per_elementary_charge
2.34375,0.13,-4.21875,,0.0043566166944357908,1,bohr,hartree_per_elementary_charge
2.34375,0.13,-4.125,,0.0049501847668380009,1,bohr,hartree_per_elementary_charge
2.34375,0.13,-4.03125,,0.005721717589781964,1,bohr,hartree_per_elementary_charge
2.34375,0.13,-3.9375,,0.0065271480210746203,1,bohr,hartree_per_elementary_charge
2.34375,0.13,-3.84375,,0.0073325784523672749,1,bohr,hartree_per_elementary_charge
2.34375,0.13,-3.75,,0.0083972321279366258,1,bohr,hartree_per_elementary_charge
2.34375,0.13,-3.65625,,0.009506439182995121,1,bohr,hartree_per_elementary_charge
2.34375,0.13,-3.5625,,0.010615646238053604,1,bohr,hartree_per_elementary_charge
2.34375,0.13,-3.46875,,0.012112388149177101,1,bohr,hartree_per_elementary_charge
2.34375,0.13,-3.375,,0.013668749921704509,1,bohr,hartree_per_elementary_charge
2.34375,0.13,-3.28125,,0.015225111694231913,1,bohr,hartree_per_elementary_charge
2.34375,0.13,-3.1875,,0.017379299629677811,1,bohr,hartree_per_elementary_charge
2.34375,0.13,-3.09375,,0.019615007999229186,1,bohr,hartree_per_elementary_charge
2.34375,0.13,-3,,0.021850716368780564,1,bohr,hartree_per_elementary_charge
2.34375,0.13,-2.90625,,0.025044810335368917,1,bohr,hartree_per_elementary_charge
2.34375,0.13,-2.8125,,0.028353336372129147,1,bohr,hartree_per_elementary_charge
2.34375,0.13,-2.71875,,0.031661862408889352,1,bohr,hartree_per_elementary_charge
2.34375,0.13,-2.625,,0.036576243453603045,1,bohr,hartree_per_elementary_charge
2.34375,0.13,-2.53125,,0.04165592982321583,1,bohr,hartree_per_elementary_charge
2.34375,0.13,-2.4375,,0.046735616192828636,1,bohr,hartree_per_elementary_charge
2.34375,0.13,-2.34375,,0.054621475155576776,1,bohr,hartree_per_elementary_charge
2.34375,0.13,-2.25,,0.062751343603766802,1,bohr,hartree_per_elementary_charge
2.34375,0.13,-2.1562500000000004,,0.070881212051956771,1,bohr,hartree_per_elementary_charge
2.34375,0.13,-2.0625,,0.084037486354846008,1,bohr,hartree_per_elementary_charge
2.34375,0.13,-1.96875,,0.097552780109179033,1,bohr,hartree_per_elementary_charge
2.34375,0.13,-1.8750000000000004,,0.11106807386351199,1,bohr,hartree_per_elementary_charge
2.34375,0.13,-1.78125,,0.13348679148858689,1,bohr,hartree_per_elementary_charge
2.34375,0.13,-1.6875,,0.15640709416213042,1,bohr,hartree_per_elementary_charge
2.34375,0.13,-1.5937500000000004,,0.17932739683567406,1,bohr,hartree_per_elementary_charge
2.34375,0.13,-1.5,,0.216864376654122,1,bohr,hartree_per_elementary_charge
2.34375,0.13,-1.40625,,0.25501035887300383,1,bohr,hartree_per_elementary_charge
2.34375,0.13,-1.3125000000000004,,0.29315634109188593,1,bohr,hartree_per_elementary_charge
2.34375,0.13,-1.21875,,0.34967204515627442,1,bohr,hartree_per_elementary_charge
2.34375,0.13,-1.125,,0.40669099795847419,1,bohr,hartree_per_elementary_charge
2.34375,0.13,-1.0312500000000004,,0.46370995076067445,1,bohr,hartree_per_elementary_charge
2.34375,0.13,-0.9375,,0.52153734233781934,1,bohr,hartree_per_elementary_charge
2.34375,0.13,-0.84375,,0.57937565743277375,1,bohr,hartree_per_elementary_charge
2.34375,0.13,-0.75000000000000044,,0.63721388586267003,1,bohr,hartree_per_elementary_charge
2.34375,0.13,-0.65625,,0.64052726068886967,1,bohr,hartree_per_elementary_charge
2.34375,0.13,-0.5625,,0.64384063551506954,1,bohr,hartree_per_elementary_charge
2.34375,0.13,-0.46875,,0.646377986965877,1,bohr,hartree_per_elementary_charge
2.34375,0.13,-0.375,,0.5914964905079666,1,bohr,hartree_per_elementary_charge
2.34375,0.13,-0.28125,,0.53661499405005575,1,bohr,hartree_per_elementary_charge
2.34375,0.13,-0.1875,,0.48168263517590315,1,bohr,hartree_per_elementary_charge
2.34375,0.13,-0.09375,,0.42489390996972881,1,bohr,hartree_per_elementary_charge
2.34375,0.13,0,,0.36810518476355458,1,bohr,hartree_per_elementary_charge
2.34375,0.13,0.09375,,0.31208414590828487,1,bohr,hartree_per_elementary_charge
2.34375,0.13,0.18749999999999911,,0.27448683517877642,1,bohr,hartree_per_elementary_charge
2.34375,0.13,0.28125,,0.2368895244492672,1,bohr,hartree_per_elementary_charge
2.34375,0.13,0.375,,0.20013892915531639,1,bohr,hartree_per_elementary_charge
2.34375,0.13,0.46874999999999911,,0.17841707485705777,1,bohr,hartree_per_elementary_charge
2.34375,0.13,0.5625,,0.15669522055879886,1,bohr,hartree_per_elementary_charge
2.34375,0.13,0.65625,,0.13561942792297041,1,bohr,hartree_per_elementary_charge
2.34375,0.13,0.74999999999999911,,0.12358827675857545,1,bohr,hartree_per_elementary_charge
2.34375,0.13,0.84375,,0.11155712559418038,1,bohr,hartree_per_elementary_charge
2.34375,0.13,0.9375,,0.099956342261131564,1,bohr,hartree_per_elementary_charge
2.34375,0.13,1.0312499999999991,,0.093304687237866724,1,bohr,hartree_per_elementary_charge
2.34375,0.13,1.125,,0.086653032214601827,1,bohr,hartree_per_elementary_charge
2.34375,0.13,1.21875,,0.080269426292988083,1,bohr,hartree_per_elementary_charge
2.34375,0.13,1.3124999999999991,,0.076489679760826546,1,bohr,hartree_per_elementary_charge
2.34375,0.13,1.40625,,0.072709933228664911,1,bohr,hartree_per_elementary_charge
2.34375,0.13,1.5,,0.069087317922893007,1,bohr,hartree_per_elementary_charge
2.34375,0.13,1.5937499999999991,,0.066780656092305338,1,bohr,hartree_per_elementary_charge
2.34375,0.13,1.6875,,0.064473994261717599,1,bohr,hartree_per_elementary_charge
2.34375,0.13,1.78125,,0.062249625073088122,1,bohr,hartree_per_elementary_charge
2.34375,0.13,1.8749999999999991,,0.06062872682954832,1,bohr,hartree_per_elementary_charge
2.34375,0.13,1.96875,,0.059007828586008504,1,bohr,hartree_per_elementary_charge
2.34375,0.13,2.0625,,0.057420932963628192,1,bohr,hartree_per_elementary_charge
2.34375,0.13,2.1562499999999991,,0.056055051581949671,1,bohr,hartree_per_elementary_charge
2.34375,0.13,2.25,,0.054689170200271156,1,bohr,hartree_per_elementary_charge
2.34375,0.13,2.34375,,0.053330983547619011,1,bohr,hartree_per_elementary_charge
2.34375,0.13,2.4374999999999991,,0.052017565708958768,1,bohr,hartree_per_elementary_charge
2.34375,0.13,2.53125,,0.050704147870298526,1,bohr,hartree_per_elementary_charge
2.34375,0.13,2.625,,0.049389373027432154,1,bohr,hartree_per_elementary_charge
2.34375,0.13,2.7187499999999991,,0.048067473988648461,1,bohr,hartree_per_elementary_charge
2.34375,0.13,2.8125,,0.046745574949864775,1,bohr,hartree_per_elementary_charge
2.34375,0.13,2.90625,,0.045424220349300576,1,bohr,hartree_per_elementary_charge
2.34375,0.13,2.9999999999999991,,0.044105462274437679,1,bohr,hartree_per_elementary_charge
2.34375,0.13,3.09375,,0.042786704199574782,1,bohr,hartree_per_elementary_charge
2.34375,0.13,3.1875,,0.04147519396394235,1,bohr,hartree_per_elementary_charge
2.34375,0.13,3.2812499999999991,,0.040195263305657883,1,bohr,hartree_per_elementary_charge
2.34375,0.13,3.375,,0.038915332647373437,1,bohr,hartree_per_elementary_charge
2.34375,0.13,3.46875,,0.037649854241527503,1,bohr,hartree_per_elementary_charge
2.34375,0.13,3.5625,,0.036442184340071966,1,bohr,hartree_per_elementary_charge
2.34375,0.13,3.65625,,0.035234514438616464,1,bohr,hartree_per_elementary_charge
2.34375,0.13,3.75,,0.034046869512099925,1,bohr,hartree_per_elementary_charge
2.34375,0.13,3.84375,,0.032933066070829277,1,bohr,hartree_per_elementary_charge
2.34375,0.13,3.9375,,0.031819262629558608,1,bohr,hartree_per_elementary_charge
2.34375,0.13,4.03125,,0.03072886246633709,1,bohr,hartree_per_elementary_charge
2.34375,0.13,4.125,,0.029718308155616564,1,bohr,hartree_per_elementary_charge
2.34375,0.13,4.21875,,0.028707753844896024,1,bohr,hartree_per_elementary_charge
2.34375,0.13,4.3125,,0.027722041874870918,1,bohr,hartree_per_elementary_charge
2.34375,0.13,4.40625,,0.026814996730247891,1,bohr,hartree_per_elementary_charge
2.34375,0.13,4.5,,0.025907951585624839,1,bohr,hartree_per_elementary_charge
2.4374999999999991,0.13,-4.5,,0.0032092149562956778,1,bohr,hartree_per_elementary_charge
2.4374999999999991,0.13,-4.40625,,0.0036669551567070678,1,bohr,hartree_per_elementary_charge
2.4374999999999991,0.13,-4.3125,,0.0042494881459952723,1,bohr,hartree_per_elementary_charge
2.4374999999999991,0.13,-4.21875,,0.0048581870447700678,1,bohr,hartree_per_elementary_charge
2.4374999999999991,0.13,-4.125,,0.0054668859435448641,1,bohr,hartree_per_elementary_charge
2.4374999999999991,0.13,-4.03125,,0.0062517391530533227,1,bohr,hartree_per_elementary_charge
2.4374999999999991,0.13,-3.9375,,0.0070701451297025012,1,bohr,hartree_per_elementary_charge
2.4374999999999991,0.13,-3.84375,,0.0078885511063516781,1,bohr,hartree_per_elementary_charge
2.4374999999999991,0.13,-3.75,,0.0089609539303005716,1,bohr,hartree_per_elementary_charge
2.4374999999999991,0.13,-3.65625,,0.010077011859170188,1,bohr,hartree_per_elementary_charge
2.4374999999999991,0.13,-3.5625,,0.0111930697880398,1,bohr,hartree_per_elementary_charge
2.4374999999999991,0.13,-3.46875,,0.012684391767783434,1,bohr,hartree_per_elementary_charge
2.4374999999999991,0.13,-3.375,,0.014233445820791795,1,bohr,hartree_per_elementary_charge
2.4374999999999991,0.13,-3.28125,,0.015782499873800149,1,bohr,hartree_per_elementary_charge
2.4374999999999991,0.13,-3.1875,,0.017902220652582217,1,bohr,hartree_per_elementary_charge
2.4374999999999991,0.13,-3.09375,,0.020099758365617407,1,bohr,hartree_per_elementary_charge
2.4374999999999991,0.13,-3,,0.022297296078652599,1,bohr,hartree_per_elementary_charge
2.4374999999999991,0.13,-2.90625,,0.025393367002682802,1,bohr,hartree_per_elementary_charge
2.4374999999999991,0.13,-2.8125,,0.028596723570164077,1,bohr,hartree_per_elementary_charge
2.4374999999999991,0.13,-2.71875,,0.031800080137645327,1,bohr,hartree_per_elementary_charge
2.4374999999999991,0.13,-2.625,,0.036474906880449104,1,bohr,hartree_per_elementary_charge
2.4374999999999991,0.13,-2.53125,,0.041301205489770274,1,bohr,hartree_per_elementary_charge
2.4374999999999991,0.13,-2.4375,,0.046127504099091443,1,bohr,hartree_per_elementary_charge
2.4374999999999991,0.13,-2.34375,,0.05345176088459104,1,bohr,hartree_per_elementary_charge
2.4374999999999991,0.13,-2.25,,0.060993226508462034,1,bohr,hartree_per_elementary_charge
2.4374999999999991,0.13,-2.1562500000000004,,0.068534692132332986,1,bohr,hartree_per_elementary_charge
2.4374999999999991,0.13,-2.0625,,0.080389411914516998,1,bohr,hartree_per_elementary_charge
2.4374999999999991,0.13,-1.96875,,0.092552213094546629,1,bohr,hartree_per_elementary_charge
2.4374999999999991,0.13,-1.8750000000000004,,0.10471501427457618,1,bohr,hartree_per_elementary_charge
2.4374999999999991,0.13,-1.78125,,0.12415377471728659,1,bohr,hartree_per_elementary_charge
2.4374999999999991,0.13,-1.6875,,0.14400243504035878,1,bohr,hartree_per_elementary_charge
2.4374999999999991,0.13,-1.5937500000000004,,0.16385109536343107,1,bohr,hartree_per_elementary_charge
2.4374999999999991,0.13,-1.5,,0.19481400853082903,1,bohr,hartree_per_elementary_charge
2.4374999999999991,0.13,-1.40625,,0.2262399959382968,1,bohr,hartree_per_elementary_charge
2.4374999999999991,0.13,-1.3125000000000004,,0.25766598334576485,1,bohr,hartree_per_elementary_charge
2.4374999999999991,0.13,-1.21875,,0.30142179452994278,1,bohr,hartree_per_elementary_charge
2.4374999999999991,0.13,-1.125,,0.34551538808803184,1,bohr,hartree_per_elementary_charge
2.4374999999999991,0.13,-1.0312500000000004,,0.3896089816461214,1,bohr,hartree_per_elementary_charge
2.4374999999999991,0.13,-0.9375,,0.43160696634873541,1,bohr,hartree_per_elementary_charge
2.4374999999999991,0.13,-0.84375,,0.47357663546164053,1,bohr,hartree_per_elementary_charge
2.4374999999999991,0.13,-0.75000000000000044,,0.51554624160505957,1,bohr,hartree_per_elementary_charge
2.4374999999999991,0.13,-0.65625,,0.51789893533779296,1,bohr,hartree_per_elementary_charge
2.4374999999999991,0.13,-0.5625,,0.52025162907052636,1,bohr,hartree_per_elementary_charge
2.4374999999999991,0.13,-0.46875,,0.52204516121275646,1,bohr,hartree_per_elementary_charge
2.4374999999999991,0.13,-0.375,,0.48246569437119519,1,bohr,hartree_per_elementary_charge
2.4374999999999991,0.13,-0.28125,,0.44288622752963358,1,bohr,hartree_per_elementary_charge
2.4374999999999991,0.13,-0.1875,,0.40320097546063566,1,bohr,hartree_per_elementary_charge
2.4374999999999991,0.13,-0.09375,,0.35965479524178356,1,bohr,hartree_per_elementary_charge
2.4374999999999991,0.13,0,,0.31610861502293164,1,bohr,hartree_per_elementary_charge
2.4374999999999991,0.13,0.09375,,0.27307647072307201,1,bohr,hartree_per_elementary_charge
2.4374999999999991,0.13,0.18749999999999911,,0.24238069010511312,1,bohr,hartree_per_elementary_charge
2.4374999999999991,0.13,0.28125,,0.21168490948715357,1,bohr,hartree_per_elementary_charge
2.4374999999999991,0.13,0.375,,0.18163308648330315,1,bohr,hartree_per_elementary_charge
2.4374999999999991,0.13,0.46874999999999911,,0.16301116281542849,1,bohr,hartree_per_elementary_charge
2.4374999999999991,0.13,0.5625,,0.14438923914755364,1,bohr,hartree_per_elementary_charge
2.4374999999999991,0.13,0.65625,,0.12629561842317294,1,bohr,hartree_per_elementary_charge
2.4374999999999991,0.13,0.74999999999999911,,0.11559805753344055,1,bohr,hartree_per_elementary_charge
2.4374999999999991,0.13,0.84375,,0.10490049664370805,1,bohr,hartree_per_elementary_charge
2.4374999999999991,0.13,0.9375,,0.094571538663467944,1,bohr,hartree_per_elementary_charge
2.4374999999999991,0.13,1.0312499999999991,,0.088481426994604859,1,bohr,hartree_per_elementary_charge
2.4374999999999991,0.13,1.125,,0.082391315325741704,1,bohr,hartree_per_elementary_charge
2.4374999999999991,0.13,1.21875,,0.076538123216606274,1,bohr,hartree_per_elementary_charge
2.4374999999999991,0.13,1.3124999999999991,,0.072986394594353785,1,bohr,hartree_per_elementary_charge
2.4374999999999991,0.13,1.40625,,0.069434665972101184,1,bohr,hartree_per_elementary_charge
2.4374999999999991,0.13,1.5,,0.066025617565171071,1,bohr,hartree_per_elementary_charge
2.4374999999999991,0.13,1.5937499999999991,,0.063811497305291204,1,bohr,hartree_per_elementary_charge
2.4374999999999991,0.13,1.6875,,0.061597377045411274,1,bohr,hartree_per_elementary_charge
2.4374999999999991,0.13,1.78125,,0.0594609120223729,1,bohr,hartree_per_elementary_charge
2.4374999999999991,0.13,1.8749999999999991,,0.057893910781913277,1,bohr,hartree_per_elementary_charge
2.4374999999999991,0.13,1.96875,,0.056326909541453619,1,bohr,hartree_per_elementary_charge
2.4374999999999991,0.13,2.0625,,0.054794833169055659,1,bohr,hartree_per_elementary_charge
2.4374999999999991,0.13,2.1562499999999991,,0.053489765566365657,1,bohr,hartree_per_elementary_charge
2.4374999999999991,0.13,2.25,,0.052184697963675655,1,bohr,hartree_per_elementary_charge
2.4374999999999991,0.13,2.34375,,0.050890337505973389,1,bohr,hartree_per_elementary_charge
2.4374999999999991,0.13,2.4374999999999991,,0.049658272443040441,1,bohr,hartree_per_elementary_charge
2.4374999999999991,0.13,2.53125,,0.048426207380107493,1,bohr,hartree_per_elementary_charge
2.4374999999999991,0.13,2.625,,0.047195336597238471,1,bohr,hartree_per_elementary_charge
2.4374999999999991,0.13,2.7187499999999991,,0.045970735717673523,1,bohr,hartree_per_elementary_charge
2.4374999999999991,0.13,2.8125,,0.044746134838108582,1,bohr,hartree_per_elementary_charge
2.4374999999999991,0.13,2.90625,,0.043522931326932239,1,bohr,hartree_per_elementary_charge
2.4374999999999991,0.13,2.9999999999999991,,0.042306392121833729,1,bohr,hartree_per_elementary_charge
2.4374999999999991,0.13,3.09375,,0.041089852916735274,1,bohr,hartree_per_elementary_charge
2.4374999999999991,0.13,3.1875,,0.03987962248215652,1,bohr,hartree_per_elementary_charge
2.4374999999999991,0.13,3.2812499999999991,,0.038696880006438686,1,bohr,hartree_per_elementary_charge
2.4374999999999991,0.13,3.375,,0.037514137530720901,1,bohr,hartree_per_elementary_charge
2.4374999999999991,0.13,3.46875,,0.036343626805841925,1,bohr,hartree_per_elementary_charge
2.4374999999999991,0.13,3.5625,,0.035222042656600658,1,bohr,hartree_per_elementary_charge
2.4374999999999991,0.13,3.65625,,0.034100458507359419,1,bohr,hartree_per_elementary_charge
2.4374999999999991,0.13,3.75,,0.032996030722234608,1,bohr,hartree_per_elementary_charge
2.4374999999999991,0.13,3.84375,,0.031954866507308388,1,bohr,hartree_per_elementary_charge
2.4374999999999991,0.13,3.9375,,0.030913702292382141,1,bohr,hartree_per_elementary_charge
2.4374999999999991,0.13,4.03125,,0.029892930857920844,1,bohr,hartree_per_elementary_charge
2.4374999999999991,0.13,4.125,,0.028941734247023544,1,bohr,hartree_per_elementary_charge
2.4374999999999991,0.13,4.21875,,0.027990537636126227,1,bohr,hartree_per_elementary_charge
2.4374999999999991,0.13,4.3125,,0.027061347344719121,1,bohr,hartree_per_elementary_charge
2.4374999999999991,0.13,4.40625,,0.026201843211887059,1,bohr,hartree_per_elementary_charge
2.4374999999999991,0.13,4.5,,0.02534233907905498,1,bohr,hartree_per_elementary_charge
2.53125,0.13,-4.5,,0.0036651718934886572,1,bohr,hartree_per_elementary_charge
2.53125,0.13,-4.40625,,0.0041382312165970268,1,bohr,hartree_per_elementary_charge
2.53125,0.13,-4.3125,,0.0047359276699569632,1,bohr,hartree_per_elementary_charge
2.53125,0.13,-4.21875,,0.0053597573951043457,1,bohr,hartree_per_elementary_charge
2.53125,0.13,-4.125,,0.005983587120251729,1,bohr,hartree_per_elementary_charge
2.53125,0.13,-4.03125,,0.0067817607163246831,1,bohr,hartree_per_elementary_charge
2.53125,0.13,-3.9375,,0.007613142238330383,1,bohr,hartree_per_elementary_charge
2.53125,0.13,-3.84375,,0.0084445237603360812,1,bohr,hartree_per_elementary_charge
2.53125,0.13,-3.75,,0.0095246757326645174,1,bohr,hartree_per_elementary_charge
2.53125,0.13,-3.65625,,0.010647584535345258,1,bohr,hartree_per_elementary_charge
2.53125,0.13,-3.5625,,0.011770493338025996,1,bohr,hartree_per_elementary_charge
2.53125,0.13,-3.46875,,0.013256395386389768,1,bohr,hartree_per_elementary_charge
2.53125,0.13,-3.375,,0.014798141719879077,1,bohr,hartree_per_elementary_charge
2.53125,0.13,-3.28125,,0.01633988805336839,1,bohr,hartree_per_elementary_charge
2.53125,0.13,-3.1875,,0.018425141675486624,1,bohr,hartree_per_elementary_charge
2.53125,0.13,-3.09375,,0.020584508732005628,1,bohr,hartree_per_elementary_charge
2.53125,0.13,-3,,0.022743875788524631,1,bohr,hartree_per_elementary_charge
2.53125,0.13,-2.90625,,0.025741923669996697,1,bohr,hartree_per_elementary_charge
2.53125,0.13,-2.8125,,0.028840110768199003,1,bohr,hartree_per_elementary_charge
2.53125,0.13,-2.71875,,0.031938297866401295,1,bohr,hartree_per_elementary_charge
2.53125,0.13,-2.625,,0.036373570307295162,1,bohr,hartree_per_elementary_charge
2.53125,0.13,-2.53125,,0.04094648115632471,1,bohr,hartree_per_elementary_charge
2.53125,0.13,-2.4375,,0.045519392005354258,1,bohr,hartree_per_elementary_charge
2.53125,0.13,-2.34375,,0.052282046613605304,1,bohr,hartree_per_elementary_charge
2.53125,0.13,-2.25,,0.05923510941315728,1,bohr,hartree_per_elementary_charge
2.53125,0.13,-2.1562500000000004,,0.066188172212709229,1,bohr,hartree_per_elementary_charge
2.53125,0.13,-2.0625,,0.076741337474187973,1,bohr,hartree_per_elementary_charge
2.53125,0.13,-1.96875,,0.087551646079914225,1,bohr,hartree_per_elementary_charge
2.53125,0.13,-1.8750000000000004,,0.098361954685640379,1,bohr,hartree_per_elementary_charge
2.53125,0.13,-1.78125,,0.11482075794598627,1,bohr,hartree_per_elementary_charge
2.53125,0.13,-1.6875,,0.13159777591858718,1,bohr,hartree_per_elementary_charge
2.53125,0.13,-1.5937500000000004,,0.14837479389118813,1,bohr,hartree_per_elementary_charge
2.53125,0.13,-1.5,,0.17276364040753608,1,bohr,hartree_per_elementary_charge
2.53125,0.13,-1.40625,,0.1974696330035898,1,bohr,hartree_per_elementary_charge
2.53125,0.13,-1.3125000000000004,,0.22217562559964379,1,bohr,hartree_per_elementary_charge
2.53125,0.13,-1.21875,,0.25317154390361113,1,bohr,hartree_per_elementary_charge
2.53125,0.13,-1.125,,0.28433977821758954,1,bohr,hartree_per_elementary_charge
2.53125,0.13,-1.0312500000000004,,0.31550801253156824,1,bohr,hartree_per_elementary_charge
2.53125,0.13,-0.9375,,0.34167659035965137,1,bohr,hartree_per_elementary_charge
2.53125,0.13,-0.84375,,0.36777761349050742,1,bohr,hartree_per_elementary_charge
2.53125,0.13,-0.75000000000000044,,0.39387859734744923,1,bohr,hartree_per_elementary_charge
2.53125,0.13,-0.65625,,0.39527060998671604,1,bohr,hartree_per_elementary_charge
2.53125,0.13,-0.5625,,0.39666262262598301,1,bohr,hartree_per_elementary_charge
2.53125,0.13,-0.46875,,0.39771233545963569,1,bohr,hartree_per_elementary_charge
2.53125,0.13,-0.375,,0.37343489823442366,1,bohr,hartree_per_elementary_charge
2.53125,0.13,-0.28125,,0.34915746100921141,1,bohr,hartree_per_elementary_charge
2.53125,0.13,-0.1875,,0.32471931574536811,1,bohr,hartree_per_elementary_charge
2.53125,0.13,-0.09375,,0.29441568051383837,1,bohr,hartree_per_elementary_charge
2.53125,0.13,0,,0.26411204528230875,1,bohr,hartree_per_elementary_charge
2.53125,0.13,0.09375,,0.2340687955378592,1,bohr,hartree_per_elementary_charge
2.53125,0.13,0.18749999999999911,,0.21027454503144982,1,bohr,hartree_per_elementary_charge
2.53125,0.13,0.28125,,0.18648029452503997,1,bohr,hartree_per_elementary_charge
2.53125,0.13,0.375,,0.16312724381128993,1,bohr,hartree_per_elementary_charge
2.53125,0.13,0.46874999999999911,,0.14760525077379924,1,bohr,hartree_per_elementary_charge
2.53125,0.13,0.5625,,0.13208325773630841,1,bohr,hartree_per_elementary_charge
2.53125,0.13,0.65625,,0.11697180892337546,1,bohr,hartree_per_elementary_charge
2.53125,0.13,0.74999999999999911,,0.10760783830830564,1,bohr,hartree_per_elementary_charge
2.53125,0.13,0.84375,,0.098243867693235731,1,bohr,hartree_per_elementary_charge
2.53125,0.13,0.9375,,0.08918673506580431,1,bohr,hartree_per_elementary_charge
2.53125,0.13,1.0312499999999991,,0.083658166751342966,1,bohr,hartree_per_elementary_charge
2.53125,0.13,1.125,,0.078129598436881581,1,bohr,hartree_per_elementary_charge
2.53125,0.13,1.21875,,0.072806820140224465,1,bohr,hartree_per_elementary_charge
2.53125,0.13,1.3124999999999991,,0.069483109427881024,1,bohr,hartree_per_elementary_charge
2.53125,0.13,1.40625,,0.066159398715537471,1,bohr,hartree_per_elementary_charge
2.53125,0.13,1.5,,0.062963917207449108,1,bohr,hartree_per_elementary_charge
2.53125,0.13,1.5937499999999991,,0.060842338518277063,1,bohr,hartree_per_elementary_charge
2.53125,0.13,1.6875,,0.058720759829104942,1,bohr,hartree_per_elementary_charge
2.53125,0.13,1.78125,,0.056672198971657699,1,bohr,hartree_per_elementary_charge
2.53125,0.13,1.8749999999999991,,0.055159094734278234,1,bohr,hartree_per_elementary_charge
2.53125,0.13,1.96875,,0.053645990496898749,1,bohr,hartree_per_elementary_charge
2.53125,0.13,2.0625,,0.052168733374483134,1,bohr,hartree_per_elementary_charge
2.53125,0.13,2.1562499999999991,,0.050924479550781637,1,bohr,hartree_per_elementary_charge
2.53125,0.13,2.25,,0.049680225727080154,1,bohr,hartree_per_elementary_charge
2.53125,0.13,2.34375,,0.048449691464327767,1,bohr,hartree_per_elementary_charge
2.53125,0.13,2.4374999999999991,,0.0472989791771221,1,bohr,hartree_per_elementary_charge
2.53125,0.13,2.53125,,0.046148266889916453,1,bohr,hartree_per_elementary_charge
2.53125,0.13,2.625,,0.045001300167044796,1,bohr,hartree_per_elementary_charge
2.53125,0.13,2.7187499999999991,,0.043873997446698586,1,bohr,hartree_per_elementary_charge
2.53125,0.13,2.8125,,0.04274669472635239,1,bohr,hartree_per_elementary_charge
2.53125,0.13,2.90625,,0.041621642304563881,1,bohr,hartree_per_elementary_charge
2.53125,0.13,2.9999999999999991,,0.040507321969229806,1,bohr,hartree_per_elementary_charge
2.53125,0.13,3.09375,,0.039393001633895766,1,bohr,hartree_per_elementary_charge
2.53125,0.13,3.1875,,0.038284051000370668,1,bohr,hartree_per_elementary_charge
2.53125,0.13,3.2812499999999991,,0.037198496707219503,1,bohr,hartree_per_elementary_charge
2.53125,0.13,3.375,,0.036112942414068358,1,bohr,hartree_per_elementary_charge
2.53125,0.13,3.46875,,0.035037399370156347,1,bohr,hartree_per_elementary_charge
2.53125,0.13,3.5625,,0.034001900973129343,1,bohr,hartree_per_elementary_charge
2.53125,0.13,3.65625,,0.032966402576102366,1,bohr,hartree_per_elementary_charge
2.53125,0.13,3.75,,0.031945191932369291,1,bohr,hartree_per_elementary_charge
2.53125,0.13,3.84375,,0.030976666943787496,1,bohr,hartree_per_elementary_charge
2.53125,0.13,3.9375,,0.030008141955205674,1,bohr,hartree_per_elementary_charge
2.53125,0.13,4.03125,,0.029056999249504601,1,bohr,hartree_per_elementary_charge
2.53125,0.13,4.125,,0.028165160338430528,1,bohr,hartree_per_elementary_charge
2.53125,0.13,4.21875,,0.027273321427356438,1,bohr,hartree_per_elementary_charge
2.53125,0.13,4.3125,,0.026400652814567313,1,bohr,hartree_per_elementary_charge
2.53125,0.13,4.40625,,0.025588689693526227,1,bohr,hartree_per_elementary_charge
2.53125,0.13,4.5,,0.024776726572485114,1,bohr,hartree_per_elementary_charge
2.625,0.13,-4.5,,0.0040510358734383483,1,bohr,hartree_per_elementary_charge
2.625,0.13,-4.40625,,0.0045337052995567118,1,bohr,hartree_per_elementary_charge
2.625,0.13,-4.3125,,0.0051393238378168232,1,bohr,hartree_per_elementary_charge
2.625,0.13,-4.21875,,0.0057707217129177295,1,bohr,hartree_per_elementary_charge
2.625,0.13,-4.125,,0.0064021195880186385,1,bohr,hartree_per_elementary_charge
2.625,0.13,-4.03125,,0.0072039317996533646,1,bohr,hartree_per_elementary_charge
2.625,0.13,-3.9375,,0.008038203464181097,1,bohr,hartree_per_elementary_charge
2.625,0.13,-3.84375,,0.008872475128708826,1,bohr,hartree_per_elementary_charge
2.625,0.13,-3.75,,0.0099473795736340041,1,bohr,hartree_per_elementary_charge
2.625,0.13,-3.65625,,0.011063642206218968,1,bohr,hartree_per_elementary_charge
2.625,0.13,-3.5625,,0.012179904838803927,1,bohr,hartree_per_elementary_charge
2.625,0.13,-3.46875,,0.013643016673352194,1,bohr,hartree_per_elementary_charge
2.625,0.13,-3.375,,0.015159489130888239,1,bohr,hartree_per_elementary_charge
2.625,0.13,-3.28125,,0.016675961588424285,1,bohr,hartree_per_elementary_charge
2.625,0.13,-3.1875,,0.018704140970757954,1,bohr,hartree_per_elementary_charge
2.625,0.13,-3.09375,,0.020802097444212291,1,bohr,hartree_per_elementary_charge
2.625,0.13,-3,,0.022900053917666627,1,bohr,hartree_per_elementary_charge
2.625,0.13,-2.90625,,0.025773185352599363,1,bohr,hartree_per_elementary_charge
2.625,0.13,-2.8125,,0.028738873349172463,1,bohr,hartree_per_elementary_charge
2.625,0.13,-2.71875,,0.031704561345745549,1,bohr,hartree_per_elementary_charge
2.625,0.13,-2.625,,0.03587763905202377,1,bohr,hartree_per_elementary_charge
2.625,0.13,-2.53125,,0.040175004410209623,1,bohr,hartree_per_elementary_charge
2.625,0.13,-2.4375,,0.04447236976839547,1,bohr,hartree_per_elementary_charge
2.625,0.13,-2.34375,,0.050690205397683791,1,bohr,hartree_per_elementary_charge
2.625,0.13,-2.25,,0.057075034662290344,1,bohr,hartree_per_elementary_charge
2.625,0.13,-2.1562500000000004,,0.06345986392689687,1,bohr,hartree_per_elementary_charge
2.625,0.13,-2.0625,,0.072888971964908539,1,bohr,hartree_per_elementary_charge
2.625,0.13,-1.96875,,0.08253552270986915,1,bohr,hartree_per_elementary_charge
2.625,0.13,-1.8750000000000004,,0.092182073454829719,1,bohr,hartree_per_elementary_charge
2.625,0.13,-1.78125,,0.10638112424149754,1,bohr,hartree_per_elementary_charge
2.625,0.13,-1.6875,,0.12083664557109632,1,bohr,hartree_per_elementary_charge
2.625,0.13,-1.5937500000000004,,0.13529216690069512,1,bohr,hartree_per_elementary_charge
2.625,0.13,-1.5,,0.15543988731328598,1,bohr,hartree_per_elementary_charge
2.625,0.13,-1.40625,,0.17582477263489982,1,bohr,hartree_per_elementary_charge
2.625,0.13,-1.3125000000000004,,0.19620965795651391,1,bohr,hartree_per_elementary_charge
2.625,0.13,-1.21875,,0.22045295844210211,1,bohr,hartree_per_elementary_charge
2.625,0.13,-1.125,,0.24480196235518634,1,bohr,hartree_per_elementary_charge
2.625,0.13,-1.0312500000000004,,0.2691509662682709,1,bohr,hartree_per_elementary_charge
2.625,0.13,-0.9375,,0.28839477194528074,1,bohr,hartree_per_elementary_charge
2.625,0.13,-0.84375,,0.30756959685889318,1,bohr,hartree_per_elementary_charge
2.625,0.13,-0.75000000000000044,,0.32674439292423618,1,bohr,hartree_per_elementary_charge
2.625,0.13,-0.65625,,0.32776945602817331,1,bohr,hartree_per_elementary_charge
2.625,0.13,-0.5625,,0.32879451913211022,1,bohr,hartree_per_elementary_charge
2.625,0.13,-0.46875,,0.32957048582272036,1,bohr,hartree_per_elementary_charge
2.625,0.13,-0.375,,0.31191552694464353,1,bohr,hartree_per_elementary_charge
2.625,0.13,-0.28125,,0.29426056806656642,1,bohr,hartree_per_elementary_charge
2.625,0.13,-0.1875,,0.27645165943874495,1,bohr,hartree_per_elementary_charge
2.625,0.13,-0.09375,,0.25302392352421632,1,bohr,hartree_per_elementary_charge
2.625,0.13,0,,0.2295961876096877,1,bohr,hartree_per_elementary_charge
2.625,0.13,0.09375,,0.20632847780680094,1,bohr,hartree_per_elementary_charge
2.625,0.13,0.18749999999999911,,0.18690123953298907,1,bohr,hartree_per_elementary_charge
2.625,0.13,0.28125,,0.16747400125917677,1,bohr,hartree_per_elementary_charge
2.625,0.13,0.375,,0.14837751858326623,1,bohr,hartree_per_elementary_charge
2.625,0.13,0.46874999999999911,,0.13515176886554359,1,bohr,hartree_per_elementary_charge
2.625,0.13,0.5625,,0.12192601914782085,1,bohr,hartree_per_elementary_charge
2.625,0.13,0.65625,,0.10903138876726526,1,bohr,hartree_per_elementary_charge
2.625,0.13,0.74999999999999911,,0.10077231542884961,1,bohr,hartree_per_elementary_charge
2.625,0.13,0.84375,,0.092513242090433878,1,bohr,hartree_per_elementary_charge
2.625,0.13,0.9375,,0.084513044164430715,1,bohr,hartree_per_elementary_charge
2.625,0.13,1.0312499999999991,,0.079489852275961198,1,bohr,hartree_per_elementary_charge
2.625,0.13,1.125,,0.07446666038749164,1,bohr,hartree_per_elementary_charge
2.625,0.13,1.21875,,0.069622869327709017,1,bohr,hartree_per_elementary_charge
2.625,0.13,1.3124999999999991,,0.066521798274725485,1,bohr,hartree_per_elementary_charge
2.625,0.13,1.40625,,0.063420727221741857,1,bohr,hartree_per_elementary_charge
2.625,0.13,1.5,,0.060434641957574572,1,bohr,hartree_per_elementary_charge
2.625,0.13,1.5937499999999991,,0.058411547639677541,1,bohr,hartree_per_elementary_charge
2.625,0.13,1.6875,,0.056388453321780441,1,bohr,hartree_per_elementary_charge
2.625,0.13,1.78125,,0.054433046336691042,1,bohr,hartree_per_elementary_charge
2.625,0.13,1.8749999999999991,,0.052974006192282166,1,bohr,hartree_per_elementary_charge
2.625,0.13,1.96875,,0.051514966047873249,1,bohr,hartree_per_elementary_charge
2.625,0.13,2.0625,,0.050091015769557559,1,bohr,hartree_per_elementary_charge
2.625,0.13,2.1562499999999991,,0.048895146734583152,1,bohr,hartree_per_elementary_charge
2.625,0.13,2.25,,0.047699277699608758,1,bohr,hartree_per_elementary_charge
2.625,0.13,2.34375,,0.046518458959932389,1,bohr,hartree_per_elementary_charge
2.625,0.13,2.4374999999999991,,0.04542520456052207,1,bohr,hartree_per_elementary_charge
2.625,0.13,2.53125,,0.044331950161111779,1,bohr,hartree_per_elementary_charge
2.625,0.13,2.625,,0.043244046917443754,1,bohr,hartree_per_elementary_charge
2.625,0.13,2.7187499999999991,,0.042184236941077327,1,bohr,hartree_per_elementary_charge
2.625,0.13,2.8125,,0.041124426964710907,1,bohr,hartree_per_elementary_charge
2.625,0.13,2.90625,,0.040067716808328824,1,bohr,hartree_per_elementary_charge
2.625,0.13,2.9999999999999991,,0.03902579026185992,1,bohr,hartree_per_elementary_charge
2.625,0.13,3.09375,,0.037983863715391052,1,bohr,hartree_per_elementary_charge
2.625,0.13,3.1875,,0.036947087804636798,1,bohr,hartree_per_elementary_charge
2.625,0.13,3.2812499999999991,,0.035932753740861849,1,bohr,hartree_per_elementary_charge
2.625,0.13,3.375,,0.034918419677086907,1,bohr,hartree_per_elementary_charge
2.625,0.13,3.46875,,0.033912957624977071,1,bohr,hartree_per_elementary_charge
2.625,0.13,3.5625,,0.032942983309292795,1,bohr,hartree_per_elementary_charge
2.625,0.13,3.65625,,0.031973008993608533,1,bohr,hartree_per_elementary_charge
2.625,0.13,3.75,,0.031015594047267746,1,bohr,hartree_per_elementary_charge
2.625,0.13,3.84375,,0.030104491392897309,1,bohr,hartree_per_elementary_charge
2.625,0.13,3.9375,,0.029193388738526858,1,bohr,hartree_per_elementary_charge
2.625,0.13,4.03125,,0.028297679202250559,1,bohr,hartree_per_elementary_charge
2.625,0.13,4.125,,0.027454486951556844,1,bohr,hartree_per_elementary_charge
2.625,0.13,4.21875,,0.026611294700863108,1,bohr,hartree_per_elementary_charge
2.625,0.13,4.3125,,0.02578526758984415,1,bohr,hartree_per_elementary_charge
2.625,0.13,4.40625,,0.025013596349004769,1,bohr,hartree_per_elementary_charge
2.625,0.13,4.5,,0.024241925108165363,1,bohr,hartree_per_elementary_charge
2.7187499999999991,0.13,-4.5,,0.0044193767045975539,1,bohr,hartree_per_elementary_charge
2.7187499999999991,0.13,-4.40625,,0.0049102289861769821,1,bohr,hartree_per_elementary_charge
2.7187499999999991,0.13,-4.3125,,0.0055219592738961314,1,bohr,hartree_per_elementary_charge
2.7187499999999991,0.13,-4.21875,,0.0061590346396124852,1,bohr,hartree_per_elementary_charge
2.7187499999999991,0.13,-4.125,,0.0067961100053288408,1,bohr,hartree_per_elementary_charge
2.7187499999999991,0.13,-4.03125,,0.0075991404022780129,1,bohr,hartree_per_elementary_charge
2.7187499999999991,0.13,-3.9375,,0.0084337808716437729,1,bohr,hartree_per_elementary_charge
2.7187499999999991,0.13,-3.84375,,0.009268421341009532,1,bohr,hartree_per_elementary_charge
2.7187499999999991,0.13,-3.75,,0.010334829106370081,1,bohr,hartree_per_elementary_charge
2.7187499999999991,0.13,-3.65625,,0.011441071325313065,1,bohr,hartree_per_elementary_charge
2.7187499999999991,0.13,-3.5625,,0.012547313544256044,1,bohr,hartree_per_elementary_charge
2.7187499999999991,0.13,-3.46875,,0.013983292616812439,1,bohr,hartree_per_elementary_charge
2.7187499999999991,0.13,-3.375,,0.015469999682488748,1,bohr,hartree_per_elementary_charge
2.7187499999999991,0.13,-3.28125,,0.016956706748165056,1,bohr,hartree_per_elementary_charge
2.7187499999999991,0.13,-3.1875,,0.018922160149129497,1,bohr,hartree_per_elementary_charge
2.7187499999999991,0.13,-3.09375,,0.020952896087894839,1,bohr,hartree_per_elementary_charge
2.7187499999999991,0.13,-3,,0.022983632026660188,1,bohr,hartree_per_elementary_charge
2.7187499999999991,0.13,-2.90625,,0.025725123698789338,1,bohr,hartree_per_elementary_charge
2.7187499999999991,0.13,-2.8125,,0.028551480220940031,1,bohr,hartree_per_elementary_charge
2.7187499999999991,0.13,-2.71875,,0.031377836743090706,1,bohr,hartree_per_elementary_charge
2.7187499999999991,0.13,-2.625,,0.035283059635815468,1,bohr,hartree_per_elementary_charge
2.7187499999999991,0.13,-2.53125,,0.039299340099134807,1,bohr,hartree_per_elementary_charge
2.7187499999999991,0.13,-2.4375,,0.043315620562454159,1,bohr,hartree_per_elementary_charge
2.7187499999999991,0.13,-2.34375,,0.048992832990676818,1,bohr,hartree_per_elementary_charge
2.7187499999999991,0.13,-2.25,,0.054814471016634059,1,bohr,hartree_per_elementary_charge
2.7187499999999991,0.13,-2.1562500000000004,,0.060636109042591285,1,bohr,hartree_per_elementary_charge
2.7187499999999991,0.13,-2.0625,,0.068985533952219569,1,bohr,hartree_per_elementary_charge
2.7187499999999991,0.13,-1.96875,,0.077515510271060822,1,bohr,hartree_per_elementary_charge
2.7187499999999991,0.13,-1.8750000000000004,,0.086045486589902048,1,bohr,hartree_per_elementary_charge
2.7187499999999991,0.13,-1.78125,,0.098164835149967544,1,bohr,hartree_per_elementary_charge
2.7187499999999991,0.13,-1.6875,,0.11048639529466878,1,bohr,hartree_per_elementary_charge
2.7187499999999991,0.13,-1.5937500000000004,,0.12280795543937009,1,bohr,hartree_per_elementary_charge
2.7187499999999991,0.13,-1.5,,0.13929778187219158,1,bohr,hartree_per_elementary_charge
2.7187499999999991,0.13,-1.40625,,0.15596127870560728,1,bohr,hartree_per_elementary_charge
2.7187499999999991,0.13,-1.3125000000000004,,0.17262477553902317,1,bohr,hartree_per_elementary_charge
2.7187499999999991,0.13,-1.21875,,0.19161726921369893,1,bohr,hartree_per_elementary_charge
2.7187499999999991,0.13,-1.125,,0.21067356705103904,1,bohr,hartree_per_elementary_charge
2.7187499999999991,0.13,-1.0312500000000004,,0.22972986488837932,1,bohr,hartree_per_elementary_charge
2.7187499999999991,0.13,-0.9375,,0.24427504559544419,1,bohr,hartree_per_elementary_charge
2.7187499999999991,0.13,-0.84375,,0.25875927268444543,1,bohr,hartree_per_elementary_charge
2.7187499999999991,0.13,-0.75000000000000044,,0.27324347803335763,1,bohr,hartree_per_elementary_charge
2.7187499999999991,0.13,-0.65625,,0.27405002372473447,1,bohr,hartree_per_elementary_charge
2.7187499999999991,0.13,-0.5625,,0.27485656941611136,1,bohr,hartree_per_elementary_charge
2.7187499999999991,0.13,-0.46875,,0.27547630764799502,1,bohr,hartree_per_elementary_charge
2.7187499999999991,0.13,-0.375,,0.26227395050880564,1,bohr,hartree_per_elementary_charge
2.7187499999999991,0.13,-0.28125,,0.24907159336961604,1,bohr,hartree_per_elementary_charge
2.7187499999999991,0.13,-0.1875,,0.23573746496493198,1,bohr,hartree_per_elementary_charge
2.7187499999999991,0.13,-0.09375,,0.21759397517191831,1,bohr,hartree_per_elementary_charge
2.7187499999999991,0.13,0,,0.19945048537890459,1,bohr,hartree_per_elementary_charge
2.7187499999999991,0.13,0.09375,,0.18140498488824769,1,bohr,hartree_per_elementary_charge
2.7187499999999991,0.13,0.18749999999999911,,0.16571113265045448,1,bohr,hartree_per_elementary_charge
2.7187499999999991,0.13,0.28125,,0.15001728041266099,1,bohr,hartree_per_elementary_charge
2.7187499999999991,0.13,0.375,,0.13456681786546701,1,bohr,hartree_per_elementary_charge
2.7187499999999991,0.13,0.46874999999999911,,0.12343639067776654,1,bohr,hartree_per_elementary_charge
2.7187499999999991,0.13,0.5625,,0.11230596349006594,1,bohr,hartree_per_elementary_charge
2.7187499999999991,0.13,0.65625,,0.10143681416052264,1,bohr,hartree_per_elementary_charge
2.7187499999999991,0.13,0.74999999999999911,,0.094225465144600645,1,bohr,hartree_per_elementary_charge
2.7187499999999991,0.13,0.84375,,0.087014116128678584,1,bohr,hartree_per_elementary_charge
2.7187499999999991,0.13,0.9375,,0.080017130518775417,1,bohr,hartree_per_elementary_charge
2.7187499999999991,0.13,1.0312499999999991,,0.07548527339673107,1,bohr,hartree_per_elementary_charge
2.7187499999999991,0.13,1.125,,0.070953416274686668,1,bohr,hartree_per_elementary_charge
2.7187499999999991,0.13,1.21875,,0.066575755874291515,1,bohr,hartree_per_elementary_charge
2.7187499999999991,0.13,1.3124999999999991,,0.06369597992497629,1,bohr,hartree_per_elementary_charge
2.7187499999999991,0.13,1.40625,,0.060816203975660947,1,bohr,hartree_per_elementary_charge
2.7187499999999991,0.13,1.5,,0.058038472297070688,1,bohr,hartree_per_elementary_charge
2.7187499999999991,0.13,1.5937499999999991,,0.056115348042915743,1,bohr,hartree_per_elementary_charge
2.7187499999999991,0.13,1.6875,,0.054192223788760756,1,bohr,hartree_per_elementary_charge
2.7187499999999991,0.13,1.78125,,0.052331283095941261,1,bohr,hartree_per_elementary_charge
2.7187499999999991,0.13,1.8749999999999991,,0.05092634881675976,1,bohr,hartree_per_elementary_charge
2.7187499999999991,0.13,1.96875,,0.049521414537578232,1,bohr,hartree_per_elementary_charge
2.7187499999999991,0.13,2.0625,,0.048150393003845028,1,bohr,hartree_per_elementary_charge
2.7187499999999991,0.13,2.1562499999999991,,0.046999801526083566,1,bohr,hartree_per_elementary_charge
2.7187499999999991,0.13,2.25,,0.045849210048322118,1,bohr,hartree_per_elementary_charge
2.7187499999999991,0.13,2.34375,,0.044714579181976258,1,bohr,hartree_per_elementary_charge
2.7187499999999991,0.13,2.4374999999999991,,0.043672808979236963,1,bohr,hartree_per_elementary_charge
2.7187499999999991,0.13,2.53125,,0.042631038776497689,1,bohr,hartree_per_elementary_charge
2.7187499999999991,0.13,2.625,,0.041595988898914811,1,bohr,hartree_per_elementary_charge
2.7187499999999991,0.13,2.7187499999999991,,0.040596220351210098,1,bohr,hartree_per_elementary_charge
2.7187499999999991,0.13,2.8125,,0.039596451803505399,1,bohr,hartree_per_elementary_charge
2.7187499999999991,0.13,2.90625,,0.038600631745030457,1,bohr,hartree_per_elementary_charge
2.7187499999999991,0.13,2.9999999999999991,,0.037623642755719014,1,bohr,hartree_per_elementary_charge
2.7187499999999991,0.13,3.09375,,0.036646653766407598,1,bohr,hartree_per_elementary_charge
2.7187499999999991,0.13,3.1875,,0.035674776346440715,1,bohr,hartree_per_elementary_charge
2.7187499999999991,0.13,3.2812499999999991,,0.034725170557280222,1,bohr,hartree_per_elementary_charge
2.7187499999999991,0.13,3.375,,0.033775564768119756,1,bohr,hartree_per_elementary_charge
2.7187499999999991,0.13,3.46875,,0.032833962067660392,1,bohr,hartree_per_elementary_charge
2.7187499999999991,0.13,3.5625,,0.031924371442154952,1,bohr,hartree_per_elementary_charge
2.7187499999999991,0.13,3.65625,,0.031014780816649545,1,bohr,hartree_per_elementary_charge
2.7187499999999991,0.13,3.75,,0.030116306231782668,1,bohr,hartree_per_elementary_charge
2.7187499999999991,0.13,3.84375,,0.029258821708241921,1,bohr,hartree_per_elementary_charge
2.7187499999999991,0.13,3.9375,,0.028401337184701156,1,bohr,hartree_per_elementary_charge
2.7187499999999991,0.13,4.03125,,0.027557511946348392,1,bohr,hartree_per_elementary_charge
2.7187499999999991,0.13,4.125,,0.026760288610006892,1,bohr,hartree_per_elementary_charge
2.7187499999999991,0.13,4.21875,,0.025963065273665382,1,bohr,hartree_per_elementary_charge
2.7187499999999991,0.13,4.3125,,0.025181209632964226,1,bohr,hartree_per_elementary_charge
2.7187499999999991,0.13,4.40625,,0.024448017998790993,1,bohr,hartree_per_elementary_charge
2.7187499999999991,0.13,4.5,,0.02371482636461774,1,bohr,hartree_per_elementary_charge
2.8125,0.13,-4.5,,0.0047877175357567614,1,bohr,hartree_per_elementary_charge
2.8125,0.13,-4.40625,,0.0052867526727972524,1,bohr,hartree_per_elementary_charge
2.8125,0.13,-4.3125,,0.0059045947099754404,1,bohr,hartree_per_elementary_charge
2.8125,0.13,-4.21875,,0.0065473475663072409,1,bohr,hartree_per_elementary_charge
2.8125,0.13,-4.125,,0.0071901004226390432,1,bohr,hartree_per_elementary_charge
2.8125,0.13,-4.03125,,0.0079943490049026594,1,bohr,hartree_per_elementary_charge
2.8125,0.13,-3.9375,,0.008829358279106447,1,bohr,hartree_per_elementary_charge
2.8125,0.13,-3.84375,,0.0096643675533102345,1,bohr,hartree_per_elementary_charge
2.8125,0.13,-3.75,,0.010722278639106159,1,bohr,hartree_per_elementary_charge
2.8125,0.13,-3.65625,,0.011818500444407163,1,bohr,hartree_per_elementary_charge
2.8125,0.13,-3.5625,,0.01291472224970816,1,bohr,hartree_per_elementary_charge
2.8125,0.13,-3.46875,,0.014323568560272682,1,bohr,hartree_per_elementary_charge
2.8125,0.13,-3.375,,0.015780510234089256,1,bohr,hartree_per_elementary_charge
2.8125,0.13,-3.28125,,0.017237451907905828,1,bohr,hartree_per_elementary_charge
2.8125,0.13,-3.1875,,0.019140179327501044,1,bohr,hartree_per_elementary_charge
2.8125,0.13,-3.09375,,0.021103694731577399,1,bohr,hartree_per_elementary_charge
2.8125,0.13,-3,,0.023067210135653757,1,bohr,hartree_per_elementary_charge
2.8125,0.13,-2.90625,,0.025677062044979305,1,bohr,hartree_per_elementary_charge
2.8125,0.13,-2.8125,,0.028364087092707595,1,bohr,hartree_per_elementary_charge
2.8125,0.13,-2.71875,,0.03105111214043587,1,bohr,hartree_per_elementary_charge
2.8125,0.13,-2.625,,0.034688480219607173,1,bohr,hartree_per_elementary_charge
2.8125,0.13,-2.53125,,0.03842367578806001,1,bohr,hartree_per_elementary_charge
2.8125,0.13,-2.4375,,0.042158871356512848,1,bohr,hartree_per_elementary_charge
2.8125,0.13,-2.34375,,0.047295460583669846,1,bohr,hartree_per_elementary_charge
2.8125,0.13,-2.25,,0.052553907370977787,1,bohr,hartree_per_elementary_charge
2.8125,0.13,-2.1562500000000004,,0.057812354158285707,1,bohr,hartree_per_elementary_charge
2.8125,0.13,-2.0625,,0.065082095939530599,1,bohr,hartree_per_elementary_charge
2.8125,0.13,-1.96875,,0.072495497832252509,1,bohr,hartree_per_elementary_charge
2.8125,0.13,-1.8750000000000004,,0.079908899724974378,1,bohr,hartree_per_elementary_charge
2.8125,0.13,-1.78125,,0.089948546058437537,1,bohr,hartree_per_elementary_charge
2.8125,0.13,-1.6875,,0.10013614501824127,1,bohr,hartree_per_elementary_charge
2.8125,0.13,-1.5937500000000004,,0.11032374397804506,1,bohr,hartree_per_elementary_charge
2.8125,0.13,-1.5,,0.12315567643109711,1,bohr,hartree_per_elementary_charge
2.8125,0.13,-1.40625,,0.13609778477631468,1,bohr,hartree_per_elementary_charge
2.8125,0.13,-1.3125000000000004,,0.14903989312153243,1,bohr,hartree_per_elementary_charge
2.8125,0.13,-1.21875,,0.16278157998529583,1,bohr,hartree_per_elementary_charge
2.8125,0.13,-1.125,,0.17654517174689172,1,bohr,hartree_per_elementary_charge
2.8125,0.13,-1.0312500000000004,,0.19030876350848774,1,bohr,hartree_per_elementary_charge
2.8125,0.13,-0.9375,,0.20015531924560773,1,bohr,hartree_per_elementary_charge
2.8125,0.13,-0.84375,,0.20994894850999768,1,bohr,hartree_per_elementary_charge
2.8125,0.13,-0.75000000000000044,,0.21974256314247895,1,bohr,hartree_per_elementary_charge
2.8125,0.13,-0.65625,,0.22033059142129574,1,bohr,hartree_per_elementary_charge
2.8125,0.13,-0.5625,,0.22091861970011256,1,bohr,hartree_per_elementary_charge
2.8125,0.13,-0.46875,,0.22138212947326966,1,bohr,hartree_per_elementary_charge
2.8125,0.13,-0.375,,0.21263237407296767,1,bohr,hartree_per_elementary_charge
2.8125,0.13,-0.28125,,0.20388261867266561,1,bohr,hartree_per_elementary_charge
2.8125,0.13,-0.1875,,0.19502327049111909,1,bohr,hartree_per_elementary_charge
2.8125,0.13,-0.09375,,0.18216402681962029,1,bohr,hartree_per_elementary_charge
2.8125,0.13,0,,0.16930478314812153,1,bohr,hartree_per_elementary_charge
2.8125,0.13,0.09375,,0.15648149196969452,1,bohr,hartree_per_elementary_charge
2.8125,0.13,0.18749999999999911,,0.14452102576791998,1,bohr,hartree_per_elementary_charge
2.8125,0.13,0.28125,,0.13256055956614521,1,bohr,hartree_per_elementary_charge
2.8125,0.13,0.375,,0.12075611714766783,1,bohr,hartree_per_elementary_charge
2.8125,0.13,0.46874999999999911,,0.11172101248998949,1,bohr,hartree_per_elementary_charge
2.8125,0.13,0.5625,,0.10268590783231105,1,bohr,hartree_per_elementary_charge
2.8125,0.13,0.65625,,0.093842239553779988,1,bohr,hartree_per_elementary_charge
2.8125,0.13,0.74999999999999911,,0.087678614860351667,1,bohr,hartree_per_elementary_charge
2.8125,0.13,0.84375,,0.081514990166923318,1,bohr,hartree_per_elementary_charge
2.8125,0.13,0.9375,,0.075521216873120106,1,bohr,hartree_per_elementary_charge
2.8125,0.13,1.0312499999999991,,0.071480694517500915,1,bohr,hartree_per_elementary_charge
2.8125,0.13,1.125,,0.067440172161881695,1,bohr,hartree_per_elementary_charge
2.8125,0.13,1.21875,,0.06352864242087404,1,bohr,hartree_per_elementary_charge
2.8125,0.13,1.3124999999999991,,0.060870161575227087,1,bohr,hartree_per_elementary_charge
2.8125,0.13,1.40625,,0.058211680729580037,1,bohr,hartree_per_elementary_charge
2.8125,0.13,1.5,,0.055642302636566811,1,bohr,hartree_per_elementary_charge
2.8125,0.13,1.5937499999999991,,0.053819148446153965,1,bohr,hartree_per_elementary_charge
2.8125,0.13,1.6875,,0.051995994255741064,1,bohr,hartree_per_elementary_charge
2.8125,0.13,1.78125,,0.050229519855191467,1,bohr,hartree_per_elementary_charge
2.8125,0.13,1.8749999999999991,,0.048878691441237361,1,bohr,hartree_per_elementary_charge
2.8125,0.13,1.96875,,0.047527863027283221,1,bohr,hartree_per_elementary_charge
2.8125,0.13,2.0625,,0.046209770238132511,1,bohr,hartree_per_elementary_charge
2.8125,0.13,2.1562499999999991,,0.045104456317583988,1,bohr,hartree_per_elementary_charge
2.8125,0.13,2.25,,0.043999142397035479,1,bohr,hartree_per_elementary_charge
2.8125,0.13,2.34375,,0.04291069940402012,1,bohr,hartree_per_elementary_charge
2.8125,0.13,2.4374999999999991,,0.041920413397951849,1,bohr,hartree_per_elementary_charge
2.8125,0.13,2.53125,,0.040930127391883585,1,bohr,hartree_per_elementary_charge
2.8125,0.13,2.625,,0.039947930880385868,1,bohr,hartree_per_elementary_charge
2.8125,0.13,2.7187499999999991,,0.039008203761342876,1,bohr,hartree_per_elementary_charge
2.8125,0.13,2.8125,,0.038068476642299884,1,bohr,hartree_per_elementary_charge
2.8125,0.13,2.90625,,0.037133546681732098,1,bohr,hartree_per_elementary_charge
2.8125,0.13,2.9999999999999991,,0.036221495249578115,1,bohr,hartree_per_elementary_charge
2.8125,0.13,3.09375,,0.035309443817424152,1,bohr,hartree_per_elementary_charge
2.8125,0.13,3.1875,,0.034402464888244631,1,bohr,hartree_per_elementary_charge
2.8125,0.13,3.2812499999999991,,0.033517587373698608,1,bohr,hartree_per_elementary_charge
2.8125,0.13,3.375,,0.032632709859152592,1,bohr,hartree_per_elementary_charge
2.8125,0.13,3.46875,,0.031754966510343707,1,bohr,hartree_per_elementary_charge
2.8125,0.13,3.5625,,0.030905759575017119,1,bohr,hartree_per_elementary_charge
2.8125,0.13,3.65625,,0.030056552639690551,1,bohr,hartree_per_elementary_charge
2.8125,0.13,3.75,,0.029217018416297584,1,bohr,hartree_per_elementary_charge
2.8125,0.13,3.84375,,0.028413152023586529,1,bohr,hartree_per_elementary_charge
2.8125,0.13,3.9375,,0.02760928563087546,1,bohr,hartree_per_elementary_charge
2.8125,0.13,4.03125,,0.026817344690446217,1,bohr,hartree_per_elementary_charge
2.8125,0.13,4.125,,0.026066090268456944,1,bohr,hartree_per_elementary_charge
2.8125,0.13,4.21875,,0.025314835846467654,1,bohr,hartree_per_elementary_charge
2.8125,0.13,4.3125,,0.024577151676084298,1,bohr,hartree_per_elementary_charge
2.8125,0.13,4.40625,,0.023882439648577215,1,bohr,hartree_per_elementary_charge
2.8125,0.13,4.5,,0.023187727621070117,1,bohr,hartree_per_elementary_charge
2.90625,0.13,-4.5,,0.0050886425499206802,1,bohr,hartree_per_elementary_charge
2.90625,0.13,-4.40625,,0.0055909057102638653,1,bohr,hartree_per_elementary_charge
2.90625,0.13,-4.3125,,0.0062088299572271022,1,bohr,hartree_per_elementary_charge
2.90625,0.13,-4.21875,,0.0068510054253615267,1,bohr,hartree_per_elementary_charge
2.90625,0.13,-4.125,,0.0074931808934959546,1,bohr,hartree_per_elementary_charge
2.90625,0.13,-4.03125,,0.0082910785417191178,1,bohr,hartree_per_elementary_charge
2.90625,0.13,-3.9375,,0.0091186371731189087,1,bohr,hartree_per_elementary_charge
2.90625,0.13,-3.84375,,0.0099461958045187013,1,bohr,hartree_per_elementary_charge
2.90625,0.13,-3.75,,0.010986320009080961,1,bohr,hartree_per_elementary_charge
2.90625,0.13,-3.65625,,0.012062978416715405,1,bohr,hartree_per_elementary_charge
2.90625,0.13,-3.5625,,0.013139636824349836,1,bohr,hartree_per_elementary_charge
2.90625,0.13,-3.46875,,0.014510561809444558,1,bohr,hartree_per_elementary_charge
2.90625,0.13,-3.375,,0.015926757903161937,1,bohr,hartree_per_elementary_charge
2.90625,0.13,-3.28125,,0.017342953996879316,1,bohr,hartree_per_elementary_charge
2.90625,0.13,-3.1875,,0.019172204544250594,1,bohr,hartree_per_elementary_charge
2.90625,0.13,-3.09375,,0.021057779790103925,1,bohr,hartree_per_elementary_charge
2.90625,0.13,-3,,0.022943355035957257,1,bohr,hartree_per_elementary_charge
2.90625,0.13,-2.90625,,0.025416227441898236,1,bohr,hartree_per_elementary_charge
2.90625,0.13,-2.8125,,0.027959223637306282,1,bohr,hartree_per_elementary_charge
2.90625,0.13,-2.71875,,0.030502219832714322,1,bohr,hartree_per_elementary_charge
2.90625,0.13,-2.625,,0.033887751186898941,1,bohr,hartree_per_elementary_charge
2.90625,0.13,-2.53125,,0.037360012381243882,1,bohr,hartree_per_elementary_charge
2.90625,0.13,-2.4375,,0.040832273575588822,1,bohr,hartree_per_elementary_charge
2.90625,0.13,-2.34375,,0.0455089728207606,1,bohr,hartree_per_elementary_charge
2.90625,0.13,-2.25,,0.050290403439101579,1,bohr,hartree_per_elementary_charge
2.90625,0.13,-2.1562500000000004,,0.055071834057442516,1,bohr,hartree_per_elementary_charge
2.90625,0.13,-2.0625,,0.061515383563036055,1,bohr,hartree_per_elementary_charge
2.90625,0.13,-1.96875,,0.068077652692230581,1,bohr,hartree_per_elementary_charge
2.90625,0.13,-1.8750000000000004,,0.074639921821425093,1,bohr,hartree_per_elementary_charge
2.90625,0.13,-1.78125,,0.08326186877974194,1,bohr,hartree_per_elementary_charge
2.90625,0.13,-1.6875,,0.09199985015568829,1,bohr,hartree_per_elementary_charge
2.90625,0.13,-1.5937500000000004,,0.10073783153163472,1,bohr,hartree_per_elementary_charge
2.90625,0.13,-1.5,,0.11137315818091552,1,bohr,hartree_per_elementary_charge
2.90625,0.13,-1.40625,,0.12208753753242529,1,bohr,hartree_per_elementary_charge
2.90625,0.13,-1.3125000000000004,,0.13280191688393511,1,bohr,hartree_per_elementary_charge
2.90625,0.13,-1.21875,,0.1437769776268441,1,bohr,hartree_per_elementary_charge
2.90625,0.13,-1.125,,0.1547591798813282,1,bohr,hartree_per_elementary_charge
2.90625,0.13,-1.0312500000000004,,0.16574138213581238,1,bohr,hartree_per_elementary_charge
2.90625,0.13,-0.9375,,0.17336917338988608,1,bohr,hartree_per_elementary_charge
2.90625,0.13,-0.84375,,0.18095164028614705,1,bohr,hartree_per_elementary_charge
2.90625,0.13,-0.75000000000000044,,0.18853409592603512,1,bohr,hartree_per_elementary_charge
2.90625,0.13,-0.65625,,0.18903466528338284,1,bohr,hartree_per_elementary_charge
2.90625,0.13,-0.5625,,0.18953523464073055,1,bohr,hartree_per_elementary_charge
2.90625,0.13,-0.46875,,0.18994046145665891,1,bohr,hartree_per_elementary_charge
2.90625,0.13,-0.375,,0.18329118571689229,1,bohr,hartree_per_elementary_charge
2.90625,0.13,-0.28125,,0.17664190997712553,1,bohr,hartree_per_elementary_charge
2.90625,0.13,-0.1875,,0.16990036678044129,1,bohr,hartree_per_elementary_charge
2.90625,0.13,-0.09375,,0.15979126432845794,1,bohr,hartree_per_elementary_charge
2.90625,0.13,0,,0.1496821618764746,1,bohr,hartree_per_elementary_charge
2.90625,0.13,0.09375,,0.13958707965590678,1,bohr,hartree_per_elementary_charge
2.90625,0.13,0.18749999999999911,,0.12982846939625431,1,bohr,hartree_per_elementary_charge
2.90625,0.13,0.28125,,0.12006985913660172,1,bohr,hartree_per_elementary_charge
2.90625,0.13,0.375,,0.11042428641521698,1,bohr,hartree_per_elementary_charge
2.90625,0.13,0.46874999999999911,,0.10278506885646836,1,bohr,hartree_per_elementary_charge
2.90625,0.13,0.5625,,0.095145851297719672,1,bohr,hartree_per_elementary_charge
2.90625,0.13,0.65625,,0.087656914381996812,1,bohr,hartree_per_elementary_charge
2.90625,0.13,0.74999999999999911,,0.082271854875052411,1,bohr,hartree_per_elementary_charge
2.90625,0.13,0.84375,,0.076886795368107941,1,bohr,hartree_per_elementary_charge
2.90625,0.13,0.9375,,0.071641579883954115,1,bohr,hartree_per_elementary_charge
2.90625,0.13,1.0312499999999991,,0.068004537598950143,1,bohr,hartree_per_elementary_charge
2.90625,0.13,1.125,,0.06436749531394613,1,bohr,hartree_per_elementary_charge
2.90625,0.13,1.21875,,0.060840545439350115,1,bohr,hartree_per_elementary_charge
2.90625,0.13,1.3124999999999991,,0.058383045731840888,1,bohr,hartree_per_elementary_charge
2.90625,0.13,1.40625,,0.055925546024331585,1,bohr,hartree_per_elementary_charge
2.90625,0.13,1.5,,0.053546449532958437,1,bohr,hartree_per_elementary_charge
2.90625,0.13,1.5937499999999991,,0.051823969725044876,1,bohr,hartree_per_elementary_charge
2.90625,0.13,1.6875,,0.050101489917131266,1,bohr,hartree_per_elementary_charge
2.90625,0.13,1.78125,,0.048430430351002592,1,bohr,hartree_per_elementary_charge
2.90625,0.13,1.8749999999999991,,0.047136447290966013,1,bohr,hartree_per_elementary_charge
2.90625,0.13,1.96875,,0.045842464230929414,1,bohr,hartree_per_elementary_charge
2.90625,0.13,2.0625,,0.044579331259403776,1,bohr,hartree_per_elementary_charge
2.90625,0.13,2.1562499999999991,,0.043516721325671193,1,bohr,hartree_per_elementary_charge
2.90625,0.13,2.25,,0.042454111391938623,1,bohr,hartree_per_elementary_charge
2.90625,0.13,2.34375,,0.041408309273432635,1,bohr,hartree_per_elementary_charge
2.90625,0.13,2.4374999999999991,,0.040460296947252006,1,bohr,hartree_per_elementary_charge
2.90625,0.13,2.53125,,0.03951228462107137,1,bohr,hartree_per_elementary_charge
2.90625,0.13,2.625,,0.038572966705798239,1,bohr,hartree_per_elementary_charge
2.90625,0.13,2.7187499999999991,,0.037679293959796543,1,bohr,hartree_per_elementary_charge
2.90625,0.13,2.8125,,0.03678562121379484,1,bohr,hartree_per_elementary_charge
2.90625,0.13,2.90625,,0.035897265150366231,1,bohr,hartree_per_elementary_charge
2.90625,0.13,2.9999999999999991,,0.035034265321038358,1,bohr,hartree_per_elementary_charge
2.90625,0.13,3.09375,,0.034171265491710512,1,bohr,hartree_per_elementary_charge
2.90625,0.13,3.1875,,0.033313404660381574,1,bohr,hartree_per_elementary_charge
2.90625,0.13,3.2812499999999991,,0.032477934969313532,1,bohr,hartree_per_elementary_charge
2.90625,0.13,3.375,,0.031642465278245512,1,bohr,hartree_per_elementary_charge
2.90625,0.13,3.46875,,0.030813671688365941,1,bohr,hartree_per_elementary_charge
2.90625,0.13,3.5625,,0.030011582269791458,1,bohr,hartree_per_elementary_charge
2.90625,0.13,3.65625,,0.029209492851217,1,bohr,hartree_per_elementary_charge
2.90625,0.13,3.75,,0.028416191933597193,1,bohr,hartree_per_elementary_charge
2.90625,0.13,3.84375,,0.027655298345602247,1,bohr,hartree_per_elementary_charge
2.90625,0.13,3.9375,,0.026894404757607279,1,bohr,hartree_per_elementary_charge
2.90625,0.13,4.03125,,0.026144285028549166,1,bohr,hartree_per_elementary_charge
2.90625,0.13,4.125,,0.025430922883182161,1,bohr,hartree_per_elementary_charge
2.90625,0.13,4.21875,,0.024717560737815142,1,bohr,hartree_per_elementary_charge
2.90625,0.13,4.3125,,0.024016500631266535,1,bohr,hartree_per_elementary_charge
2.90625,0.13,4.40625,,0.02335439669039014,1,bohr,hartree_per_elementary_charge
2.90625,0.13,4.5,,0.022692292749513725,1,bohr,hartree_per_elementary_charge
2.9999999999999991,0.13,-4.5,,0.0053740951644315037,1,bohr,hartree_per_elementary_charge
2.9999999999999991,0.13,-4.40625,,0.0058784491795791684,1,bohr,hartree_per_elementary_charge
2.9999999999999991,0.13,-4.3125,,0.0064950718149674527,1,bohr,hartree_per_elementary_charge
2.9999999999999991,0.13,-4.21875,,0.0071352343566423101,1,bohr,hartree_per_elementary_charge
2.9999999999999991,0.13,-4.125,,0.0077753968983171693,1,bohr,hartree_per_elementary_charge
2.9999999999999991,0.13,-4.03125,,0.0085652064468776136,1,bohr,hartree_per_elementary_charge
2.9999999999999991,0.13,-3.9375,,0.0093835198177653432,1,bohr,hartree_per_elementary_charge
2.9999999999999991,0.13,-3.84375,,0.010201833188653069,1,bohr,hartree_per_elementary_charge
2.9999999999999991,0.13,-3.75,,0.01122203834597838,1,bohr,hartree_per_elementary_charge
2.9999999999999991,0.13,-3.65625,,0.012276943174631363,1,bohr,hartree_per_elementary_charge
2.9999999999999991,0.13,-3.5625,,0.013331848003284338,1,bohr,hartree_per_elementary_charge
2.9999999999999991,0.13,-3.46875,,0.014662375612432483,1,bohr,hartree_per_elementary_charge
2.9999999999999991,0.13,-3.375,,0.016035306096356172,1,bohr,hartree_per_elementary_charge
2.9999999999999991,0.13,-3.28125,,0.017408236580279859,1,bohr,hartree_per_elementary_charge
2.9999999999999991,0.13,-3.1875,,0.019161542851079905,1,bohr,hartree_per_elementary_charge
2.9999999999999991,0.13,-3.09375,,0.020966717710430832,1,bohr,hartree_per_elementary_charge
2.9999999999999991,0.13,-3,,0.022771892569781765,1,bohr,hartree_per_elementary_charge
2.9999999999999991,0.13,-2.90625,,0.025106559964675496,1,bohr,hartree_per_elementary_charge
2.9999999999999991,0.13,-2.8125,,0.027504449226811445,1,bohr,hartree_per_elementary_charge
2.9999999999999991,0.13,-2.71875,,0.02990233848894738,1,bohr,hartree_per_elementary_charge
2.9999999999999991,0.13,-2.625,,0.033039709381061502,1,bohr,hartree_per_elementary_charge
2.9999999999999991,0.13,-2.53125,,0.036253201872258368,1,bohr,hartree_per_elementary_charge
2.9999999999999991,0.13,-2.4375,,0.039466694363455235,1,bohr,hartree_per_elementary_charge
2.9999999999999991,0.13,-2.34375,,0.043702032462849164,1,bohr,hartree_per_elementary_charge
2.9999999999999991,0.13,-2.25,,0.048026224691054387,1,bohr,hartree_per_elementary_charge
2.9999999999999991,0.13,-2.1562500000000004,,0.052350416919259582,1,bohr,hartree_per_elementary_charge
2.9999999999999991,0.13,-2.0625,,0.058025952065849241,1,bohr,hartree_per_elementary_charge
2.9999999999999991,0.13,-1.96875,,0.063798009142282106,1,bohr,hartree_per_elementary_charge
2.9999999999999991,0.13,-1.8750000000000004,,0.069570066218714963,1,bohr,hartree_per_elementary_charge
2.9999999999999991,0.13,-1.78125,,0.07692624806814137,1,bohr,hartree_per_elementary_charge
2.9999999999999991,0.13,-1.6875,,0.084371673484152698,1,bohr,hartree_per_elementary_charge
2.9999999999999991,0.13,-1.5937500000000004,,0.091817098900164068,1,bohr,hartree_per_elementary_charge
2.9999999999999991,0.13,-1.5,,0.10059119556213775,1,bohr,hartree_per_elementary_charge
2.9999999999999991,0.13,-1.40625,,0.10942065117951261,1,bohr,hartree_per_elementary_charge
2.9999999999999991,0.13,-1.3125000000000004,,0.11825010679688754,1,bohr,hartree_per_elementary_charge
2.9999999999999991,0.13,-1.21875,,0.12702867819336947,1,bohr,hartree_per_elementary_charge
2.9999999999999991,0.13,-1.125,,0.13580585558834413,1,bohr,hartree_per_elementary_charge
2.9999999999999991,0.13,-1.0312500000000004,,0.1445830329833189,1,bohr,hartree_per_elementary_charge
2.9999999999999991,0.13,-0.9375,,0.15056120501205186,1,bohr,hartree_per_elementary_charge
2.9999999999999991,0.13,-0.84375,,0.15650155725044795,1,bohr,hartree_per_elementary_charge
2.9999999999999991,0.13,-0.75000000000000044,,0.16244190075133885,1,bohr,hartree_per_elementary_charge
2.9999999999999991,0.13,-0.65625,,0.16288509002394258,1,bohr,hartree_per_elementary_charge
2.9999999999999991,0.13,-0.5625,,0.16332827929654631,1,bohr,hartree_per_elementary_charge
2.9999999999999991,0.13,-0.46875,,0.16369770233017764,1,bohr,hartree_per_elementary_charge
2.9999999999999991,0.13,-0.375,,0.15860907784789255,1,bohr,hartree_per_elementary_charge
2.9999999999999991,0.13,-0.28125,,0.15352045336560738,1,bohr,hartree_per_elementary_charge
2.9999999999999991,0.13,-0.1875,,0.1483557729167197,1,bohr,hartree_per_elementary_charge
2.9999999999999991,0.13,-0.09375,,0.14041521695538658,1,bohr,hartree_per_elementary_charge
2.9999999999999991,0.13,0,,0.13247466099405344,1,bohr,hartree_per_elementary_charge
2.9999999999999991,0.13,0.09375,,0.12453539727554881,1,bohr,hartree_per_elementary_charge
2.9999999999999991,0.13,0.18749999999999911,,0.11662714613205612,1,bohr,hartree_per_elementary_charge
2.9999999999999991,0.13,0.28125,,0.10871889498856324,1,bohr,hartree_per_elementary_charge
2.9999999999999991,0.13,0.375,,0.10089088057997134,1,bohr,hartree_per_elementary_charge
2.9999999999999991,0.13,0.46874999999999911,,0.094487024816095805,1,bohr,hartree_per_elementary_charge
2.9999999999999991,0.13,0.5625,,0.088083169052220231,1,bohr,hartree_per_elementary_charge
2.9999999999999991,0.13,0.65625,,0.081795021773081192,1,bohr,hartree_per_elementary_charge
2.9999999999999991,0.13,0.74999999999999911,,0.077126753555807767,1,bohr,hartree_per_elementary_charge
2.9999999999999991,0.13,0.84375,,0.072458485338534259,1,bohr,hartree_per_elementary_charge
2.9999999999999991,0.13,0.9375,,0.067903382680747332,1,bohr,hartree_per_elementary_charge
2.9999999999999991,0.13,1.0312499999999991,,0.064649657201629934,1,bohr,hartree_per_elementary_charge
2.9999999999999991,0.13,1.125,,0.061395931722512509,1,bohr,hartree_per_elementary_charge
2.9999999999999991,0.13,1.21875,,0.05823484523921605,1,bohr,hartree_per_elementary_charge
2.9999999999999991,0.13,1.3124999999999991,,0.055973664473237962,1,bohr,hartree_per_elementary_charge
2.9999999999999991,0.13,1.40625,,0.053712483707259805,1,bohr,hartree_per_elementary_charge
2.9999999999999991,0.13,1.5,,0.051519521171314621,1,bohr,hartree_per_elementary_charge
2.9999999999999991,0.13,1.5937499999999991,,0.049897877391961762,1,bohr,hartree_per_elementary_charge
2.9999999999999991,0.13,1.6875,,0.048276233612608833,1,bohr,hartree_per_elementary_charge
2.9999999999999991,0.13,1.78125,,0.04670080657793281,1,bohr,hartree_per_elementary_charge
2.9999999999999991,0.13,1.8749999999999991,,0.045464297603552813,1,bohr,hartree_per_elementary_charge
2.9999999999999991,0.13,1.96875,,0.044227788629172794,1,bohr,hartree_per_elementary_charge
2.9999999999999991,0.13,2.0625,,0.043020081620684963,1,bohr,hartree_per_elementary_charge
2.9999999999999991,0.13,2.1562499999999991,,0.041999585021433423,1,bohr,hartree_per_elementary_charge
2.9999999999999991,0.13,2.25,,0.040979088422181897,1,bohr,hartree_per_elementary_charge
2.9999999999999991,0.13,2.34375,,0.039975113117245623,1,bohr,hartree_per_elementary_charge
2.9999999999999991,0.13,2.4374999999999991,,0.039067260593185722,1,bohr,hartree_per_elementary_charge
2.9999999999999991,0.13,2.53125,,0.038159408069125829,1,bohr,hartree_per_elementary_charge
2.9999999999999991,0.13,2.625,,0.037260679470904993,1,bohr,hartree_per_elementary_charge
2.9999999999999991,0.13,2.7187499999999991,,0.036409850971238791,1,bohr,hartree_per_elementary_charge
2.9999999999999991,0.13,2.8125,,0.035559022471572596,1,bohr,hartree_per_elementary_charge
2.9999999999999991,0.13,2.90625,,0.03471395463747301,1,bohr,hartree_per_elementary_charge
2.9999999999999991,0.13,2.9999999999999991,,0.033896360473782625,1,bohr,hartree_per_elementary_charge
2.9999999999999991,0.13,3.09375,,0.033078766310092246,1,bohr,hartree_per_elementary_charge
2.9999999999999991,0.13,3.1875,,0.032266401866500698,1,bohr,hartree_per_elementary_charge
2.9999999999999991,0.13,3.2812499999999991,,0.031476823848644815,1,bohr,hartree_per_elementary_charge
2.9999999999999991,0.13,3.375,,0.030687245830788953,1,bohr,hartree_per_elementary_charge
2.9999999999999991,0.13,3.46875,,0.029903980144441417,1,bohr,hartree_per_elementary_charge
2.9999999999999991,0.13,3.5625,,0.029145963563398738,1,bohr,hartree_per_elementary_charge
2.9999999999999991,0.13,3.65625,,0.028387946982356083,1,bohr,hartree_per_elementary_charge
2.9999999999999991,0.13,3.75,,0.027637963012702341,1,bohr,hartree_per_elementary_charge
2.9999999999999991,0.13,3.84375,,0.026917599052919697,1,bohr,hartree_per_elementary_charge
2.9999999999999991,0.13,3.9375,,0.026197235093137046,1,bohr,hartree_per_elementary_charge
2.9999999999999991,0.13,4.03125,,0.025486627026981727,1,bohr,hartree_per_elementary_charge
2.9999999999999991,0.13,4.125,,0.024809303513612026,1,bohr,hartree_per_elementary_charge
2.9999999999999991,0.13,4.21875,,0.024131980000242314,1,bohr,hartree_per_elementary_charge
2.9999999999999991,0.13,4.3125,,0.023465811775161549,1,bohr,hartree_per_elementary_charge
2.9999999999999991,0.13,4.40625,,0.022834968366163718,1,bohr,hartree_per_elementary_charge
2.9999999999999991,0.13,4.5,,0.022204124957165873,1,bohr,hartree_per_elementary_charge
3.09375,0.13,-4.5,,0.0056595477789423247,1,bohr,hartree_per_elementary_charge
3.09375,0.13,-4.40625,,0.0061659926488944724,1,bohr,hartree_per_elementary_charge
3.09375,0.13,-4.3125,,0.0067813136727078015,1,bohr,hartree_per_elementary_charge
3.09375,0.13,-4.21875,,0.0074194632879230919,1,bohr,hartree_per_elementary_charge
3.09375,0.13,-4.125,,0.008057612903138384,1,bohr,hartree_per_elementary_charge
3.09375,0.13,-4.03125,,0.0088393343520361111,1,bohr,hartree_per_elementary_charge
3.09375,0.13,-3.9375,,0.0096484024624117759,1,bohr,hartree_per_elementary_charge
3.09375,0.13,-3.84375,,0.010457470572787435,1,bohr,hartree_per_elementary_charge
3.09375,0.13,-3.75,,0.011457756682875797,1,bohr,hartree_per_elementary_charge
3.09375,0.13,-3.65625,,0.01249090793254732,1,bohr,hartree_per_elementary_charge
3.09375,0.13,-3.5625,,0.013524059182218839,1,bohr,hartree_per_elementary_charge
3.09375,0.13,-3.46875,,0.014814189415420408,1,bohr,hartree_per_elementary_charge
3.09375,0.13,-3.375,,0.016143854289550404,1,bohr,hartree_per_elementary_charge
3.09375,0.13,-3.28125,,0.017473519163680399,1,bohr,hartree_per_elementary_charge
3.09375,0.13,-3.1875,,0.019150881157909208,1,bohr,hartree_per_elementary_charge
3.09375,0.13,-3.09375,,0.020875655630757738,1,bohr,hartree_per_elementary_charge
3.09375,0.13,-3,,0.022600430103606267,1,bohr,hartree_per_elementary_charge
3.09375,0.13,-2.90625,,0.024796892487452756,1,bohr,hartree_per_elementary_charge
3.09375,0.13,-2.8125,,0.027049674816316604,1,bohr,hartree_per_elementary_charge
3.09375,0.13,-2.71875,,0.029302457145180438,1,bohr,hartree_per_elementary_charge
3.09375,0.13,-2.625,,0.032191667575224056,1,bohr,hartree_per_elementary_charge
3.09375,0.13,-2.53125,,0.035146391363272848,1,bohr,hartree_per_elementary_charge
3.09375,0.13,-2.4375,,0.038101115151321634,1,bohr,hartree_per_elementary_charge
3.09375,0.13,-2.34375,,0.04189509210493772,1,bohr,hartree_per_elementary_charge
3.09375,0.13,-2.25,,0.045762045943007194,1,bohr,hartree_per_elementary_charge
3.09375,0.13,-2.1562500000000004,,0.049628999781076641,1,bohr,hartree_per_elementary_charge
3.09375,0.13,-2.0625,,0.054536520568662428,1,bohr,hartree_per_elementary_charge
3.09375,0.13,-1.96875,,0.059518365592333644,1,bohr,hartree_per_elementary_charge
3.09375,0.13,-1.8750000000000004,,0.064500210616004833,1,bohr,hartree_per_elementary_charge
3.09375,0.13,-1.78125,,0.0705906273565408,1,bohr,hartree_per_elementary_charge
3.09375,0.13,-1.6875,,0.076743496812617093,1,bohr,hartree_per_elementary_charge
3.09375,0.13,-1.5937500000000004,,0.082896366268693428,1,bohr,hartree_per_elementary_charge
3.09375,0.13,-1.5,,0.089809232943359948,1,bohr,hartree_per_elementary_charge
3.09375,0.13,-1.40625,,0.096753764826599906,1,bohr,hartree_per_elementary_charge
3.09375,0.13,-1.3125000000000004,,0.10369829670983996,1,bohr,hartree_per_elementary_charge
3.09375,0.13,-1.21875,,0.11028037875989483,1,bohr,hartree_per_elementary_charge
3.09375,0.13,-1.125,,0.11685253129536008,1,bohr,hartree_per_elementary_charge
3.09375,0.13,-1.0312500000000004,,0.12342468383082542,1,bohr,hartree_per_elementary_charge
3.09375,0.13,-0.9375,,0.12775323663421762,1,bohr,hartree_per_elementary_charge
3.09375,0.13,-0.84375,,0.13205147421474883,1,bohr,hartree_per_elementary_charge
3.09375,0.13,-0.75000000000000044,,0.13634970557664261,1,bohr,hartree_per_elementary_charge
3.09375,0.13,-0.65625,,0.13673551476450235,1,bohr,hartree_per_elementary_charge
3.09375,0.13,-0.5625,,0.1371213239523621,1,bohr,hartree_per_elementary_charge
3.09375,0.13,-0.46875,,0.13745494320369636,1,bohr,hartree_per_elementary_charge
3.09375,0.13,-0.375,,0.13392696997889281,1,bohr,hartree_per_elementary_charge
3.09375,0.13,-0.28125,,0.1303989967540892,1,bohr,hartree_per_elementary_charge
3.09375,0.13,-0.1875,,0.1268111790529981,1,bohr,hartree_per_elementary_charge
3.09375,0.13,-0.09375,,0.1210391695823152,1,bohr,hartree_per_elementary_charge
3.09375,0.13,0,,0.11526716011163228,1,bohr,hartree_per_elementary_charge
3.09375,0.13,0.09375,,0.10948371489519088,1,bohr,hartree_per_elementary_charge
3.09375,0.13,0.18749999999999911,,0.10342582286785787,1,bohr,hartree_per_elementary_charge
3.09375,0.13,0.28125,,0.097367930840524725,1,bohr,hartree_per_elementary_charge
3.09375,0.13,0.375,,0.091357474744725706,1,bohr,hartree_per_elementary_charge
3.09375,0.13,0.46874999999999911,,0.086188980775723262,1,bohr,hartree_per_elementary_charge
3.09375,0.13,0.5625,,0.081020486806720748,1,bohr,hartree_per_elementary_charge
3.09375,0.13,0.65625,,0.075933129164165558,1,bohr,hartree_per_elementary_charge
3.09375,0.13,0.74999999999999911,,0.071981652236563096,1,bohr,hartree_per_elementary_charge
3.09375,0.13,0.84375,,0.068030175308960578,1,bohr,hartree_per_elementary_charge
3.09375,0.13,0.9375,,0.064165185477540562,1,bohr,hartree_per_elementary_charge
3.09375,0.13,1.0312499999999991,,0.061294776804309732,1,bohr,hartree_per_elementary_charge
3.09375,0.13,1.125,,0.058424368131078874,1,bohr,hartree_per_elementary_charge
3.09375,0.13,1.21875,,0.055629145039082013,1,bohr,hartree_per_elementary_charge
3.09375,0.13,1.3124999999999991,,0.053564283214635043,1,bohr,hartree_per_elementary_charge
3.09375,0.13,1.40625,,0.05149942139018801,1,bohr,hartree_per_elementary_charge
3.09375,0.13,1.5,,0.049492592809670805,1,bohr,hartree_per_elementary_charge
3.09375,0.13,1.5937499999999991,,0.047971785058878634,1,bohr,hartree_per_elementary_charge
3.09375,0.13,1.6875,,0.046450977308086408,1,bohr,hartree_per_elementary_charge
3.09375,0.13,1.78125,,0.044971182804863008,1,bohr,hartree_per_elementary_charge
3.09375,0.13,1.8749999999999991,,0.043792147916139605,1,bohr,hartree_per_elementary_charge
3.09375,0.13,1.96875,,0.042613113027416175,1,bohr,hartree_per_elementary_charge
3.09375,0.13,2.0625,,0.041460831981966158,1,bohr,hartree_per_elementary_charge
3.09375,0.13,2.1562499999999991,,0.040482448717195661,1,bohr,hartree_per_elementary_charge
3.09375,0.13,2.25,,0.039504065452425165,1,bohr,hartree_per_elementary_charge
3.09375,0.13,2.34375,,0.038541916961058603,1,bohr,hartree_per_elementary_charge
3.09375,0.13,2.4374999999999991,,0.037674224239119439,1,bohr,hartree_per_elementary_charge
3.09375,0.13,2.53125,,0.036806531517180288,1,bohr,hartree_per_elementary_charge
3.09375,0.13,2.625,,0.035948392236011734,1,bohr,hartree_per_elementary_charge
3.09375,0.13,2.7187499999999991,,0.035140407982681032,1,bohr,hartree_per_elementary_charge
3.09375,0.13,2.8125,,0.034332423729350352,1,bohr,hartree_per_elementary_charge
3.09375,0.13,2.90625,,0.033530644124579796,1,bohr,hartree_per_elementary_charge
3.09375,0.13,2.9999999999999991,,0.032758455626526878,1,bohr,hartree_per_elementary_charge
3.09375,0.13,3.09375,,0.03198626712847398,1,bohr,hartree_per_elementary_charge
3.09375,0.13,3.1875,,0.031219399072619811,1,bohr,hartree_per_elementary_charge
3.09375,0.13,3.2812499999999991,,0.030475712727976095,1,bohr,hartree_per_elementary_charge
3.09375,0.13,3.375,,0.029732026383332388,1,bohr,hartree_per_elementary_charge
3.09375,0.13,3.46875,,0.0289942886005169,1,bohr,hartree_per_elementary_charge
3.09375,0.13,3.5625,,0.028280344857006021,1,bohr,hartree_per_elementary_charge
3.09375,0.13,3.65625,,0.027566401113495155,1,bohr,hartree_per_elementary_charge
3.09375,0.13,3.75,,0.026859734091807481,1,bohr,hartree_per_elementary_charge
3.09375,0.13,3.84375,,0.026179899760237154,1,bohr,hartree_per_elementary_charge
3.09375,0.13,3.9375,,0.025500065428666809,1,bohr,hartree_per_elementary_charge
3.09375,0.13,4.03125,,0.024828969025414288,1,bohr,hartree_per_elementary_charge
3.09375,0.13,4.125,,0.024187684144041897,1,bohr,hartree_per_elementary_charge
3.09375,0.13,4.21875,,0.023546399262669489,1,bohr,hartree_per_elementary_charge
3.09375,0.13,4.3125,,0.022915122919056563,1,bohr,hartree_per_elementary_charge
3.09375,0.13,4.40625,,0.022315540041937292,1,bohr,hartree_per_elementary_charge
3.09375,0.13,4.5,,0.021715957164818014,1,bohr,hartree_per_elementary_charge
3.1875,0.13,-4.5,,0.0058830021398664379,1,bohr,hartree_per_elementary_charge
3.1875,0.13,-4.40625,,0.0063875344313118658,1,bohr,hartree_per_elementary_charge
3.1875,0.13,-4.3125,,0.0069969419512733149,1,bohr,hartree_per_elementary_charge
3.1875,0.13,-4.21875,,0.0076283391692087759,1,bohr,hartree_per_elementary_charge
3.1875,0.13,-4.125,,0.0082597363871442404,1,bohr,hartree_per_elementary_charge
3.1875,0.13,-4.03125,,0.0090280761974058845,1,bohr,hartree_per_elementary_charge
3.1875,0.13,-3.9375,,0.0098224999728729803,1,bohr,hartree_per_elementary_charge
3.1875,0.13,-3.84375,,0.010616923748340071,1,bohr,hartree_per_elementary_charge
3.1875,0.13,-3.75,,0.011591661314485491,1,bohr,hartree_per_elementary_charge
3.1875,0.13,-3.65625,,0.012597389885182343,1,bohr,hartree_per_elementary_charge
3.1875,0.13,-3.5625,,0.013603118455879191,1,bohr,hartree_per_elementary_charge
3.1875,0.13,-3.46875,,0.014847934183075836,1,bohr,hartree_per_elementary_charge
3.1875,0.13,-3.375,,0.016129532003317505,1,bohr,hartree_per_elementary_charge
3.1875,0.13,-3.28125,,0.017411129823559177,1,bohr,hartree_per_elementary_charge
3.1875,0.13,-3.1875,,0.019011050155224047,1,bohr,hartree_per_elementary_charge
3.1875,0.13,-3.09375,,0.020654377401685159,1,bohr,hartree_per_elementary_charge
3.1875,0.13,-3,,0.022297704648146264,1,bohr,hartree_per_elementary_charge
3.1875,0.13,-2.90625,,0.024364435475716421,1,bohr,hartree_per_elementary_charge
3.1875,0.13,-2.8125,,0.026481721057504813,1,bohr,hartree_per_elementary_charge
3.1875,0.13,-2.71875,,0.028599006639293191,1,bohr,hartree_per_elementary_charge
3.1875,0.13,-2.625,,0.031273648366146906,1,bohr,hartree_per_elementary_charge
3.1875,0.13,-2.53125,,0.034005663852267942,1,bohr,hartree_per_elementary_charge
3.1875,0.13,-2.4375,,0.036737679338388958,1,bohr,hartree_per_elementary_charge
3.1875,0.13,-2.34375,,0.040181991693747997,1,bohr,hartree_per_elementary_charge
3.1875,0.13,-2.25,,0.043688241505473673,1,bohr,hartree_per_elementary_charge
3.1875,0.13,-2.1562500000000004,,0.047194491317199334,1,bohr,hartree_per_elementary_charge
3.1875,0.13,-2.0625,,0.051548461429542732,1,bohr,hartree_per_elementary_charge
3.1875,0.13,-1.96875,,0.055962981383284441,1,bohr,hartree_per_elementary_charge
3.1875,0.13,-1.8750000000000004,,0.060377501337026122,1,bohr,hartree_per_elementary_charge
3.1875,0.13,-1.78125,,0.065642623533292588,1,bohr,hartree_per_elementary_charge
3.1875,0.13,-1.6875,,0.070955665425761122,1,bohr,hartree_per_elementary_charge
3.1875,0.13,-1.5937500000000004,,0.07626870731822967,1,bohr,hartree_per_elementary_charge
3.1875,0.13,-1.5,,0.082084879938252642,1,bohr,hartree_per_elementary_charge
3.1875,0.13,-1.40625,,0.087922015450031005,1,bohr,hartree_per_elementary_charge
3.1875,0.13,-1.3125000000000004,,0.093759150961809437,1,bohr,hartree_per_elementary_charge
3.1875,0.13,-1.21875,,0.09916209393205111,1,bohr,hartree_per_elementary_charge
3.1875,0.13,-1.125,,0.10455314195634126,1,bohr,hartree_per_elementary_charge
3.1875,0.13,-1.0312500000000004,,0.10994418998063148,1,bohr,hartree_per_elementary_charge
3.1875,0.13,-0.9375,,0.11344772592191812,1,bohr,hartree_per_elementary_charge
3.1875,0.13,-0.84375,,0.11692575804956495,1,bohr,hartree_per_elementary_charge
3.1875,0.13,-0.75000000000000044,,0.12040378522315091,1,bohr,hartree_per_elementary_charge
3.1875,0.13,-0.65625,,0.12076499172306965,1,bohr,hartree_per_elementary_charge
3.1875,0.13,-0.5625,,0.12112619822298838,1,bohr,hartree_per_elementary_charge
3.1875,0.13,-0.46875,,0.12144593946106626,1,bohr,hartree_per_elementary_charge
3.1875,0.13,-0.375,,0.11869761904194115,1,bohr,hartree_per_elementary_charge
3.1875,0.13,-0.28125,,0.11594929862281599,1,bohr,hartree_per_elementary_charge
3.1875,0.13,-0.1875,,0.11315100676902579,1,bohr,hartree_per_elementary_charge
3.1875,0.13,-0.09375,,0.10852886745125508,1,bohr,hartree_per_elementary_charge
3.1875,0.13,0,,0.10390672813348442,1,bohr,hartree_per_elementary_charge
3.1875,0.13,0.09375,,0.099269922172907685,1,bohr,hartree_per_elementary_charge
3.1875,0.13,0.18749999999999911,,0.094281131004753299,1,bohr,hartree_per_elementary_charge
3.1875,0.13,0.28125,,0.089292339836598816,1,bohr,hartree_per_elementary_charge
3.1875,0.13,0.375,,0.084335877924331268,1,bohr,hartree_per_elementary_charge
3.1875,0.13,0.46874999999999911,,0.079953242817271189,1,bohr,hartree_per_elementary_charge
3.1875,0.13,0.5625,,0.07557060771021111,1,bohr,hartree_per_elementary_charge
3.1875,0.13,0.65625,,0.071250250916913768,1,bohr,hartree_per_elementary_charge
3.1875,0.13,0.74999999999999911,,0.067801769135221693,1,bohr,hartree_per_elementary_charge
3.1875,0.13,0.84375,,0.064353287353529603,1,bohr,hartree_per_elementary_charge
3.1875,0.13,0.9375,,0.060974782650875477,1,bohr,hartree_per_elementary_charge
3.1875,0.13,1.0312499999999991,,0.058400997812667187,1,bohr,hartree_per_elementary_charge
3.1875,0.13,1.125,,0.05582721297445889,1,bohr,hartree_per_elementary_charge
3.1875,0.13,1.21875,,0.053316583692780181,1,bohr,hartree_per_elementary_charge
3.1875,0.13,1.3124999999999991,,0.051419454653604375,1,bohr,hartree_per_elementary_charge
3.1875,0.13,1.40625,,0.049522325614428521,1,bohr,hartree_per_elementary_charge
3.1875,0.13,1.5,,0.047675467791177865,1,bohr,hartree_per_elementary_charge
3.1875,0.13,1.5937499999999991,,0.04624962482804422,1,bohr,hartree_per_elementary_charge
3.1875,0.13,1.6875,,0.044823781864910525,1,bohr,hartree_per_elementary_charge
3.1875,0.13,1.78125,,0.043434492346499591,1,bohr,hartree_per_elementary_charge
3.1875,0.13,1.8749999999999991,,0.042313257678536935,1,bohr,hartree_per_elementary_charge
3.1875,0.13,1.96875,,0.041192023010574251,1,bohr,hartree_per_elementary_charge
3.1875,0.13,2.0625,,0.040095371214018821,1,bohr,hartree_per_elementary_charge
3.1875,0.13,2.1562499999999991,,0.039158506059583063,1,bohr,hartree_per_elementary_charge
3.1875,0.13,2.25,,0.038221640905147312,1,bohr,hartree_per_elementary_charge
3.1875,0.13,2.34375,,0.037300248500556646,1,bohr,hartree_per_elementary_charge
3.1875,0.13,2.4374999999999991,,0.03646887832512883,1,bohr,hartree_per_elementary_charge
3.1875,0.13,2.53125,,0.035637508149701028,1,bohr,hartree_per_elementary_charge
3.1875,0.13,2.625,,0.034815629542056123,1,bohr,hartree_per_elementary_charge
3.1875,0.13,2.7187499999999991,,0.034043581132536367,1,bohr,hartree_per_elementary_charge
3.1875,0.13,2.8125,,0.033271532723016639,1,bohr,hartree_per_elementary_charge
3.1875,0.13,2.90625,,0.032505815254323694,1,bohr,hartree_per_elementary_charge
3.1875,0.13,2.9999999999999991,,0.031770291203326056,1,bohr,hartree_per_elementary_charge
3.1875,0.13,3.09375,,0.031034767152328439,1,bohr,hartree_per_elementary_charge
3.1875,0.13,3.1875,,0.030304570721467475,1,bohr,hartree_per_elementary_charge
3.1875,0.13,3.2812499999999991,,0.029597587276827153,1,bohr,hartree_per_elementary_charge
3.1875,0.13,3.375,,0.028890603832186845,1,bohr,hartree_per_elementary_charge
3.1875,0.13,3.46875,,0.02818932659816744,1,bohr,hartree_per_elementary_charge
3.1875,0.13,3.5625,,0.027510874007097952,1,bohr,hartree_per_elementary_charge
3.1875,0.13,3.65625,,0.026832421416028478,1,bohr,hartree_per_elementary_charge
3.1875,0.13,3.75,,0.026160745945148028,1,bohr,hartree_per_elementary_charge
3.1875,0.13,3.84375,,0.025514060898573863,1,bohr,hartree_per_elementary_charge
3.1875,0.13,3.9375,,0.024867375851999676,1,bohr,hartree_per_elementary_charge
3.1875,0.13,4.03125,,0.024228729021826233,1,bohr,hartree_per_elementary_charge
3.1875,0.13,4.125,,0.023617506479812589,1,bohr,hartree_per_elementary_charge
3.1875,0.13,4.21875,,0.023006283937798928,1,bohr,hartree_per_elementary_charge
3.1875,0.13,4.3125,,0.022404247496868011,1,bohr,hartree_per_elementary_charge
3.1875,0.13,4.40625,,0.021831300159047794,1,bohr,hartree_per_elementary_charge
3.1875,0.13,4.5,,0.021258352821227563,1,bohr,hartree_per_elementary_charge
3.2812499999999991,0.13,-4.5,,0.0060934569396510797,1,bohr,hartree_per_elementary_charge
3.2812499999999991,0.13,-4.40625,,0.0065952372277175396,1,bohr,hartree_per_elementary_charge
3.2812499999999991,0.13,-4.3125,,0.0071977642395624044,1,bohr,hartree_per_elementary_charge
3.2812499999999991,0.13,-4.21875,,0.0078214153057631526,1,bohr,hartree_per_elementary_charge
3.2812499999999991,0.13,-4.125,,0.0084450663719639052,1,bohr,hartree_per_elementary_charge
3.2812499999999991,0.13,-4.03125,,0.0091989146142035984,1,bohr,hartree_per_elementary_charge
3.2812499999999991,0.13,-3.9375,,0.0099775619971047922,1,bohr,hartree_per_elementary_charge
3.2812499999999991,0.13,-3.84375,,0.010756209380005984,1,bohr,hartree_per_elementary_charge
3.2812499999999991,0.13,-3.75,,0.011704218030466026,1,bohr,hartree_per_elementary_charge
3.2812499999999991,0.13,-3.65625,,0.012681335246577137,1,bohr,hartree_per_elementary_charge
3.2812499999999991,0.13,-3.5625,,0.013658452462688243,1,bohr,hartree_per_elementary_charge
3.2812499999999991,0.13,-3.46875,,0.014856922678502775,1,bohr,hartree_per_elementary_charge
3.2812499999999991,0.13,-3.375,,0.01608944669607764,1,bohr,hartree_per_elementary_charge
3.2812499999999991,0.13,-3.28125,,0.017321970713652511,1,bohr,hartree_per_elementary_charge
3.2812499999999991,0.13,-3.1875,,0.018844135416478006,1,bohr,hartree_per_elementary_charge
3.2812499999999991,0.13,-3.09375,,0.02040579593909328,1,bohr,hartree_per_elementary_charge
3.2812499999999991,0.13,-3,,0.02196745646170855,1,bohr,hartree_per_elementary_charge
3.2812499999999991,0.13,-2.90625,,0.023906232415198802,1,bohr,hartree_per_elementary_charge
3.2812499999999991,0.13,-2.8125,,0.025890036277687486,1,bohr,hartree_per_elementary_charge
3.2812499999999991,0.13,-2.71875,,0.027873840140176163,1,bohr,hartree_per_elementary_charge
3.2812499999999991,0.13,-2.625,,0.030340956557775887,1,bohr,hartree_per_elementary_charge
3.2812499999999991,0.13,-2.53125,,0.032857824751566324,1,bohr,hartree_per_elementary_charge
3.2812499999999991,0.13,-2.4375,,0.035374692945356778,1,bohr,hartree_per_elementary_charge
3.2812499999999991,0.13,-2.34375,,0.038488567290415901,1,bohr,hartree_per_elementary_charge
3.2812499999999991,0.13,-2.25,,0.041654354038914876,1,bohr,hartree_per_elementary_charge
3.2812499999999991,0.13,-2.1562500000000004,,0.04482014078741383,1,bohr,hartree_per_elementary_charge
3.2812499999999991,0.13,-2.0625,,0.04866552816486748,1,bohr,hartree_per_elementary_charge
3.2812499999999991,0.13,-1.96875,,0.052559457154769729,1,bohr,hartree_per_elementary_charge
3.2812499999999991,0.13,-1.8750000000000004,,0.056453386144671949,1,bohr,hartree_per_elementary_charge
3.2812499999999991,0.13,-1.78125,,0.060985570011621304,1,bohr,hartree_per_elementary_charge
3.2812499999999991,0.13,-1.6875,,0.065553710731584364,1,bohr,hartree_per_elementary_charge
3.2812499999999991,0.13,-1.5937500000000004,,0.070121851451547451,1,bohr,hartree_per_elementary_charge
3.2812499999999991,0.13,-1.5,,0.07500163504206897,1,bohr,hartree_per_elementary_charge
3.2812499999999991,0.13,-1.40625,,0.079894403201816871,1,bohr,hartree_per_elementary_charge
3.2812499999999991,0.13,-1.3125000000000004,,0.084787171361564828,1,bohr,hartree_per_elementary_charge
3.2812499999999991,0.13,-1.21875,,0.089224289437893886,1,bohr,hartree_per_elementary_charge
3.2812499999999991,0.13,-1.125,,0.093648924726987839,1,bohr,hartree_per_elementary_charge
3.2812499999999991,0.13,-1.0312500000000004,,0.098073560016081848,1,bohr,hartree_per_elementary_charge
3.2812499999999991,0.13,-0.9375,,0.10092497862414464,1,bohr,hartree_per_elementary_charge
3.2812499999999991,0.13,-0.84375,,0.10375514013647312,1,bohr,hartree_per_elementary_charge
3.2812499999999991,0.13,-0.75000000000000044,,0.10658529769632218,1,bohr,hartree_per_elementary_charge
3.2812499999999991,0.13,-0.65625,,0.10692877414985158,1,bohr,hartree_per_elementary_charge
3.2812499999999991,0.13,-0.5625,,0.107272250603381,1,bohr,hartree_per_elementary_charge
3.2812499999999991,0.13,-0.46875,,0.10758271114116999,1,bohr,hartree_per_elementary_charge
3.2812499999999991,0.13,-0.375,,0.10545028670335004,1,bohr,hartree_per_elementary_charge
3.2812499999999991,0.13,-0.28125,,0.10331786226553002,1,bohr,hartree_per_elementary_charge
3.2812499999999991,0.13,-0.1875,,0.10114401041253299,1,bohr,hartree_per_elementary_charge
3.2812499999999991,0.13,-0.09375,,0.097458149016157306,1,bohr,hartree_per_elementary_charge
3.2812499999999991,0.13,0,,0.093772287619781611,1,bohr,hartree_per_elementary_charge
3.2812499999999991,0.13,0.09375,,0.090070519998064716,1,bohr,hartree_per_elementary_charge
3.2812499999999991,0.13,0.18749999999999911,,0.085987018389741016,1,bohr,hartree_per_elementary_charge
3.2812499999999991,0.13,0.28125,,0.081903516781417232,1,bohr,hartree_per_elementary_charge
3.2812499999999991,0.13,0.375,,0.077840947791629256,1,bohr,hartree_per_elementary_charge
3.2812499999999991,0.13,0.46874999999999911,,0.07414992145846952,1,bohr,hartree_per_elementary_charge
3.2812499999999991,0.13,0.5625,,0.070458895125309756,1,bohr,hartree_per_elementary_charge
3.2812499999999991,0.13,0.65625,,0.066814583976305075,1,bohr,hartree_per_elementary_charge
3.2812499999999991,0.13,0.74999999999999911,,0.063824269367452974,1,bohr,hartree_per_elementary_charge
3.2812499999999991,0.13,0.84375,,0.060833954758600865,1,bohr,hartree_per_elementary_charge
3.2812499999999991,0.13,0.9375,,0.057899239293271898,1,bohr,hartree_per_elementary_charge
3.2812499999999991,0.13,1.0312499999999991,,0.05560390083330452,1,bohr,hartree_per_elementary_charge
3.2812499999999991,0.13,1.125,,0.053308562373337122,1,bohr,hartree_per_elementary_charge
3.2812499999999991,0.13,1.21875,,0.051065486601232127,1,bohr,hartree_per_elementary_charge
3.2812499999999991,0.13,1.3124999999999991,,0.049330096509363597,1,bohr,hartree_per_elementary_charge
3.2812499999999991,0.13,1.40625,,0.047594706417495018,1,bohr,hartree_per_elementary_charge
3.2812499999999991,0.13,1.5,,0.045902333550308011,1,bohr,hartree_per_elementary_charge
3.2812499999999991,0.13,1.5937499999999991,,0.044570224315074652,1,bohr,hartree_per_elementary_charge
3.2812499999999991,0.13,1.6875,,0.043238115079841259,1,bohr,hartree_per_elementary_charge
3.2812499999999991,0.13,1.78125,,0.041938255421506379,1,bohr,hartree_per_elementary_charge
3.2812499999999991,0.13,1.8749999999999991,,0.040874889357089154,1,bohr,hartree_per_elementary_charge
3.2812499999999991,0.13,1.96875,,0.039811523292671923,1,bohr,hartree_per_elementary_charge
3.2812499999999991,0.13,2.0625,,0.038770543369226647,1,bohr,hartree_per_elementary_charge
3.2812499999999991,0.13,2.1562499999999991,,0.037875071520760424,1,bohr,hartree_per_elementary_charge
3.2812499999999991,0.13,2.25,,0.036979599672294208,1,bohr,hartree_per_elementary_charge
3.2812499999999991,0.13,2.34375,,0.036098738848503627,1,bohr,hartree_per_elementary_charge
3.2812499999999991,0.13,2.4374999999999991,,0.035302886638231792,1,bohr,hartree_per_elementary_charge
3.2812499999999991,0.13,2.53125,,0.034507034427959958,1,bohr,hartree_per_elementary_charge
3.2812499999999991,0.13,2.625,,0.033720508880108552,1,bohr,hartree_per_elementary_charge
3.2812499999999991,0.13,2.7187499999999991,,0.032982947786484869,1,bohr,hartree_per_elementary_charge
3.2812499999999991,0.13,2.8125,,0.0322453866928612,1,bohr,hartree_per_elementary_charge
3.2812499999999991,0.13,2.90625,,0.031514216220131647,1,bohr,hartree_per_elementary_charge
3.2812499999999991,0.13,2.9999999999999991,,0.030813523790281808,1,bohr,hartree_per_elementary_charge
3.2812499999999991,0.13,3.09375,,0.030112831360431982,1,bohr,hartree_per_elementary_charge
3.2812499999999991,0.13,3.1875,,0.029417456211430385,1,bohr,hartree_per_elementary_charge
3.2812499999999991,0.13,3.2812499999999991,,0.028745248999311489,1,bohr,hartree_per_elementary_charge
3.2812499999999991,0.13,3.375,,0.028073041787192606,1,bohr,hartree_per_elementary_charge
3.2812499999999991,0.13,3.46875,,0.027406323893057041,1,bohr,hartree_per_elementary_charge
3.2812499999999991,0.13,3.5625,,0.026761563078905301,1,bohr,hartree_per_elementary_charge
3.2812499999999991,0.13,3.65625,,0.026116802264753575,1,bohr,hartree_per_elementary_charge
3.2812499999999991,0.13,3.75,,0.025478372706648378,1,bohr,hartree_per_elementary_charge
3.2812499999999991,0.13,3.84375,,0.024863289462402422,1,bohr,hartree_per_elementary_charge
3.2812499999999991,0.13,3.9375,,0.024248206218156456,1,bohr,hartree_per_elementary_charge
3.2812499999999991,0.13,4.03125,,0.023640528208571085,1,bohr,hartree_per_elementary_charge
3.2812499999999991,0.13,4.125,,0.023058114919304103,1,bohr,hartree_per_elementary_charge
3.2812499999999991,0.13,4.21875,,0.02247570163003711,1,bohr,hartree_per_elementary_charge
3.2812499999999991,0.13,4.3125,,0.021901720006087626,1,bohr,hartree_per_elementary_charge
3.2812499999999991,0.13,4.40625,,0.021354438456479469,1,bohr,hartree_per_elementary_charge
3.2812499999999991,0.13,4.5,,0.020807156906871311,1,bohr,hartree_per_elementary_charge
3.375,0.13,-4.5,,0.0063039117394357181,1,bohr,hartree_per_elementary_charge
3.375,0.13,-4.40625,,0.006802940024123209,1,bohr,hartree_per_elementary_charge
3.375,0.13,-4.3125,,0.0073985865278514886,1,bohr,hartree_per_elementary_charge
3.375,0.13,-4.21875,,0.0080144914423175267,1,bohr,hartree_per_elementary_charge
3.375,0.13,-4.125,,0.0086303963567835665,1,bohr,hartree_per_elementary_charge
3.375,0.13,-4.03125,,0.0093697530310013089,1,bohr,hartree_per_elementary_charge
3.375,0.13,-3.9375,,0.010132624021336604,1,bohr,hartree_per_elementary_charge
3.375,0.13,-3.84375,,0.010895495011671896,1,bohr,hartree_per_elementary_charge
3.375,0.13,-3.75,,0.011816774746446561,1,bohr,hartree_per_elementary_charge
3.375,0.13,-3.65625,,0.01276528060797193,1,bohr,hartree_per_elementary_charge
3.375,0.13,-3.5625,,0.013713786469497294,1,bohr,hartree_per_elementary_charge
3.375,0.13,-3.46875,,0.014865911173929712,1,bohr,hartree_per_elementary_charge
3.375,0.13,-3.375,,0.01604936138883778,1,bohr,hartree_per_elementary_charge
3.375,0.13,-3.28125,,0.017232811603745846,1,bohr,hartree_per_elementary_charge
3.375,0.13,-3.1875,,0.018677220677731976,1,bohr,hartree_per_elementary_charge
3.375,0.13,-3.09375,,0.020157214476501414,1,bohr,hartree_per_elementary_charge
3.375,0.13,-3,,0.021637208275270853,1,bohr,hartree_per_elementary_charge
3.375,0.13,-2.90625,,0.0234480293546812,1,bohr,hartree_per_elementary_charge
3.375,0.13,-2.8125,,0.025298351497870176,1,bohr,hartree_per_elementary_charge
3.375,0.13,-2.71875,,0.027148673641059141,1,bohr,hartree_per_elementary_charge
3.375,0.13,-2.625,,0.029408264749404878,1,bohr,hartree_per_elementary_charge
3.375,0.13,-2.53125,,0.031709985650864747,1,bohr,hartree_per_elementary_charge
3.375,0.13,-2.4375,,0.034011706552324612,1,bohr,hartree_per_elementary_charge
3.375,0.13,-2.34375,,0.036795142887083847,1,bohr,hartree_per_elementary_charge
3.375,0.13,-2.25,,0.039620466572356128,1,bohr,hartree_per_elementary_charge
3.375,0.13,-2.1562500000000004,,0.042445790257628402,1,bohr,hartree_per_elementary_charge
3.375,0.13,-2.0625,,0.045782594900192305,1,bohr,hartree_per_elementary_charge
3.375,0.13,-1.96875,,0.0491559329262551,1,bohr,hartree_per_elementary_charge
3.375,0.13,-1.8750000000000004,,0.052529270952317866,1,bohr,hartree_per_elementary_charge
3.375,0.13,-1.78125,,0.056328516489950131,1,bohr,hartree_per_elementary_charge
3.375,0.13,-1.6875,,0.060151756037407751,1,bohr,hartree_per_elementary_charge
3.375,0.13,-1.5937500000000004,,0.063974995584865371,1,bohr,hartree_per_elementary_charge
3.375,0.13,-1.5,,0.067918390145885452,1,bohr,hartree_per_elementary_charge
3.375,0.13,-1.40625,,0.071866790953602905,1,bohr,hartree_per_elementary_charge
3.375,0.13,-1.3125000000000004,,0.075815191761320427,1,bohr,hartree_per_elementary_charge
3.375,0.13,-1.21875,,0.079286484943736871,1,bohr,hartree_per_elementary_charge
3.375,0.13,-1.125,,0.082744707497634656,1,bohr,hartree_per_elementary_charge
3.375,0.13,-1.0312500000000004,,0.086202930051532484,1,bohr,hartree_per_elementary_charge
3.375,0.13,-0.9375,,0.088402231326371414,1,bohr,hartree_per_elementary_charge
3.375,0.13,-0.84375,,0.09058452222338155,1,bohr,hartree_per_elementary_charge
3.375,0.13,-0.75000000000000044,,0.09276681016949373,1,bohr,hartree_per_elementary_charge
3.375,0.13,-0.65625,,0.093092556576633817,1,bohr,hartree_per_elementary_charge
3.375,0.13,-0.5625,,0.093418302983773932,1,bohr,hartree_per_elementary_charge
3.375,0.13,-0.46875,,0.093719482821274,1,bohr,hartree_per_elementary_charge
3.375,0.13,-0.375,,0.092202954364759185,1,bohr,hartree_per_elementary_charge
3.375,0.13,-0.28125,,0.090686425908244342,1,bohr,hartree_per_elementary_charge
3.375,0.13,-0.1875,,0.089137014056040492,1,bohr,hartree_per_elementary_charge
3.375,0.13,-0.09375,,0.086387430581059743,1,bohr,hartree_per_elementary_charge
3.375,0.13,0,,0.083637847106079008,1,bohr,hartree_per_elementary_charge
3.375,0.13,0.09375,,0.080871117823221927,1,bohr,hartree_per_elementary_charge
3.375,0.13,0.18749999999999911,,0.077692905774728899,1,bohr,hartree_per_elementary_charge
3.375,0.13,0.28125,,0.074514693726235773,1,bohr,hartree_per_elementary_charge
3.375,0.13,0.375,,0.07134601765892741,1,bohr,hartree_per_elementary_charge
3.375,0.13,0.46874999999999911,,0.068346600099667976,1,bohr,hartree_per_elementary_charge
3.375,0.13,0.5625,,0.065347182540408499,1,bohr,hartree_per_elementary_charge
3.375,0.13,0.65625,,0.062378917035696459,1,bohr,hartree_per_elementary_charge
3.375,0.13,0.74999999999999911,,0.059846769599684345,1,bohr,hartree_per_elementary_charge
3.375,0.13,0.84375,,0.05731462216367221,1,bohr,hartree_per_elementary_charge
3.375,0.13,0.9375,,0.054823695935668389,1,bohr,hartree_per_elementary_charge
3.375,0.13,1.0312499999999991,,0.05280680385394191,1,bohr,hartree_per_elementary_charge
3.375,0.13,1.125,,0.05078991177221541,1,bohr,hartree_per_elementary_charge
3.375,0.13,1.21875,,0.048814389509684128,1,bohr,hartree_per_elementary_charge
3.375,0.13,1.3124999999999991,,0.04724073836512286,1,bohr,hartree_per_elementary_charge
3.375,0.13,1.40625,,0.04566708722056155,1,bohr,hartree_per_elementary_charge
3.375,0.13,1.5,,0.044129199309438205,1,bohr,hartree_per_elementary_charge
3.375,0.13,1.5937499999999991,,0.042890823802105141,1,bohr,hartree_per_elementary_charge
3.375,0.13,1.6875,,0.041652448294772021,1,bohr,hartree_per_elementary_charge
3.375,0.13,1.78125,,0.040442018496513209,1,bohr,hartree_per_elementary_charge
3.375,0.13,1.8749999999999991,,0.039436521035641423,1,bohr,hartree_per_elementary_charge
3.375,0.13,1.96875,,0.038431023574769616,1,bohr,hartree_per_elementary_charge
3.375,0.13,2.0625,,0.037445715524434486,1,bohr,hartree_per_elementary_charge
3.375,0.13,2.1562499999999991,,0.036591636981937806,1,bohr,hartree_per_elementary_charge
3.375,0.13,2.25,,0.035737558439441139,1,bohr,hartree_per_elementary_charge
3.375,0.13,2.34375,,0.034897229196450642,1,bohr,hartree_per_elementary_charge
3.375,0.13,2.4374999999999991,,0.034136894951334776,1,bohr,hartree_per_elementary_charge
3.375,0.13,2.53125,,0.033376560706218923,1,bohr,hartree_per_elementary_charge
3.375,0.13,2.625,,0.032625388218160994,1,bohr,hartree_per_elementary_charge
3.375,0.13,2.7187499999999991,,0.031922314440433391,1,bohr,hartree_per_elementary_charge
3.375,0.13,2.8125,,0.031219240662705795,1,bohr,hartree_per_elementary_charge
3.375,0.13,2.90625,,0.030522617185939616,1,bohr,hartree_per_elementary_charge
3.375,0.13,2.9999999999999991,,0.029856756377237573,1,bohr,hartree_per_elementary_charge
3.375,0.13,3.09375,,0.029190895568535546,1,bohr,hartree_per_elementary_charge
3.375,0.13,3.1875,,0.028530341701393316,1,bohr,hartree_per_elementary_charge
3.375,0.13,3.2812499999999991,,0.027892910721795845,1,bohr,hartree_per_elementary_charge
3.375,0.13,3.375,,0.027255479742198389,1,bohr,hartree_per_elementary_charge
3.375,0.13,3.46875,,0.026623321187946664,1,bohr,hartree_per_elementary_charge
3.375,0.13,3.5625,,0.026012252150712668,1,bohr,hartree_per_elementary_charge
3.375,0.13,3.65625,,0.025401183113478682,1,bohr,hartree_per_elementary_charge
3.375,0.13,3.75,,0.024795999468148752,1,bohr,hartree_per_elementary_charge
3.375,0.13,3.84375,,0.024212518026231002,1,bohr,hartree_per_elementary_charge
3.375,0.13,3.9375,,0.023629036584313239,1,bohr,hartree_per_elementary_charge
3.375,0.13,4.03125,,0.023052327395315948,1,bohr,hartree_per_elementary_charge
3.375,0.13,4.125,,0.022498723358795634,1,bohr,hartree_per_elementary_charge
3.375,0.13,4.21875,,0.021945119322275299,1,bohr,hartree_per_elementary_charge
3.375,0.13,4.3125,,0.021399192515307256,1,bohr,hartree_per_elementary_charge
3.375,0.13,4.40625,,0.020877576753911168,1,bohr,hartree_per_elementary_charge
3.375,0.13,4.5,,0.020355960992515066,1,bohr,hartree_per_elementary_charge
3.46875,0.13,-4.5,,0.0064595069073322868,1,bohr,hartree_per_elementary_charge
3.46875,0.13,-4.40625,,0.0069527827689706313,1,bohr,hartree_per_elementary_charge
3.46875,0.13,-4.3125,,0.0075383428182445407,1,bohr,hartree_per_elementary_charge
3.46875,0.13,-4.21875,,0.0081432525408645564,1,bohr,hartree_per_elementary_charge
3.46875,0.13,-4.125,,0.0087481622634845713,1,bohr,hartree_per_elementary_charge
3.46875,0.13,-4.03125,,0.0094698242888910621,1,bohr,hartree_per_elementary_charge
3.46875,0.13,-3.9375,,0.010213724559914261,1,bohr,hartree_per_elementary_charge
3.46875,0.13,-3.84375,,0.010957624830937457,1,bohr,hartree_per_elementary_charge
3.46875,0.13,-3.75,,0.011849619083636093,1,bohr,hartree_per_elementary_charge
3.46875,0.13,-3.65625,,0.012767066637731576,1,bohr,hartree_per_elementary_charge
3.46875,0.13,-3.5625,,0.013684514191827058,1,bohr,hartree_per_elementary_charge
3.46875,0.13,-3.46875,,0.014789766211561578,1,bohr,hartree_per_elementary_charge
3.46875,0.13,-3.375,,0.015923910796796212,1,bohr,hartree_per_elementary_charge
3.46875,0.13,-3.28125,,0.01705805538203085,1,bohr,hartree_per_elementary_charge
3.46875,0.13,-3.1875,,0.018429063685467005,1,bohr,hartree_per_elementary_charge
3.46875,0.13,-3.09375,,0.019832371065673836,1,bohr,hartree_per_elementary_charge
3.46875,0.13,-3,,0.02123567844588067,1,bohr,hartree_per_elementary_charge
3.46875,0.13,-2.90625,,0.022933499088526085,1,bohr,hartree_per_elementary_charge
3.46875,0.13,-2.8125,,0.02466648486973172,1,bohr,hartree_per_elementary_charge
3.46875,0.13,-2.71875,,0.02639947065093735,1,bohr,hartree_per_elementary_charge
3.46875,0.13,-2.625,,0.028488119545509213,1,bohr,hartree_per_elementary_charge
3.46875,0.13,-2.53125,,0.030613380093199472,1,bohr,hartree_per_elementary_charge
3.46875,0.13,-2.4375,,0.03273864064088973,1,bohr,hartree_per_elementary_charge
3.46875,0.13,-2.34375,,0.035269673502015472,1,bohr,hartree_per_elementary_charge
3.46875,0.13,-2.25,,0.037835990113559897,1,bohr,hartree_per_elementary_charge
3.46875,0.13,-2.1562500000000004,,0.040402306725104309,1,bohr,hartree_per_elementary_charge
3.46875,0.13,-2.0625,,0.04338101706340694,1,bohr,hartree_per_elementary_charge
3.46875,0.13,-1.96875,,0.046389183313913951,1,bohr,hartree_per_elementary_charge
3.46875,0.13,-1.8750000000000004,,0.049397349564420934,1,bohr,hartree_per_elementary_charge
3.46875,0.13,-1.78125,,0.052722379526812163,1,bohr,hartree_per_elementary_charge
3.46875,0.13,-1.6875,,0.056065260385958479,1,bohr,hartree_per_elementary_charge
3.46875,0.13,-1.5937500000000004,,0.059408141245104809,1,bohr,hartree_per_elementary_charge
3.46875,0.13,-1.5,,0.062793299236551026,1,bohr,hartree_per_elementary_charge
3.46875,0.13,-1.40625,,0.066180218700512411,1,bohr,hartree_per_elementary_charge
3.46875,0.13,-1.3125000000000004,,0.069567138164473838,1,bohr,hartree_per_elementary_charge
3.46875,0.13,-1.21875,,0.072501906092146892,1,bohr,hartree_per_elementary_charge
3.46875,0.13,-1.125,,0.075424287077227634,1,bohr,hartree_per_elementary_charge
3.46875,0.13,-1.0312500000000004,,0.078346668062308431,1,bohr,hartree_per_elementary_charge
3.46875,0.13,-0.9375,,0.080200938879789407,1,bohr,hartree_per_elementary_charge
3.46875,0.13,-0.84375,,0.082040777533944648,1,bohr,hartree_per_elementary_charge
3.46875,0.13,-0.75000000000000044,,0.083880613764849121,1,bohr,hartree_per_elementary_charge
3.46875,0.13,-0.65625,,0.084195874871074453,1,bohr,hartree_per_elementary_charge
3.46875,0.13,-0.5625,,0.084511135977299784,1,bohr,hartree_per_elementary_charge
3.46875,0.13,-0.46875,,0.084806247526454728,1,bohr,hartree_per_elementary_charge
3.46875,0.13,-0.375,,0.083610470541141305,1,bohr,hartree_per_elementary_charge
3.46875,0.13,-0.28125,,0.082414693555827895,1,bohr,hartree_per_elementary_charge
3.46875,0.13,-0.1875,,0.081191077862323796,1,bohr,hartree_per_elementary_charge
3.46875,0.13,-0.09375,,0.078951410545040762,1,bohr,hartree_per_elementary_charge
3.46875,0.13,0,,0.076711743227757728,1,bohr,hartree_per_elementary_charge
3.46875,0.13,0.09375,,0.074455594620419577,1,bohr,hartree_per_elementary_charge
3.46875,0.13,0.18749999999999911,,0.071803911030884043,1,bohr,hartree_per_elementary_charge
3.46875,0.13,0.28125,,0.069152227441348454,1,bohr,hartree_per_elementary_charge
3.46875,0.13,0.375,,0.066505215319308433,1,bohr,hartree_per_elementary_charge
3.46875,0.13,0.46874999999999911,,0.063941119218533168,1,bohr,hartree_per_elementary_charge
3.46875,0.13,0.5625,,0.061377023117757883,1,bohr,hartree_per_elementary_charge
3.46875,0.13,0.65625,,0.058836003652498858,1,bohr,hartree_per_elementary_charge
3.46875,0.13,0.74999999999999911,,0.056618049161914645,1,bohr,hartree_per_elementary_charge
3.46875,0.13,0.84375,,0.054400094671330432,1,bohr,hartree_per_elementary_charge
3.46875,0.13,0.9375,,0.052214913750979863,1,bohr,hartree_per_elementary_charge
3.46875,0.13,1.0312499999999991,,0.050406621139750252,1,bohr,hartree_per_elementary_charge
3.46875,0.13,1.125,,0.048598328528520612,1,bohr,hartree_per_elementary_charge
3.46875,0.13,1.21875,,0.046824298299028254,1,bohr,hartree_per_elementary_charge
3.46875,0.13,1.3124999999999991,,0.045383096733545764,1,bohr,hartree_per_elementary_charge
3.46875,0.13,1.40625,,0.043941895168063225,1,bohr,hartree_per_elementary_charge
3.46875,0.13,1.5,,0.042531243497106713,1,bohr,hartree_per_elementary_charge
3.46875,0.13,1.5937499999999991,,0.041376443198227662,1,bohr,hartree_per_elementary_charge
3.46875,0.13,1.6875,,0.040221642899348584,1,bohr,hartree_per_elementary_charge
3.46875,0.13,1.78125,,0.039091365212293026,1,bohr,hartree_per_elementary_charge
3.46875,0.13,1.8749999999999991,,0.038140917500081514,1,bohr,hartree_per_elementary_charge
3.46875,0.13,1.96875,,0.037190469787869967,1,bohr,hartree_per_elementary_charge
3.46875,0.13,2.0625,,0.036258211559272543,1,bohr,hartree_per_elementary_charge
3.46875,0.13,2.1562499999999991,,0.035444183478017866,1,bohr,hartree_per_elementary_charge
3.46875,0.13,2.25,,0.034630155396763188,1,bohr,hartree_per_elementary_charge
3.46875,0.13,2.34375,,0.033828868717500425,1,bohr,hartree_per_elementary_charge
3.46875,0.13,2.4374999999999991,,0.033101712973039515,1,bohr,hartree_per_elementary_charge
3.46875,0.13,2.53125,,0.032374557228578599,1,bohr,hartree_per_elementary_charge
3.46875,0.13,2.625,,0.031656144350343106,1,bohr,hartree_per_elementary_charge
3.46875,0.13,2.7187499999999991,,0.030983631029078394,1,bohr,hartree_per_elementary_charge
3.46875,0.13,2.8125,,0.030311117707813699,1,bohr,hartree_per_elementary_charge
3.46875,0.13,2.90625,,0.029644899225389449,1,bohr,hartree_per_elementary_charge
3.46875,0.13,2.9999999999999991,,0.029008701983667659,1,bohr,hartree_per_elementary_charge
3.46875,0.13,3.09375,,0.028372504741945886,1,bohr,hartree_per_elementary_charge
3.46875,0.13,3.1875,,0.027741497585205634,1,bohr,hartree_per_elementary_charge
3.46875,0.13,3.2812499999999991,,0.027133104159938273,1,bohr,hartree_per_elementary_charge
3.46875,0.13,3.375,,0.026524710734670921,1,bohr,hartree_per_elementary_charge
3.46875,0.13,3.46875,,0.025921386077213185,1,bohr,hartree_per_elementary_charge
3.46875,0.13,3.5625,,0.025338336313750123,1,bohr,hartree_per_elementary_charge
3.46875,0.13,3.65625,,0.024755286550287081,1,bohr,hartree_per_elementary_charge
3.46875,0.13,3.75,,0.024177785642997898,1,bohr,hartree_per_elementary_charge
3.46875,0.13,3.84375,,0.023620745973864717,1,bohr,hartree_per_elementary_charge
3.46875,0.13,3.9375,,0.023063706304731518,1,bohr,hartree_per_elementary_charge
3.46875,0.13,4.03125,,0.022512974884038837,1,bohr,hartree_per_elementary_charge
3.46875,0.13,4.125,,0.021983765554117508,1,bohr,hartree_per_elementary_charge
3.46875,0.13,4.21875,,0.021454556224196165,1,bohr,hartree_per_elementary_charge
3.46875,0.13,4.3125,,0.020932463867857593,1,bohr,hartree_per_elementary_charge
3.46875,0.13,4.40625,,0.020432908426421297,1,bohr,hartree_per_elementary_charge
3.46875,0.13,4.5,,0.019933352984984994,1,bohr,hartree_per_elementary_charge
3.5625,0.13,-4.5,,0.0066046526828308066,1,bohr,hartree_per_elementary_charge
3.5625,0.13,-4.40625,,0.0070916046162637809,1,bohr,hartree_per_elementary_charge
3.5625,0.13,-4.3125,,0.0076664675582200463,1,bohr,hartree_per_elementary_charge
3.5625,0.13,-4.21875,,0.0082597632278410965,1,bohr,hartree_per_elementary_charge
3.5625,0.13,-4.125,,0.0088530588974621485,1,bohr,hartree_per_elementary_charge
3.5625,0.13,-4.03125,,0.0095564161670096681,1,bohr,hartree_per_elementary_charge
3.5625,0.13,-3.9375,,0.010280737279100052,1,bohr,hartree_per_elementary_charge
3.5625,0.13,-3.84375,,0.011005058391190438,1,bohr,hartree_per_elementary_charge
3.5625,0.13,-3.75,,0.011867280199642716,1,bohr,hartree_per_elementary_charge
3.5625,0.13,-3.65625,,0.012753203362786281,1,bohr,hartree_per_elementary_charge
3.5625,0.13,-3.5625,,0.013639126525929843,1,bohr,hartree_per_elementary_charge
3.5625,0.13,-3.46875,,0.014697405447590569,1,bohr,hartree_per_elementary_charge
3.5625,0.13,-3.375,,0.015782200245885714,1,bohr,hartree_per_elementary_charge
3.5625,0.13,-3.28125,,0.016866995044180867,1,bohr,hartree_per_elementary_charge
3.5625,0.13,-3.1875,,0.018165432069018366,1,bohr,hartree_per_elementary_charge
3.5625,0.13,-3.09375,,0.019493001654675834,1,bohr,hartree_per_elementary_charge
3.5625,0.13,-3,,0.020820571240333305,1,bohr,hartree_per_elementary_charge
3.5625,0.13,-2.90625,,0.022408239893755597,1,bohr,hartree_per_elementary_charge
3.5625,0.13,-2.8125,,0.024026964601094113,1,bohr,hartree_per_elementary_charge
3.5625,0.13,-2.71875,,0.025645689308432619,1,bohr,hartree_per_elementary_charge
3.5625,0.13,-2.625,,0.027570364157019019,1,bohr,hartree_per_elementary_charge
3.5625,0.13,-2.53125,,0.029526533248392859,1,bohr,hartree_per_elementary_charge
3.5625,0.13,-2.4375,,0.031482702339766695,1,bohr,hartree_per_elementary_charge
3.5625,0.13,-2.34375,,0.033776195361340411,1,bohr,hartree_per_elementary_charge
3.5625,0.13,-2.25,,0.036099020234717033,1,bohr,hartree_per_elementary_charge
3.5625,0.13,-2.1562500000000004,,0.038421845108093655,1,bohr,hartree_per_elementary_charge
3.5625,0.13,-2.0625,,0.04107112543697046,1,bohr,hartree_per_elementary_charge
3.5625,0.13,-1.96875,,0.043743723393182297,1,bohr,hartree_per_elementary_charge
3.5625,0.13,-1.8750000000000004,,0.046416321349394107,1,bohr,hartree_per_elementary_charge
3.5625,0.13,-1.78125,,0.049316415972058124,1,bohr,hartree_per_elementary_charge
3.5625,0.13,-1.6875,,0.052229326891927053,1,bohr,hartree_per_elementary_charge
3.5625,0.13,-1.5937500000000004,,0.055142237811796002,1,bohr,hartree_per_elementary_charge
3.5625,0.13,-1.5,,0.058041187851143108,1,bohr,hartree_per_elementary_charge
3.5625,0.13,-1.40625,,0.060939556211790882,1,bohr,hartree_per_elementary_charge
3.5625,0.13,-1.3125000000000004,,0.063837924572438698,1,bohr,hartree_per_elementary_charge
3.5625,0.13,-1.21875,,0.066317938125551743,1,bohr,hartree_per_elementary_charge
3.5625,0.13,-1.125,,0.06878649061623715,1,bohr,hartree_per_elementary_charge
3.5625,0.13,-1.0312500000000004,,0.071255043106922558,1,bohr,hartree_per_elementary_charge
3.5625,0.13,-0.9375,,0.072822775862196237,1,bohr,hartree_per_elementary_charge
3.5625,0.13,-0.84375,,0.074378336860339539,1,bohr,hartree_per_elementary_charge
3.5625,0.13,-0.75000000000000044,,0.075933895872606683,1,bohr,hartree_per_elementary_charge
3.5625,0.13,-0.65625,,0.076240051621341565,1,bohr,hartree_per_elementary_charge
3.5625,0.13,-0.5625,,0.076546207370076474,1,bohr,hartree_per_elementary_charge
3.5625,0.13,-0.46875,,0.076835862515286318,1,bohr,hartree_per_elementary_charge
3.5625,0.13,-0.375,,0.075904619329016099,1,bohr,hartree_per_elementary_charge
3.5625,0.13,-0.28125,,0.074973376142745851,1,bohr,hartree_per_elementary_charge
3.5625,0.13,-0.1875,,0.074018672400266508,1,bohr,hartree_per_elementary_charge
3.5625,0.13,-0.09375,,0.072207709952543317,1,bohr,hartree_per_elementary_charge
3.5625,0.13,0,,0.070396747504820126,1,bohr,hartree_per_elementary_charge
3.5625,0.13,0.09375,,0.068570330968517737,1,bohr,hartree_per_elementary_charge
3.5625,0.13,0.18749999999999911,,0.066373031289536297,1,bohr,hartree_per_elementary_charge
3.5625,0.13,0.28125,,0.064175731610554829,1,bohr,hartree_per_elementary_charge
3.5625,0.13,0.375,,0.061979483092112188,1,bohr,hartree_per_elementary_charge
3.5625,0.13,0.46874999999999911,,0.059801892104664259,1,bohr,hartree_per_elementary_charge
3.5625,0.13,0.5625,,0.057624301117216309,1,bohr,hartree_per_elementary_charge
3.5625,0.13,0.65625,,0.055463137568473347,1,bohr,hartree_per_elementary_charge
3.5625,0.13,0.74999999999999911,,0.053531952521815918,1,bohr,hartree_per_elementary_charge
3.5625,0.13,0.84375,,0.05160076747515846,1,bohr,hartree_per_elementary_charge
3.5625,0.13,0.9375,,0.04969503793485601,1,bohr,hartree_per_elementary_charge
3.5625,0.13,1.0312499999999991,,0.048082040699259893,1,bohr,hartree_per_elementary_charge
3.5625,0.13,1.125,,0.046469043463663769,1,bohr,hartree_per_elementary_charge
3.5625,0.13,1.21875,,0.044883922202633535,1,bohr,hartree_per_elementary_charge
3.5625,0.13,1.3124999999999991,,0.043569591321673332,1,bohr,hartree_per_elementary_charge
3.5625,0.13,1.40625,,0.042255260440713087,1,bohr,hartree_per_elementary_charge
3.5625,0.13,1.5,,0.040966654808769133,1,bohr,hartree_per_elementary_charge
3.5625,0.13,1.5937499999999991,,0.039893494773609275,1,bohr,hartree_per_elementary_charge
3.5625,0.13,1.6875,,0.038820334738449383,1,bohr,hartree_per_elementary_charge
3.5625,0.13,1.78125,,0.03776844198270167,1,bohr,hartree_per_elementary_charge
3.5625,0.13,1.8749999999999991,,0.036872507097559903,1,bohr,hartree_per_elementary_charge
3.5625,0.13,1.96875,,0.035976572212418123,1,bohr,hartree_per_elementary_charge
3.5625,0.13,2.0625,,0.035096864370131362,1,bohr,hartree_per_elementary_charge
3.5625,0.13,2.1562499999999991,,0.034322630971670945,1,bohr,hartree_per_elementary_charge
3.5625,0.13,2.25,,0.033548397573210528,1,bohr,hartree_per_elementary_charge
3.5625,0.13,2.34375,,0.032785869837039697,1,bohr,hartree_per_elementary_charge
3.5625,0.13,2.4374999999999991,,0.032091446983561714,1,bohr,hartree_per_elementary_charge
3.5625,0.13,2.53125,,0.031397024130083745,1,bohr,hartree_per_elementary_charge
3.5625,0.13,2.625,,0.030710876874097671,1,bohr,hartree_per_elementary_charge
3.5625,0.13,2.7187499999999991,,0.03006817604045799,1,bohr,hartree_per_elementary_charge
3.5625,0.13,2.8125,,0.029425475206818319,1,bohr,hartree_per_elementary_charge
3.5625,0.13,2.90625,,0.028788872770674077,1,bohr,hartree_per_elementary_charge
3.5625,0.13,2.9999999999999991,,0.028181354710436819,1,bohr,hartree_per_elementary_charge
3.5625,0.13,3.09375,,0.027573836650199583,1,bohr,hartree_per_elementary_charge
3.5625,0.13,3.1875,,0.026971371529477015,1,bohr,hartree_per_elementary_charge
3.5625,0.13,3.2812499999999991,,0.02639092258339136,1,bohr,hartree_per_elementary_charge
3.5625,0.13,3.375,,0.025810473637305719,1,bohr,hartree_per_elementary_charge
3.5625,0.13,3.46875,,0.025234892322450481,1,bohr,hartree_per_elementary_charge
3.5625,0.13,3.5625,,0.024678781362306411,1,bohr,hartree_per_elementary_charge
3.5625,0.13,3.65625,,0.024122670402162351,1,bohr,hartree_per_elementary_charge
3.5625,0.13,3.75,,0.023571792586799308,1,bohr,hartree_per_elementary_charge
3.5625,0.13,3.84375,,0.023040211833445789,1,bohr,hartree_per_elementary_charge
3.5625,0.13,3.9375,,0.022508631080092264,1,bohr,hartree_per_elementary_charge
3.5625,0.13,4.03125,,0.021982926756655308,1,bohr,hartree_per_elementary_charge
3.5625,0.13,4.125,,0.021477271272332461,1,bohr,hartree_per_elementary_charge
3.5625,0.13,4.21875,,0.020971615788009601,1,bohr,hartree_per_elementary_charge
3.5625,0.13,4.3125,,0.020472554007710801,1,bohr,hartree_per_elementary_charge
3.5625,0.13,4.40625,,0.019994372134405136,1,bohr,hartree_per_elementary_charge
3.5625,0.13,4.5,,0.019516190261099461,1,bohr,hartree_per_elementary_charge
3.65625,0.13,-4.5,,0.0067497984583293202,1,bohr,hartree_per_elementary_charge
3.65625,0.13,-4.40625,,0.0072304264635569262,1,bohr,hartree_per_elementary_charge
3.65625,0.13,-4.3125,,0.0077945922981955476,1,bohr,hartree_per_elementary_charge
3.65625,0.13,-4.21875,,0.0083762739148176349,1,bohr,hartree_per_elementary_charge
3.65625,0.13,-4.125,,0.0089579555314397222,1,bohr,hartree_per_elementary_charge
3.65625,0.13,-4.03125,,0.0096430080451282724,1,bohr,hartree_per_elementary_charge
3.65625,0.13,-3.9375,,0.010347749998285846,1,bohr,hartree_per_elementary_charge
3.65625,0.13,-3.84375,,0.011052491951443418,1,bohr,hartree_per_elementary_charge
3.65625,0.13,-3.75,,0.011884941315649338,1,bohr,hartree_per_elementary_charge
3.65625,0.13,-3.65625,,0.012739340087840986,1,bohr,hartree_per_elementary_charge
3.65625,0.13,-3.5625,,0.013593738860032629,1,bohr,hartree_per_elementary_charge
3.65625,0.13,-3.46875,,0.014605044683619558,1,bohr,hartree_per_elementary_charge
3.65625,0.13,-3.375,,0.015640489694975224,1,bohr,hartree_per_elementary_charge
3.65625,0.13,-3.28125,,0.016675934706330886,1,bohr,hartree_per_elementary_charge
3.65625,0.13,-3.1875,,0.017901800452569734,1,bohr,hartree_per_elementary_charge
3.65625,0.13,-3.09375,,0.019153632243677842,1,bohr,hartree_per_elementary_charge
3.65625,0.13,-3,,0.020405464034785947,1,bohr,hartree_per_elementary_charge
3.65625,0.13,-2.90625,,0.02188298069898512,1,bohr,hartree_per_elementary_charge
3.65625,0.13,-2.8125,,0.023387444332456517,1,bohr,hartree_per_elementary_charge
3.65625,0.13,-2.71875,,0.024891907965927905,1,bohr,hartree_per_elementary_charge
3.65625,0.13,-2.625,,0.026652608768528846,1,bohr,hartree_per_elementary_charge
3.65625,0.13,-2.53125,,0.028439686403586274,1,bohr,hartree_per_elementary_charge
3.65625,0.13,-2.4375,,0.030226764038643696,1,bohr,hartree_per_elementary_charge
3.65625,0.13,-2.34375,,0.032282717220665363,1,bohr,hartree_per_elementary_charge
3.65625,0.13,-2.25,,0.03436205035587421,1,bohr,hartree_per_elementary_charge
3.65625,0.13,-2.1562500000000004,,0.036441383491083043,1,bohr,hartree_per_elementary_charge
3.65625,0.13,-2.0625,,0.038761233810534028,1,bohr,hartree_per_elementary_charge
3.65625,0.13,-1.96875,,0.0410982634724507,1,bohr,hartree_per_elementary_charge
3.65625,0.13,-1.8750000000000004,,0.04343529313436735,1,bohr,hartree_per_elementary_charge
3.65625,0.13,-1.78125,,0.04591045241730414,1,bohr,hartree_per_elementary_charge
3.65625,0.13,-1.6875,,0.048393393397895702,1,bohr,hartree_per_elementary_charge
3.65625,0.13,-1.5937500000000004,,0.050876334378487265,1,bohr,hartree_per_elementary_charge
3.65625,0.13,-1.5,,0.053289076465735281,1,bohr,hartree_per_elementary_charge
3.65625,0.13,-1.40625,,0.055698893723069479,1,bohr,hartree_per_elementary_charge
3.65625,0.13,-1.3125000000000004,,0.058108710980403697,1,bohr,hartree_per_elementary_charge
3.65625,0.13,-1.21875,,0.060133970158956718,1,bohr,hartree_per_elementary_charge
3.65625,0.13,-1.125,,0.062148694155246778,1,bohr,hartree_per_elementary_charge
3.65625,0.13,-1.0312500000000004,,0.064163418151536852,1,bohr,hartree_per_elementary_charge
3.65625,0.13,-0.9375,,0.065444612844603248,1,bohr,hartree_per_elementary_charge
3.65625,0.13,-0.84375,,0.066715896186734583,1,bohr,hartree_per_elementary_charge
3.65625,0.13,-0.75000000000000044,,0.067987177980364369,1,bohr,hartree_per_elementary_charge
3.65625,0.13,-0.65625,,0.068284228371608843,1,bohr,hartree_per_elementary_charge
3.65625,0.13,-0.5625,,0.068581278762853332,1,bohr,hartree_per_elementary_charge
3.65625,0.13,-0.46875,,0.068865477504118131,1,bohr,hartree_per_elementary_charge
3.65625,0.13,-0.375,,0.068198768116891031,1,bohr,hartree_per_elementary_charge
3.65625,0.13,-0.28125,,0.067532058729663946,1,bohr,hartree_per_elementary_charge
3.65625,0.13,-0.1875,,0.066846266938209359,1,bohr,hartree_per_elementary_charge
3.65625,0.13,-0.09375,,0.06546400936004601,1,bohr,hartree_per_elementary_charge
3.65625,0.13,0,,0.064081751781882662,1,bohr,hartree_per_elementary_charge
3.65625,0.13,0.09375,,0.062685067316616022,1,bohr,hartree_per_elementary_charge
3.65625,0.13,0.18749999999999911,,0.060942151548188689,1,bohr,hartree_per_elementary_charge
3.65625,0.13,0.28125,,0.0591992357797613,1,bohr,hartree_per_elementary_charge
3.65625,0.13,0.375,,0.057453750864916053,1,bohr,hartree_per_elementary_charge
3.65625,0.13,0.46874999999999911,,0.055662664990795446,1,bohr,hartree_per_elementary_charge
3.65625,0.13,0.5625,,0.053871579116674818,1,bohr,hartree_per_elementary_charge
3.65625,0.13,0.65625,,0.05209027148444792,1,bohr,hartree_per_elementary_charge
3.65625,0.13,0.74999999999999911,,0.050445855881717246,1,bohr,hartree_per_elementary_charge
3.65625,0.13,0.84375,,0.048801440278986551,1,bohr,hartree_per_elementary_charge
3.65625,0.13,0.9375,,0.047175162118732197,1,bohr,hartree_per_elementary_charge
3.65625,0.13,1.0312499999999991,,0.045757460258769582,1,bohr,hartree_per_elementary_charge
3.65625,0.13,1.125,,0.044339758398806953,1,bohr,hartree_per_elementary_charge
3.65625,0.13,1.21875,,0.042943546106238843,1,bohr,hartree_per_elementary_charge
3.65625,0.13,1.3124999999999991,,0.041756085909800941,1,bohr,hartree_per_elementary_charge
3.65625,0.13,1.40625,,0.040568625713362998,1,bohr,hartree_per_elementary_charge
3.65625,0.13,1.5,,0.039402066120431588,1,bohr,hartree_per_elementary_charge
3.65625,0.13,1.5937499999999991,,0.038410546348990909,1,bohr,hartree_per_elementary_charge
3.65625,0.13,1.6875,,0.03741902657755021,1,bohr,hartree_per_elementary_charge
3.65625,0.13,1.78125,,0.036445518753110334,1,bohr,hartree_per_elementary_charge
3.65625,0.13,1.8749999999999991,,0.03560409669503832,1,bohr,hartree_per_elementary_charge
3.65625,0.13,1.96875,,0.0347626746369663,1,bohr,hartree_per_elementary_charge
3.65625,0.13,2.0625,,0.033935517180990214,1,bohr,hartree_per_elementary_charge
3.65625,0.13,2.1562499999999991,,0.033201078465324052,1,bohr,hartree_per_elementary_charge
3.65625,0.13,2.25,,0.032466639749657897,1,bohr,hartree_per_elementary_charge
3.65625,0.13,2.34375,,0.031742870956578989,1,bohr,hartree_per_elementary_charge
3.65625,0.13,2.4374999999999991,,0.031081180994083947,1,bohr,hartree_per_elementary_charge
3.65625,0.13,2.53125,,0.030419491031588898,1,bohr,hartree_per_elementary_charge
3.65625,0.13,2.625,,0.029765609397852253,1,bohr,hartree_per_elementary_charge
3.65625,0.13,2.7187499999999991,,0.029152721051837607,1,bohr,hartree_per_elementary_charge
3.65625,0.13,2.8125,,0.028539832705822957,1,bohr,hartree_per_elementary_charge
3.65625,0.13,2.90625,,0.027932846315958718,1,bohr,hartree_per_elementary_charge
3.65625,0.13,2.9999999999999991,,0.027354007437206,1,bohr,hartree_per_elementary_charge
3.65625,0.13,3.09375,,0.026775168558453293,1,bohr,hartree_per_elementary_charge
3.65625,0.13,3.1875,,0.02620124547374841,1,bohr,hartree_per_elementary_charge
3.65625,0.13,3.2812499999999991,,0.025648741006844469,1,bohr,hartree_per_elementary_charge
3.65625,0.13,3.375,,0.025096236539940534,1,bohr,hartree_per_elementary_charge
3.65625,0.13,3.46875,,0.024548398567687792,1,bohr,hartree_per_elementary_charge
3.65625,0.13,3.5625,,0.02401922641086271,1,bohr,hartree_per_elementary_charge
3.65625,0.13,3.65625,,0.023490054254037634,1,bohr,hartree_per_elementary_charge
3.65625,0.13,3.75,,0.022965799530600725,1,bohr,hartree_per_elementary_charge
3.65625,0.13,3.84375,,0.022459677693026876,1,bohr,hartree_per_elementary_charge
3.65625,0.13,3.9375,,0.021953555855453021,1,bohr,hartree_per_elementary_charge
3.65625,0.13,4.03125,,0.021452878629271779,1,bohr,hartree_per_elementary_charge
3.65625,0.13,4.125,,0.020970776990547418,1,bohr,hartree_per_elementary_charge
3.65625,0.13,4.21875,,0.020488675351823051,1,bohr,hartree_per_elementary_charge
3.65625,0.13,4.3125,,0.02001264414756402,1,bohr,hartree_per_elementary_charge
3.65625,0.13,4.40625,,0.019555835842388982,1,bohr,hartree_per_elementary_charge
3.65625,0.13,4.5,,0.019099027537213934,1,bohr,hartree_per_elementary_charge
3.75,0.13,-4.5,,0.0068480156680959057,1,bohr,hartree_per_elementary_charge
3.75,0.13,-4.40625,,0.00732026226877645,1,bohr,hartree_per_elementary_charge
3.75,0.13,-4.3125,,0.0078717706160195029,1,bohr,hartree_per_elementary_charge
3.75,0.13,-4.21875,,0.0084398981582093982,1,bohr,hartree_per_elementary_charge
3.75,0.13,-4.125,,0.0090080257003992935,1,bohr,hartree_per_elementary_charge
3.75,0.13,-4.03125,,0.0096732787331967295,1,bohr,hartree_per_elementary_charge
3.75,0.13,-3.9375,,0.010357031619652075,1,bohr,hartree_per_elementary_charge
3.75,0.13,-3.84375,,0.01104078450610742,1,bohr,hartree_per_elementary_charge
3.75,0.13,-3.75,,0.011843170523593733,1,bohr,hartree_per_elementary_charge
3.75,0.13,-3.65625,,0.012665946328737998,1,bohr,hartree_per_elementary_charge
3.75,0.13,-3.5625,,0.013488722133882259,1,bohr,hartree_per_elementary_charge
3.75,0.13,-3.46875,,0.01445532812077446,1,bohr,hartree_per_elementary_charge
3.75,0.13,-3.375,,0.015444061499222046,1,bohr,hartree_per_elementary_charge
3.75,0.13,-3.28125,,0.016432794877669635,1,bohr,hartree_per_elementary_charge
3.75,0.13,-3.1875,,0.017593358355038058,1,bohr,hartree_per_elementary_charge
3.75,0.13,-3.09375,,0.01877735283145816,1,bohr,hartree_per_elementary_charge
3.75,0.13,-3,,0.019961347307878269,1,bohr,hartree_per_elementary_charge
3.75,0.13,-2.90625,,0.02134517945434522,1,bohr,hartree_per_elementary_charge
3.75,0.13,-2.8125,,0.022752872391659289,1,bohr,hartree_per_elementary_charge
3.75,0.13,-2.71875,,0.024160565328973347,1,bohr,hartree_per_elementary_charge
3.75,0.13,-2.625,,0.025789852832611964,1,bohr,hartree_per_elementary_charge
3.75,0.13,-2.53125,,0.027441951089152136,1,bohr,hartree_per_elementary_charge
3.75,0.13,-2.4375,,0.029094049345692308,1,bohr,hartree_per_elementary_charge
3.75,0.13,-2.34375,,0.030971397829631112,1,bohr,hartree_per_elementary_charge
3.75,0.13,-2.25,,0.032868332846564229,1,bohr,hartree_per_elementary_charge
3.75,0.13,-2.1562500000000004,,0.034765267863497332,1,bohr,hartree_per_elementary_charge
3.75,0.13,-2.0625,,0.036853635757955965,1,bohr,hartree_per_elementary_charge
3.75,0.13,-1.96875,,0.038955677066115017,1,bohr,hartree_per_elementary_charge
3.75,0.13,-1.8750000000000004,,0.041057718374274063,1,bohr,hartree_per_elementary_charge
3.75,0.13,-1.78125,,0.043254144196323313,1,bohr,hartree_per_elementary_charge
3.75,0.13,-1.6875,,0.045455887283018359,1,bohr,hartree_per_elementary_charge
3.75,0.13,-1.5937500000000004,,0.047657630369713405,1,bohr,hartree_per_elementary_charge
3.75,0.13,-1.5,,0.049771427625006526,1,bohr,hartree_per_elementary_charge
3.75,0.13,-1.40625,,0.051881560625975549,1,bohr,hartree_per_elementary_charge
3.75,0.13,-1.3125000000000004,,0.053991693626944601,1,bohr,hartree_per_elementary_charge
3.75,0.13,-1.21875,,0.055751791532948389,1,bohr,hartree_per_elementary_charge
3.75,0.13,-1.125,,0.057502300033014896,1,bohr,hartree_per_elementary_charge
3.75,0.13,-1.0312500000000004,,0.059252808533081423,1,bohr,hartree_per_elementary_charge
3.75,0.13,-0.9375,,0.060371840517253493,1,bohr,hartree_per_elementary_charge
3.75,0.13,-0.84375,,0.061482340074256334,1,bohr,hartree_per_elementary_charge
3.75,0.13,-0.75000000000000044,,0.062592838325251768,1,bohr,hartree_per_elementary_charge
3.75,0.13,-0.65625,,0.062881669070777912,1,bohr,hartree_per_elementary_charge
3.75,0.13,-0.5625,,0.063170499816304099,1,bohr,hartree_per_elementary_charge
3.75,0.13,-0.46875,,0.063448491476079005,1,bohr,hartree_per_elementary_charge
3.75,0.13,-0.375,,0.062924486912600219,1,bohr,hartree_per_elementary_charge
3.75,0.13,-0.28125,,0.062400482349121433,1,bohr,hartree_per_elementary_charge
3.75,0.13,-0.1875,,0.06186002781353233,1,bohr,hartree_per_elementary_charge
3.75,0.13,-0.09375,,0.060719185474050495,1,bohr,hartree_per_elementary_charge
3.75,0.13,0,,0.05957834313456864,1,bohr,hartree_per_elementary_charge
3.75,0.13,0.09375,,0.058424226870775649,1,bohr,hartree_per_elementary_charge
3.75,0.13,0.18749999999999911,,0.056951549292999171,1,bohr,hartree_per_elementary_charge
3.75,0.13,0.28125,,0.055478871715222679,1,bohr,hartree_per_elementary_charge
3.75,0.13,0.375,,0.054002308681554534,1,bohr,hartree_per_elementary_charge
3.75,0.13,0.46874999999999911,,0.052456780907439188,1,bohr,hartree_per_elementary_charge
3.75,0.13,0.5625,,0.050911253133323814,1,bohr,hartree_per_elementary_charge
3.75,0.13,0.65625,,0.049372200315654084,1,bohr,hartree_per_elementary_charge
3.75,0.13,0.74999999999999911,,0.047923794665274216,1,bohr,hartree_per_elementary_charge
3.75,0.13,0.84375,,0.046475389014894328,1,bohr,hartree_per_elementary_charge
3.75,0.13,0.9375,,0.045040966414534381,1,bohr,hartree_per_elementary_charge
3.75,0.13,1.0312499999999991,,0.043767345583429158,1,bohr,hartree_per_elementary_charge
3.75,0.13,1.125,,0.042493724752323922,1,bohr,hartree_per_elementary_charge
3.75,0.13,1.21875,,0.041237577748788952,1,bohr,hartree_per_elementary_charge
3.75,0.13,1.3124999999999991,,0.040151173489058292,1,bohr,hartree_per_elementary_charge
3.75,0.13,1.40625,,0.039064769229327591,1,bohr,hartree_per_elementary_charge
3.75,0.13,1.5,,0.037995944052150683,1,bohr,hartree_per_elementary_charge
3.75,0.13,1.5937499999999991,,0.037074341392793551,1,bohr,hartree_per_elementary_charge
3.75,0.13,1.6875,,0.036152738733436378,1,bohr,hartree_per_elementary_charge
3.75,0.13,1.78125,,0.035246697852160114,1,bohr,hartree_per_elementary_charge
3.75,0.13,1.8749999999999991,,0.034454775082810793,1,bohr,hartree_per_elementary_charge
3.75,0.13,1.96875,,0.033662852313461451,1,bohr,hartree_per_elementary_charge
3.75,0.13,2.0625,,0.032883558843725361,1,bohr,hartree_per_elementary_charge
3.75,0.13,2.1562499999999991,,0.03218635478267106,1,bohr,hartree_per_elementary_charge
3.75,0.13,2.25,,0.031489150721616774,1,bohr,hartree_per_elementary_charge
3.75,0.13,2.34375,,0.030801625353923175,1,bohr,hartree_per_elementary_charge
3.75,0.13,2.4374999999999991,,0.030170411731745877,1,bohr,hartree_per_elementary_charge
3.75,0.13,2.53125,,0.029539198109568576,1,bohr,hartree_per_elementary_charge
3.75,0.13,2.625,,0.028915239454444325,1,bohr,hartree_per_elementary_charge
3.75,0.13,2.7187499999999991,,0.028329368969147541,1,bohr,hartree_per_elementary_charge
3.75,0.13,2.8125,,0.027743498483850774,1,bohr,hartree_per_elementary_charge
3.75,0.13,2.90625,,0.027163222367596145,1,bohr,hartree_per_elementary_charge
3.75,0.13,2.9999999999999991,,0.026609626823132056,1,bohr,hartree_per_elementary_charge
3.75,0.13,3.09375,,0.026056031278667981,1,bohr,hartree_per_elementary_charge
3.75,0.13,3.1875,,0.02550713941733047,1,bohr,hartree_per_elementary_charge
3.75,0.13,3.2812499999999991,,0.024978741984800292,1,bohr,hartree_per_elementary_charge
3.75,0.13,3.375,,0.024450344552270121,1,bohr,hartree_per_elementary_charge
3.75,0.13,3.46875,,0.023926398005172822,1,bohr,hartree_per_elementary_charge
3.75,0.13,3.5625,,0.023420254844169264,1,bohr,hartree_per_elementary_charge
3.75,0.13,3.65625,,0.022914111683165712,1,bohr,hartree_per_elementary_charge
3.75,0.13,3.75,,0.022412615110695575,1,bohr,hartree_per_elementary_charge
3.75,0.13,3.84375,,0.021928252691934939,1,bohr,hartree_per_elementary_charge
3.75,0.13,3.9375,,0.021443890273174303,1,bohr,hartree_per_elementary_charge
3.75,0.13,4.03125,,0.02096463030566062,1,bohr,hartree_per_elementary_charge
3.75,0.13,4.125,,0.020502778564840726,1,bohr,hartree_per_elementary_charge
3.75,0.13,4.21875,,0.020040926824020828,1,bohr,hartree_per_elementary_charge
3.75,0.13,4.3125,,0.019584738316543886,1,bohr,hartree_per_elementary_charge
3.75,0.13,4.40625,,0.01914648324754856,1,bohr,hartree_per_elementary_charge
3.75,0.13,4.5,,0.018708228178553235,1,bohr,hartree_per_elementary_charge
3.84375,0.13,-4.5,,0.0069381670806155891,1,bohr,hartree_per_elementary_charge
3.84375,0.13,-4.40625,,0.0074016786501944643,1,bohr,hartree_per_elementary_charge
3.84375,0.13,-4.3125,,0.0079401925718042519,1,bohr,hartree_per_elementary_charge
3.84375,0.13,-4.21875,,0.0084944326004446277,1,bohr,hartree_per_elementary_charge
3.84375,0.13,-4.125,,0.0090486726290850052,1,bohr,hartree_per_elementary_charge
3.84375,0.13,-4.03125,,0.0096938692767186072,1,bohr,hartree_per_elementary_charge
3.84375,0.13,-3.9375,,0.010356390770075689,1,bohr,hartree_per_elementary_charge
3.84375,0.13,-3.84375,,0.011018912263432769,1,bohr,hartree_per_elementary_charge
3.84375,0.13,-3.75,,0.011791184935646749,1,bohr,hartree_per_elementary_charge
3.84375,0.13,-3.65625,,0.012582320831082232,1,bohr,hartree_per_elementary_charge
3.84375,0.13,-3.5625,,0.013373456726517708,1,bohr,hartree_per_elementary_charge
3.84375,0.13,-3.46875,,0.014295753591093224,1,bohr,hartree_per_elementary_charge
3.84375,0.13,-3.375,,0.015238228766546721,1,bohr,hartree_per_elementary_charge
3.84375,0.13,-3.28125,,0.016180703942000215,1,bohr,hartree_per_elementary_charge
3.84375,0.13,-3.1875,,0.017277214503802315,1,bohr,hartree_per_elementary_charge
3.84375,0.13,-3.09375,,0.018394729552095004,1,bohr,hartree_per_elementary_charge
3.84375,0.13,-3,,0.019512244600387696,1,bohr,hartree_per_elementary_charge
3.84375,0.13,-2.90625,,0.020805222558243776,1,bohr,hartree_per_elementary_charge
3.84375,0.13,-2.8125,,0.022119150939438646,1,bohr,hartree_per_elementary_charge
3.84375,0.13,-2.71875,,0.023433079320633512,1,bohr,hartree_per_elementary_charge
3.84375,0.13,-2.625,,0.024936549869020719,1,bohr,hartree_per_elementary_charge
3.84375,0.13,-2.53125,,0.026459531724079204,1,bohr,hartree_per_elementary_charge
3.84375,0.13,-2.4375,,0.0279825135791377,1,bohr,hartree_per_elementary_charge
3.84375,0.13,-2.34375,,0.029691386779655972,1,bohr,hartree_per_elementary_charge
3.84375,0.13,-2.25,,0.031416424079155437,1,bohr,hartree_per_elementary_charge
3.84375,0.13,-2.1562500000000004,,0.033141461378654882,1,bohr,hartree_per_elementary_charge
3.84375,0.13,-2.0625,,0.035015181484861969,1,bohr,hartree_per_elementary_charge
3.84375,0.13,-1.96875,,0.036899521509405613,1,bohr,hartree_per_elementary_charge
3.84375,0.13,-1.8750000000000004,,0.038783861533949256,1,bohr,hartree_per_elementary_charge
3.84375,0.13,-1.78125,,0.04072668218730241,1,bohr,hartree_per_elementary_charge
3.84375,0.13,-1.6875,,0.0426727974169289,1,bohr,hartree_per_elementary_charge
3.84375,0.13,-1.5937500000000004,,0.044618912646555403,1,bohr,hartree_per_elementary_charge
3.84375,0.13,-1.5,,0.046465950719195862,1,bohr,hartree_per_elementary_charge
3.84375,0.13,-1.40625,,0.048308860751938153,1,bohr,hartree_per_elementary_charge
3.84375,0.13,-1.3125000000000004,,0.050151770784680472,1,bohr,hartree_per_elementary_charge
3.84375,0.13,-1.21875,,0.051679293530588699,1,bohr,hartree_per_elementary_charge
3.84375,0.13,-1.125,,0.053198176066516806,1,bohr,hartree_per_elementary_charge
3.84375,0.13,-1.0312500000000004,,0.054717058602444926,1,bohr,hartree_per_elementary_charge
3.84375,0.13,-0.9375,,0.055695304759088828,1,bohr,hartree_per_elementary_charge
3.84375,0.13,-0.84375,,0.05666624590847566,1,bohr,hartree_per_elementary_charge
3.84375,0.13,-0.75000000000000044,,0.05763718596085439,1,bohr,hartree_per_elementary_charge
3.84375,0.13,-0.65625,,0.057917949291429613,1,bohr,hartree_per_elementary_charge
3.84375,0.13,-0.5625,,0.05819871262200485,1,bohr,hartree_per_elementary_charge
3.84375,0.13,-0.46875,,0.058470368178386502,1,bohr,hartree_per_elementary_charge
3.84375,0.13,-0.375,,0.058068129213299326,1,bohr,hartree_per_elementary_charge
3.84375,0.13,-0.28125,,0.05766589024821217,1,bohr,hartree_per_elementary_charge
3.84375,0.13,-0.1875,,0.057249533699389718,1,bohr,hartree_per_elementary_charge
3.84375,0.13,-0.09375,,0.056317916392782968,1,bohr,hartree_per_elementary_charge
3.84375,0.13,0,,0.055386299086176198,1,bohr,hartree_per_elementary_charge
3.84375,0.13,0.09375,,0.054442582433142636,1,bohr,hartree_per_elementary_charge
3.84375,0.13,0.18749999999999911,,0.053208493196560548,1,bohr,hartree_per_elementary_charge
3.84375,0.13,0.28125,,0.051974403959978432,1,bohr,hartree_per_elementary_charge
3.84375,0.13,0.375,,0.050735508955144108,1,bohr,hartree_per_elementary_charge
3.84375,0.13,0.46874999999999911,,0.049411314163255934,1,bohr,hartree_per_elementary_charge
3.84375,0.13,0.5625,,0.048087119371367754,1,bohr,hartree_per_elementary_charge
3.84375,0.13,0.65625,,0.046766671325428569,1,bohr,hartree_per_elementary_charge
3.84375,0.13,0.74999999999999911,,0.045498676436461861,1,bohr,hartree_per_elementary_charge
3.84375,0.13,0.84375,,0.044230681547495113,1,bohr,hartree_per_elementary_charge
3.84375,0.13,0.9375,,0.042973059068747654,1,bohr,hartree_per_elementary_charge
3.84375,0.13,1.0312499999999991,,0.041834716855201154,1,bohr,hartree_per_elementary_charge
3.84375,0.13,1.125,,0.04069637464165464,1,bohr,hartree_per_elementary_charge
3.84375,0.13,1.21875,,0.039571897971779221,1,bohr,hartree_per_elementary_charge
3.84375,0.13,1.3124999999999991,,0.038582112766472935,1,bohr,hartree_per_elementary_charge
3.84375,0.13,1.40625,,0.037592327561166629,1,bohr,hartree_per_elementary_charge
3.84375,0.13,1.5,,0.036617058265393458,1,bohr,hartree_per_elementary_charge
3.84375,0.13,1.5937499999999991,,0.035763357813919976,1,bohr,hartree_per_elementary_charge
3.84375,0.13,1.6875,,0.034909657362446458,1,bohr,hartree_per_elementary_charge
3.84375,0.13,1.78125,,0.034069206906751359,1,bohr,hartree_per_elementary_charge
3.84375,0.13,1.8749999999999991,,0.033325921729561746,1,bohr,hartree_per_elementary_charge
3.84375,0.13,1.96875,,0.032582636552372105,1,bohr,hartree_per_elementary_charge
3.84375,0.13,2.0625,,0.031850401598855806,1,bohr,hartree_per_elementary_charge
3.84375,0.13,2.1562499999999991,,0.031189992190296466,1,bohr,hartree_per_elementary_charge
3.84375,0.13,2.25,,0.030529582781737123,1,bohr,hartree_per_elementary_charge
3.84375,0.13,2.34375,,0.029877868487502544,1,bohr,hartree_per_elementary_charge
3.84375,0.13,2.4374999999999991,,0.029276743363401081,1,bohr,hartree_per_elementary_charge
3.84375,0.13,2.53125,,0.028675618239299636,1,bohr,hartree_per_elementary_charge
3.84375,0.13,2.625,,0.028081179923408025,1,bohr,hartree_per_elementary_charge
3.84375,0.13,2.7187499999999991,,0.0275218469753063,1,bohr,hartree_per_elementary_charge
3.84375,0.13,2.8125,,0.026962514027204568,1,bohr,hartree_per_elementary_charge
3.84375,0.13,2.90625,,0.02640844875797705,1,bohr,hartree_per_elementary_charge
3.84375,0.13,2.9999999999999991,,0.025879506015224662,1,bohr,hartree_per_elementary_charge
3.84375,0.13,3.09375,,0.025350563272472284,1,bohr,hartree_per_elementary_charge
3.84375,0.13,3.1875,,0.024826099217317592,1,bohr,hartree_per_elementary_charge
3.84375,0.13,3.2812499999999991,,0.024321149262422459,1,bohr,hartree_per_elementary_charge
3.84375,0.13,3.375,,0.02381619930752733,1,bohr,hartree_per_elementary_charge
3.84375,0.13,3.46875,,0.023315482141377318,1,bohr,hartree_per_elementary_charge
3.84375,0.13,3.5625,,0.022831695982196379,1,bohr,hartree_per_elementary_charge
3.84375,0.13,3.65625,,0.022347909823015454,1,bohr,hartree_per_elementary_charge
3.84375,0.13,3.75,,0.02186850711890163,1,bohr,hartree_per_elementary_charge
3.84375,0.13,3.84375,,0.021405268271853808,1,bohr,hartree_per_elementary_charge
3.84375,0.13,3.9375,,0.020942029424805973,1,bohr,hartree_per_elementary_charge
3.84375,0.13,4.03125,,0.020483566278797698,1,bohr,hartree_per_elementary_charge
3.84375,0.13,4.125,,0.020041396573391729,1,bohr,hartree_per_elementary_charge
3.84375,0.13,4.21875,,0.019599226867985754,1,bohr,hartree_per_elementary_charge
3.84375,0.13,4.3125,,0.019162333143939218,1,bohr,hartree_per_elementary_charge
3.84375,0.13,4.40625,,0.018742146569573768,1,bohr,hartree_per_elementary_charge
3.84375,0.13,4.5,,0.018321959995208307,1,bohr,hartree_per_elementary_charge
3.9375,0.13,-4.5,,0.0070283184931352691,1,bohr,hartree_per_elementary_charge
3.9375,0.13,-4.40625,,0.0074830950316124778,1,bohr,hartree_per_elementary_charge
3.9375,0.13,-4.3125,,0.0080086145275889992,1,bohr,hartree_per_elementary_charge
3.9375,0.13,-4.21875,,0.0085489670426798572,1,bohr,hartree_per_elementary_charge
3.9375,0.13,-4.125,,0.0090893195577707135,1,bohr,hartree_per_elementary_charge
3.9375,0.13,-4.03125,,0.0097144598202404814,1,bohr,hartree_per_elementary_charge
3.9375,0.13,-3.9375,,0.010355749920499299,1,bohr,hartree_per_elementary_charge
3.9375,0.13,-3.84375,,0.010997040020758117,1,bohr,hartree_per_elementary_charge
3.9375,0.13,-3.75,,0.011739199347699769,1,bohr,hartree_per_elementary_charge
3.9375,0.13,-3.65625,,0.012498695333426464,1,bohr,hartree_per_elementary_charge
3.9375,0.13,-3.5625,,0.013258191319153154,1,bohr,hartree_per_elementary_charge
3.9375,0.13,-3.46875,,0.014136179061411996,1,bohr,hartree_per_elementary_charge
3.9375,0.13,-3.375,,0.0150323960338714,1,bohr,hartree_per_elementary_charge
3.9375,0.13,-3.28125,,0.015928613006330805,1,bohr,hartree_per_elementary_charge
3.9375,0.13,-3.1875,,0.016961070652566582,1,bohr,hartree_per_elementary_charge
3.9375,0.13,-3.09375,,0.018012106272731854,1,bohr,hartree_per_elementary_charge
3.9375,0.13,-3,,0.019063141892897123,1,bohr,hartree_per_elementary_charge
3.9375,0.13,-2.90625,,0.020265265662142342,1,bohr,hartree_per_elementary_charge
3.9375,0.13,-2.8125,,0.021485429487218023,1,bohr,hartree_per_elementary_charge
3.9375,0.13,-2.71875,,0.022705593312293694,1,bohr,hartree_per_elementary_charge
3.9375,0.13,-2.625,,0.024083246905429484,1,bohr,hartree_per_elementary_charge
3.9375,0.13,-2.53125,,0.025477112359006297,1,bohr,hartree_per_elementary_charge
3.9375,0.13,-2.4375,,0.026870977812583116,1,bohr,hartree_per_elementary_charge
3.9375,0.13,-2.34375,,0.028411375729680867,1,bohr,hartree_per_elementary_charge
3.9375,0.13,-2.25,,0.029964515311746667,1,bohr,hartree_per_elementary_charge
3.9375,0.13,-2.1562500000000004,,0.031517654893812461,1,bohr,hartree_per_elementary_charge
3.9375,0.13,-2.0625,,0.033176727211768016,1,bohr,hartree_per_elementary_charge
3.9375,0.13,-1.96875,,0.034843365952696256,1,bohr,hartree_per_elementary_charge
3.9375,0.13,-1.8750000000000004,,0.03651000469362449,1,bohr,hartree_per_elementary_charge
3.9375,0.13,-1.78125,,0.038199220178281562,1,bohr,hartree_per_elementary_charge
3.9375,0.13,-1.6875,,0.039889707550839502,1,bohr,hartree_per_elementary_charge
3.9375,0.13,-1.5937500000000004,,0.04158019492339745,1,bohr,hartree_per_elementary_charge
3.9375,0.13,-1.5,,0.043160473813385267,1,bohr,hartree_per_elementary_charge
3.9375,0.13,-1.40625,,0.044736160877900832,1,bohr,hartree_per_elementary_charge
3.9375,0.13,-1.3125000000000004,,0.04631184794241644,1,bohr,hartree_per_elementary_charge
3.9375,0.13,-1.21875,,0.047606795528229093,1,bohr,hartree_per_elementary_charge
3.9375,0.13,-1.125,,0.048894052100018806,1,bohr,hartree_per_elementary_charge
3.9375,0.13,-1.0312500000000004,,0.050181308671808533,1,bohr,hartree_per_elementary_charge
3.9375,0.13,-0.9375,,0.051018769000924266,1,bohr,hartree_per_elementary_charge
3.9375,0.13,-0.84375,,0.051850151742695097,1,bohr,hartree_per_elementary_charge
3.9375,0.13,-0.75000000000000044,,0.052681533596457122,1,bohr,hartree_per_elementary_charge
3.9375,0.13,-0.65625,,0.05295422951208141,1,bohr,hartree_per_elementary_charge
3.9375,0.13,-0.5625,,0.053226925427705712,1,bohr,hartree_per_elementary_charge
3.9375,0.13,-0.46875,,0.053492244880694095,1,bohr,hartree_per_elementary_charge
3.9375,0.13,-0.375,,0.053211771513998543,1,bohr,hartree_per_elementary_charge
3.9375,0.13,-0.28125,,0.052931298147302998,1,bohr,hartree_per_elementary_charge
3.9375,0.13,-0.1875,,0.05263903958524721,1,bohr,hartree_per_elementary_charge
3.9375,0.13,-0.09375,,0.051916647311515525,1,bohr,hartree_per_elementary_charge
3.9375,0.13,0,,0.051194255037783826,1,bohr,hartree_per_elementary_charge
3.9375,0.13,0.09375,,0.050460937995509707,1,bohr,hartree_per_elementary_charge
3.9375,0.13,0.18749999999999911,,0.049465437100122002,1,bohr,hartree_per_elementary_charge
3.9375,0.13,0.28125,,0.048469936204734276,1,bohr,hartree_per_elementary_charge
3.9375,0.13,0.375,,0.047468709228733738,1,bohr,hartree_per_elementary_charge
3.9375,0.13,0.46874999999999911,,0.04636584741907275,1,bohr,hartree_per_elementary_charge
3.9375,0.13,0.5625,,0.045262985609411749,1,bohr,hartree_per_elementary_charge
3.9375,0.13,0.65625,,0.044161142335203123,1,bohr,hartree_per_elementary_charge
3.9375,0.13,0.74999999999999911,,0.043073558207649541,1,bohr,hartree_per_elementary_charge
3.9375,0.13,0.84375,,0.041985974080095939,1,bohr,hartree_per_elementary_charge
3.9375,0.13,0.9375,,0.04090515172296097,1,bohr,hartree_per_elementary_charge
3.9375,0.13,1.0312499999999991,,0.039902088126973191,1,bohr,hartree_per_elementary_charge
3.9375,0.13,1.125,,0.038899024530985399,1,bohr,hartree_per_elementary_charge
3.9375,0.13,1.21875,,0.037906218194769511,1,bohr,hartree_per_elementary_charge
3.9375,0.13,1.3124999999999991,,0.037013052043887613,1,bohr,hartree_per_elementary_charge
3.9375,0.13,1.40625,,0.036119885893005695,1,bohr,hartree_per_elementary_charge
3.9375,0.13,1.5,,0.035238172478636254,1,bohr,hartree_per_elementary_charge
3.9375,0.13,1.5937499999999991,,0.034452374235046428,1,bohr,hartree_per_elementary_charge
3.9375,0.13,1.6875,,0.033666575991456574,1,bohr,hartree_per_elementary_charge
3.9375,0.13,1.78125,,0.032891715961342625,1,bohr,hartree_per_elementary_charge
3.9375,0.13,1.8749999999999991,,0.032197068376312712,1,bohr,hartree_per_elementary_charge
3.9375,0.13,1.96875,,0.031502420791282779,1,bohr,hartree_per_elementary_charge
3.9375,0.13,2.0625,,0.030817244353986285,1,bohr,hartree_per_elementary_charge
3.9375,0.13,2.1562499999999991,,0.030193629597921885,1,bohr,hartree_per_elementary_charge
3.9375,0.13,2.25,,0.029570014841857492,1,bohr,hartree_per_elementary_charge
3.9375,0.13,2.34375,,0.028954111621081923,1,bohr,hartree_per_elementary_charge
3.9375,0.13,2.4374999999999991,,0.028383074995056309,1,bohr,hartree_per_elementary_charge
3.9375,0.13,2.53125,,0.027812038369030713,1,bohr,hartree_per_elementary_charge
3.9375,0.13,2.625,,0.027247120392371756,1,bohr,hartree_per_elementary_charge
3.9375,0.13,2.7187499999999991,,0.026714324981465067,1,bohr,hartree_per_elementary_charge
3.9375,0.13,2.8125,,0.02618152957055838,1,bohr,hartree_per_elementary_charge
3.9375,0.13,2.90625,,0.025653675148357973,1,bohr,hartree_per_elementary_charge
3.9375,0.13,2.9999999999999991,,0.025149385207317281,1,bohr,hartree_per_elementary_charge
3.9375,0.13,3.09375,,0.024645095266276604,1,bohr,hartree_per_elementary_charge
3.9375,0.13,3.1875,,0.024145059017304724,1,bohr,hartree_per_elementary_charge
3.9375,0.13,3.2812499999999991,,0.023663556540044629,1,bohr,hartree_per_elementary_charge
3.9375,0.13,3.375,,0.023182054062784549,1,bohr,hartree_per_elementary_charge
3.9375,0.13,3.46875,,0.022704566277581825,1,bohr,hartree_per_elementary_charge
3.9375,0.13,3.5625,,0.022243137120223508,1,bohr,hartree_per_elementary_charge
3.9375,0.13,3.65625,,0.021781707962865202,1,bohr,hartree_per_elementary_charge
3.9375,0.13,3.75,,0.021324399127107697,1,bohr,hartree_per_elementary_charge
3.9375,0.13,3.84375,,0.020882283851772682,1,bohr,hartree_per_elementary_charge
3.9375,0.13,3.9375,,0.020440168576437653,1,bohr,hartree_per_elementary_charge
3.9375,0.13,4.03125,,0.020002502251934787,1,bohr,hartree_per_elementary_charge
3.9375,0.13,4.125,,0.019580014581942744,1,bohr,hartree_per_elementary_charge
3.9375,0.13,4.21875,,0.019157526911950686,1,bohr,hartree_per_elementary_charge
3.9375,0.13,4.3125,,0.018739927971334551,1,bohr,hartree_per_elementary_charge
3.9375,0.13,4.40625,,0.018337809891598975,1,bohr,hartree_per_elementary_charge
3.9375,0.13,4.5,,0.017935691811863389,1,bohr,hartree_per_elementary_charge
4.03125,0.13,-4.5,,0.007079528576655076,1,bohr,hartree_per_elementary_charge
4.03125,0.13,-4.40625,,0.0075243268828990677,1,bohr,hartree_per_elementary_charge
4.03125,0.13,-4.3125,,0.0080359026487399638,1,bohr,hartree_per_elementary_charge
4.03125,0.13,-4.21875,,0.0085614799685110494,1,bohr,hartree_per_elementary_charge
4.03125,0.13,-4.125,,0.0090870572882821351,1,bohr,hartree_per_elementary_charge
4.03125,0.13,-4.03125,,0.0096919134495385383,1,bohr,hartree_per_elementary_charge
4.03125,0.13,-3.9375,,0.010311870146776519,1,bohr,hartree_per_elementary_charge
4.03125,0.13,-3.84375,,0.010931826844014492,1,bohr,hartree_per_elementary_charge
4.03125,0.13,-3.75,,0.011645062630892352,1,bohr,hartree_per_elementary_charge
4.03125,0.13,-3.65625,,0.01237433053977656,1,bohr,hartree_per_elementary_charge
4.03125,0.13,-3.5625,,0.013103598448660766,1,bohr,hartree_per_elementary_charge
4.03125,0.13,-3.46875,,0.013941034277084987,1,bohr,hartree_per_elementary_charge
4.03125,0.13,-3.375,,0.014795111076689986,1,bohr,hartree_per_elementary_charge
4.03125,0.13,-3.28125,,0.015649187876294983,1,bohr,hartree_per_elementary_charge
4.03125,0.13,-3.1875,,0.016625747857480826,1,bohr,hartree_per_elementary_charge
4.03125,0.13,-3.09375,,0.01761900982120343,1,bohr,hartree_per_elementary_charge
4.03125,0.13,-3,,0.018612271784926037,1,bohr,hartree_per_elementary_charge
4.03125,0.13,-2.90625,,0.019738870129795742,1,bohr,hartree_per_elementary_charge
4.03125,0.13,-2.8125,,0.02088138895403311,1,bohr,hartree_per_elementary_charge
4.03125,0.13,-2.71875,,0.022023907778270468,1,bohr,hartree_per_elementary_charge
4.03125,0.13,-2.625,,0.02330214680855543,1,bohr,hartree_per_elementary_charge
4.03125,0.13,-2.53125,,0.024594356759406039,1,bohr,hartree_per_elementary_charge
4.03125,0.13,-2.4375,,0.025886566710256652,1,bohr,hartree_per_elementary_charge
4.03125,0.13,-2.34375,,0.027300745573266953,1,bohr,hartree_per_elementary_charge
4.03125,0.13,-2.25,,0.028725530188599396,1,bohr,hartree_per_elementary_charge
4.03125,0.13,-2.1562500000000004,,0.030150314803931842,1,bohr,hartree_per_elementary_charge
4.03125,0.13,-2.0625,,0.031657169516674022,1,bohr,hartree_per_elementary_charge
4.03125,0.13,-1.96875,,0.03316988622349383,1,bohr,hartree_per_elementary_charge
4.03125,0.13,-1.8750000000000004,,0.034682602930313618,1,bohr,hartree_per_elementary_charge
4.03125,0.13,-1.78125,,0.036201453383027188,1,bohr,hartree_per_elementary_charge
4.03125,0.13,-1.6875,,0.03772064938766282,1,bohr,hartree_per_elementary_charge
4.03125,0.13,-1.5937500000000004,,0.039239845392298453,1,bohr,hartree_per_elementary_charge
4.03125,0.13,-1.5,,0.040649492160669959,1,bohr,hartree_per_elementary_charge
4.03125,0.13,-1.40625,,0.042054574571001042,1,bohr,hartree_per_elementary_charge
4.03125,0.13,-1.3125000000000004,,0.04345965698133214,1,bohr,hartree_per_elementary_charge
4.03125,0.13,-1.21875,,0.044611251743777794,1,bohr,hartree_per_elementary_charge
4.03125,0.13,-1.125,,0.045755902071249278,1,bohr,hartree_per_elementary_charge
4.03125,0.13,-1.0312500000000004,,0.046900552398720791,1,bohr,hartree_per_elementary_charge
4.03125,0.13,-0.9375,,0.047652172029066582,1,bohr,hartree_per_elementary_charge
4.03125,0.13,-0.84375,,0.048398481080611615,1,bohr,hartree_per_elementary_charge
4.03125,0.13,-0.75000000000000044,,0.049144789366313453,1,bohr,hartree_per_elementary_charge
4.03125,0.13,-0.65625,,0.049409271545795608,1,bohr,hartree_per_elementary_charge
4.03125,0.13,-0.5625,,0.049673753725277783,1,bohr,hartree_per_elementary_charge
4.03125,0.13,-0.46875,,0.049931868999244358,1,bohr,hartree_per_elementary_charge
4.03125,0.13,-0.375,,0.049718889727555657,1,bohr,hartree_per_elementary_charge
4.03125,0.13,-0.28125,,0.049505910455866962,1,bohr,hartree_per_elementary_charge
4.03125,0.13,-0.1875,,0.049282597647204392,1,bohr,hartree_per_elementary_charge
4.03125,0.13,-0.09375,,0.048682133465361953,1,bohr,hartree_per_elementary_charge
4.03125,0.13,0,,0.048081669283519479,1,bohr,hartree_per_elementary_charge
4.03125,0.13,0.09375,,0.047471239884746996,1,bohr,hartree_per_elementary_charge
4.03125,0.13,0.18749999999999911,,0.046621654941243297,1,bohr,hartree_per_elementary_charge
4.03125,0.13,0.28125,,0.045772069997739577,1,bohr,hartree_per_elementary_charge
4.03125,0.13,0.375,,0.044916609566209943,1,bohr,hartree_per_elementary_charge
4.03125,0.13,0.46874999999999911,,0.043956862400251012,1,bohr,hartree_per_elementary_charge
4.03125,0.13,0.5625,,0.042997115234292095,1,bohr,hartree_per_elementary_charge
4.03125,0.13,0.65625,,0.042037115810641179,1,bohr,hartree_per_elementary_charge
4.03125,0.13,0.74999999999999911,,0.041073584865906509,1,bohr,hartree_per_elementary_charge
4.03125,0.13,0.84375,,0.040110053921171826,1,bohr,hartree_per_elementary_charge
4.03125,0.13,0.9375,,0.039151298677500376,1,bohr,hartree_per_elementary_charge
4.03125,0.13,1.0312499999999991,,0.038247462866950126,1,bohr,hartree_per_elementary_charge
4.03125,0.13,1.125,,0.037343627056399861,1,bohr,hartree_per_elementary_charge
4.03125,0.13,1.21875,,0.036447845982296959,1,bohr,hartree_per_elementary_charge
4.03125,0.13,1.3124999999999991,,0.035630309532029093,1,bohr,hartree_per_elementary_charge
4.03125,0.13,1.40625,,0.034812773081761214,1,bohr,hartree_per_elementary_charge
4.03125,0.13,1.5,,0.034004652120548449,1,bohr,hartree_per_elementary_charge
4.03125,0.13,1.5937499999999991,,0.033275384649041846,1,bohr,hartree_per_elementary_charge
4.03125,0.13,1.6875,,0.032546117177535215,1,bohr,hartree_per_elementary_charge
4.03125,0.13,1.78125,,0.031826122101957538,1,bohr,hartree_per_elementary_charge
4.03125,0.13,1.8749999999999991,,0.031174123646749891,1,bohr,hartree_per_elementary_charge
4.03125,0.13,1.96875,,0.030522125191542234,1,bohr,hartree_per_elementary_charge
4.03125,0.13,2.0625,,0.029878360443412282,1,bohr,hartree_per_elementary_charge
4.03125,0.13,2.1562499999999991,,0.029288114114036014,1,bohr,hartree_per_elementary_charge
4.03125,0.13,2.25,,0.028697867784659745,1,bohr,hartree_per_elementary_charge
4.03125,0.13,2.34375,,0.028114482944222249,1,bohr,hartree_per_elementary_charge
4.03125,0.13,2.4374999999999991,,0.027571019031598414,1,bohr,hartree_per_elementary_charge
4.03125,0.13,2.53125,,0.027027555118974582,1,bohr,hartree_per_elementary_charge
4.03125,0.13,2.625,,0.026489656520835687,1,bohr,hartree_per_elementary_charge
4.03125,0.13,2.7187499999999991,,0.025980975511377229,1,bohr,hartree_per_elementary_charge
4.03125,0.13,2.8125,,0.025472294501918773,1,bohr,hartree_per_elementary_charge
4.03125,0.13,2.90625,,0.024968194242964269,1,bohr,hartree_per_elementary_charge
4.03125,0.13,2.9999999999999991,,0.024485940423126434,1,bohr,hartree_per_elementary_charge
4.03125,0.13,3.09375,,0.024003686603288596,1,bohr,hartree_per_elementary_charge
4.03125,0.13,3.1875,,0.023525426704878737,1,bohr,hartree_per_elementary_charge
4.03125,0.13,3.2812499999999991,,0.023064568730910898,1,bohr,hartree_per_elementary_charge
4.03125,0.13,3.375,,0.022603710756943066,1,bohr,hartree_per_elementary_charge
4.03125,0.13,3.46875,,0.02214663858353396,1,bohr,hartree_per_elementary_charge
4.03125,0.13,3.5625,,0.021704709479978549,1,bohr,hartree_per_elementary_charge
4.03125,0.13,3.65625,,0.021262780376423155,1,bohr,hartree_per_elementary_charge
4.03125,0.13,3.75,,0.020824729716369283,1,bohr,hartree_per_elementary_charge
4.03125,0.13,3.84375,,0.020400980698612996,1,bohr,hartree_per_elementary_charge
4.03125,0.13,3.9375,,0.019977231680856692,1,bohr,hartree_per_elementary_charge
4.03125,0.13,4.03125,,0.019557655301765932,1,bohr,hartree_per_elementary_charge
4.03125,0.13,4.125,,0.019152314872473684,1,bohr,hartree_per_elementary_charge
4.03125,0.13,4.21875,,0.018746974443181432,1,bohr,hartree_per_elementary_charge
4.03125,0.13,4.3125,,0.01834620698982569,1,bohr,hartree_per_elementary_charge
4.03125,0.13,4.40625,,0.017959920518917451,1,bohr,hartree_per_elementary_charge
4.03125,0.13,4.5,,0.017573634048009205,1,bohr,hartree_per_elementary_charge
4.125,0.13,-4.5,,0.0071247477260371261,1,bohr,hartree_per_elementary_charge
4.125,0.13,-4.40625,,0.0075593765395981331,1,bohr,hartree_per_elementary_charge
4.125,0.13,-4.3125,,0.008056862529421142,1,bohr,hartree_per_elementary_charge
4.125,0.13,-4.21875,,0.0085675280883479241,1,bohr,hartree_per_elementary_charge
4.125,0.13,-4.125,,0.0090781936472747043,1,bohr,hartree_per_elementary_charge
4.125,0.13,-4.03125,,0.009662730674310659,1,bohr,hartree_per_elementary_charge
4.125,0.13,-3.9375,,0.010261338274797169,1,bohr,hartree_per_elementary_charge
4.125,0.13,-3.84375,,0.010859945875283678,1,bohr,hartree_per_elementary_charge
4.125,0.13,-3.75,,0.011544441167844352,1,bohr,hartree_per_elementary_charge
4.125,0.13,-3.65625,,0.012243698203508369,1,bohr,hartree_per_elementary_charge
4.125,0.13,-3.5625,,0.012942955239172381,1,bohr,hartree_per_elementary_charge
4.125,0.13,-3.46875,,0.013740417182019774,1,bohr,hartree_per_elementary_charge
4.125,0.13,-3.375,,0.014552987347685897,1,bohr,hartree_per_elementary_charge
4.125,0.13,-3.28125,,0.015365557513352028,1,bohr,hartree_per_elementary_charge
4.125,0.13,-3.1875,,0.016287474475129852,1,bohr,hartree_per_elementary_charge
4.125,0.13,-3.09375,,0.017224302123056891,1,bohr,hartree_per_elementary_charge
4.125,0.13,-3,,0.018161129770983934,1,bohr,hartree_per_elementary_charge
4.125,0.13,-2.90625,,0.019214560947328801,1,bohr,hartree_per_elementary_charge
4.125,0.13,-2.8125,,0.020281914685936143,1,bohr,hartree_per_elementary_charge
4.125,0.13,-2.71875,,0.021349268424543478,1,bohr,hartree_per_elementary_charge
4.125,0.13,-2.625,,0.022532154771682619,1,bohr,hartree_per_elementary_charge
4.125,0.13,-2.53125,,0.023726933945568386,1,bohr,hartree_per_elementary_charge
4.125,0.13,-2.4375,,0.02492171311945416,1,bohr,hartree_per_elementary_charge
4.125,0.13,-2.34375,,0.026216173843814312,1,bohr,hartree_per_elementary_charge
4.125,0.13,-2.25,,0.027519302332908113,1,bohr,hartree_per_elementary_charge
4.125,0.13,-2.1562500000000004,,0.028822430822001907,1,bohr,hartree_per_elementary_charge
4.125,0.13,-2.0625,,0.030186672509661783,1,bohr,hartree_per_elementary_charge
4.125,0.13,-1.96875,,0.03155527930982141,1,bohr,hartree_per_elementary_charge
4.125,0.13,-1.8750000000000004,,0.032923886109981024,1,bohr,hartree_per_elementary_charge
4.125,0.13,-1.78125,,0.034285177621085197,1,bohr,hartree_per_elementary_charge
4.125,0.13,-1.6875,,0.035646057016618021,1,bohr,hartree_per_elementary_charge
4.125,0.13,-1.5937500000000004,,0.037006936412150852,1,bohr,hartree_per_elementary_charge
4.125,0.13,-1.5,,0.038260739739886258,1,bohr,hartree_per_elementary_charge
4.125,0.13,-1.40625,,0.039510081753899584,1,bohr,hartree_per_elementary_charge
4.125,0.13,-1.3125000000000004,,0.040759423767912917,1,bohr,hartree_per_elementary_charge
4.125,0.13,-1.21875,,0.0417813921297071,1,bohr,hartree_per_elementary_charge
4.125,0.13,-1.125,,0.042797131463949652,1,bohr,hartree_per_elementary_charge
4.125,0.13,-1.0312500000000004,,0.043812870798192224,1,bohr,hartree_per_elementary_charge
4.125,0.13,-0.9375,,0.04448710277068979,1,bohr,hartree_per_elementary_charge
4.125,0.13,-0.84375,,0.045156720340880203,1,bohr,hartree_per_elementary_charge
4.125,0.13,-0.75000000000000044,,0.045826337254034101,1,bohr,hartree_per_elementary_charge
4.125,0.13,-0.65625,,0.04608258318657027,1,bohr,hartree_per_elementary_charge
4.125,0.13,-0.5625,,0.046338829119106445,1,bohr,hartree_per_elementary_charge
4.125,0.13,-0.46875,,0.046589606664836289,1,bohr,hartree_per_elementary_charge
4.125,0.13,-0.375,,0.046435772081221335,1,bohr,hartree_per_elementary_charge
4.125,0.13,-0.28125,,0.046281937497606396,1,bohr,hartree_per_elementary_charge
4.125,0.13,-0.1875,,0.046119085539377234,1,bohr,hartree_per_elementary_charge
4.125,0.13,-0.09375,,0.045627119239482414,1,bohr,hartree_per_elementary_charge
4.125,0.13,0,,0.045135152939587586,1,bohr,hartree_per_elementary_charge
4.125,0.13,0.09375,,0.044634147893628635,1,bohr,hartree_per_elementary_charge
4.125,0.13,0.18749999999999911,,0.043916221705477494,1,bohr,hartree_per_elementary_charge
4.125,0.13,0.28125,,0.043198295517326346,1,bohr,hartree_per_elementary_charge
4.125,0.13,0.375,,0.042474463033714265,1,bohr,hartree_per_elementary_charge
4.125,0.13,0.46874999999999911,,0.04164579700036513,1,bohr,hartree_per_elementary_charge
4.125,0.13,0.5625,,0.040817130967015974,1,bohr,hartree_per_elementary_charge
4.125,0.13,0.65625,,0.039987166099404323,1,bohr,hartree_per_elementary_charge
4.125,0.13,0.74999999999999911,,0.039139017998026791,1,bohr,hartree_per_elementary_charge
4.125,0.13,0.84375,,0.03829086989664926,1,bohr,hartree_per_elementary_charge
4.125,0.13,0.9375,,0.03744576135924408,1,bohr,hartree_per_elementary_charge
4.125,0.13,1.0312499999999991,,0.036635607088885074,1,bohr,hartree_per_elementary_charge
4.125,0.13,1.125,,0.035825452818526053,1,bohr,hartree_per_elementary_charge
4.125,0.13,1.21875,,0.035021367030719584,1,bohr,hartree_per_elementary_charge
4.125,0.13,1.3124999999999991,,0.034276231171030208,1,bohr,hartree_per_elementary_charge
4.125,0.13,1.40625,,0.033531095311340797,1,bohr,hartree_per_elementary_charge
4.125,0.13,1.5,,0.032793495526909106,1,bohr,hartree_per_elementary_charge
4.125,0.13,1.5937499999999991,,0.032119009387374622,1,bohr,hartree_per_elementary_charge
4.125,0.13,1.6875,,0.031444523247840125,1,bohr,hartree_per_elementary_charge
4.125,0.13,1.78125,,0.030777743065224638,1,bohr,hartree_per_elementary_charge
4.125,0.13,1.8749999999999991,,0.030167472444023961,1,bohr,hartree_per_elementary_charge
4.125,0.13,1.96875,,0.02955720182282327,1,bohr,hartree_per_elementary_charge
4.125,0.13,2.0625,,0.028953980026972036,1,bohr,hartree_per_elementary_charge
4.125,0.13,2.1562499999999991,,0.028396575016101482,1,bohr,hartree_per_elementary_charge
4.125,0.13,2.25,,0.027839170005230927,1,bohr,hartree_per_elementary_charge
4.125,0.13,2.34375,,0.027287796980303609,1,bohr,hartree_per_elementary_charge
4.125,0.13,2.4374999999999991,,0.026771518739840926,1,bohr,hartree_per_elementary_charge
4.125,0.13,2.53125,,0.026255240499378253,1,bohr,hartree_per_elementary_charge
4.125,0.13,2.625,,0.025743976519113212,1,bohr,hartree_per_elementary_charge
4.125,0.13,2.7187499999999991,,0.025259037123449388,1,bohr,hartree_per_elementary_charge
4.125,0.13,2.8125,,0.024774097727785563,1,bohr,hartree_per_elementary_charge
4.125,0.13,2.90625,,0.024293373683221386,1,bohr,hartree_per_elementary_charge
4.125,0.13,2.9999999999999991,,0.023832753421012143,1,bohr,hartree_per_elementary_charge
4.125,0.13,3.09375,,0.023372133158802912,1,bohr,hartree_per_elementary_charge
4.125,0.13,3.1875,,0.022915241697398923,1,bohr,hartree_per_elementary_charge
4.125,0.13,3.2812499999999991,,0.022474597002748484,1,bohr,hartree_per_elementary_charge
4.125,0.13,3.375,,0.02203395230809805,1,bohr,hartree_per_elementary_charge
4.125,0.13,3.46875,,0.021596862861778528,1,bohr,hartree_per_elementary_charge
4.125,0.13,3.5625,,0.021173994284463399,1,bohr,hartree_per_elementary_charge
4.125,0.13,3.65625,,0.020751125707148276,1,bohr,hartree_per_elementary_charge
4.125,0.13,3.75,,0.020331896965270282,1,bohr,hartree_per_elementary_charge
4.125,0.13,3.84375,,0.019926090005718978,1,bohr,hartree_per_elementary_charge
4.125,0.13,3.9375,,0.019520283046167656,1,bohr,hartree_per_elementary_charge
4.125,0.13,4.03125,,0.019118380172762611,1,bohr,hartree_per_elementary_charge
4.125,0.13,4.125,,0.018729797018327318,1,bohr,hartree_per_elementary_charge
4.125,0.13,4.21875,,0.018341213863892022,1,bohr,hartree_per_elementary_charge
4.125,0.13,4.3125,,0.017956898931657226,1,bohr,hartree_per_elementary_charge
4.125,0.13,4.40625,,0.017586099935571121,1,bohr,hartree_per_elementary_charge
4.125,0.13,4.5,,0.017215300939485013,1,bohr,hartree_per_elementary_charge
4.21875,0.13,-4.5,,0.0071699668754191754,1,bohr,hartree_per_elementary_charge
4.21875,0.13,-4.40625,,0.0075944261962971995,1,bohr,hartree_per_elementary_charge
4.21875,0.13,-4.3125,,0.0080778224101023203,1,bohr,hartree_per_elementary_charge
4.21875,0.13,-4.21875,,0.0085735762081847952,1,bohr,hartree_per_elementary_charge
4.21875,0.13,-4.125,,0.0090693300062672719,1,bohr,hartree_per_elementary_charge
4.21875,0.13,-4.03125,,0.0096335478990827762,1,bohr,hartree_per_elementary_charge
4.21875,0.13,-3.9375,,0.01021080640281782,1,bohr,hartree_per_elementary_charge
4.21875,0.13,-3.84375,,0.010788064906552864,1,bohr,hartree_per_elementary_charge
4.21875,0.13,-3.75,,0.011443819704796358,1,bohr,hartree_per_elementary_charge
4.21875,0.13,-3.65625,,0.012113065867240178,1,bohr,hartree_per_elementary_charge
4.21875,0.13,-3.5625,,0.012782312029683995,1,bohr,hartree_per_elementary_charge
4.21875,0.13,-3.46875,,0.013539800086954559,1,bohr,hartree_per_elementary_charge
4.21875,0.13,-3.375,,0.014310863618681816,1,bohr,hartree_per_elementary_charge
4.21875,0.13,-3.28125,,0.015081927150409069,1,bohr,hartree_per_elementary_charge
4.21875,0.13,-3.1875,,0.015949201092778885,1,bohr,hartree_per_elementary_charge
4.21875,0.13,-3.09375,,0.016829594424910364,1,bohr,hartree_per_elementary_charge
4.21875,0.13,-3,,0.017709987757041839,1,bohr,hartree_per_elementary_charge
4.21875,0.13,-2.90625,,0.01869025176486188,1,bohr,hartree_per_elementary_charge
4.21875,0.13,-2.8125,,0.019682440417839189,1,bohr,hartree_per_elementary_charge
4.21875,0.13,-2.71875,,0.020674629070816498,1,bohr,hartree_per_elementary_charge
4.21875,0.13,-2.625,,0.021762162734809826,1,bohr,hartree_per_elementary_charge
4.21875,0.13,-2.53125,,0.022859511131730757,1,bohr,hartree_per_elementary_charge
4.21875,0.13,-2.4375,,0.023956859528651689,1,bohr,hartree_per_elementary_charge
4.21875,0.13,-2.34375,,0.0251316021143617,1,bohr,hartree_per_elementary_charge
4.21875,0.13,-2.25,,0.026313074477216848,1,bohr,hartree_per_elementary_charge
4.21875,0.13,-2.1562500000000004,,0.027494546840071993,1,bohr,hartree_per_elementary_charge
4.21875,0.13,-2.0625,,0.028716175502649568,1,bohr,hartree_per_elementary_charge
4.21875,0.13,-1.96875,,0.029940672396149025,1,bohr,hartree_per_elementary_charge
4.21875,0.13,-1.8750000000000004,,0.031165169289648478,1,bohr,hartree_per_elementary_charge
4.21875,0.13,-1.78125,,0.032368901859143241,1,bohr,hartree_per_elementary_charge
4.21875,0.13,-1.6875,,0.033571464645573264,1,bohr,hartree_per_elementary_charge
4.21875,0.13,-1.5937500000000004,,0.034774027432003286,1,bohr,hartree_per_elementary_charge
4.21875,0.13,-1.5,,0.035871987319102593,1,bohr,hartree_per_elementary_charge
4.21875,0.13,-1.40625,,0.036965588936798174,1,bohr,hartree_per_elementary_charge
4.21875,0.13,-1.3125000000000004,,0.038059190554493763,1,bohr,hartree_per_elementary_charge
4.21875,0.13,-1.21875,,0.038951532515636461,1,bohr,hartree_per_elementary_charge
4.21875,0.13,-1.125,,0.039838360856650101,1,bohr,hartree_per_elementary_charge
4.21875,0.13,-1.0312500000000004,,0.040725189197663735,1,bohr,hartree_per_elementary_charge
4.21875,0.13,-0.9375,,0.041322033512313047,1,bohr,hartree_per_elementary_charge
4.21875,0.13,-0.84375,,0.041914959601148868,1,bohr,hartree_per_elementary_charge
4.21875,0.13,-0.75000000000000044,,0.042507885141754839,1,bohr,hartree_per_elementary_charge
4.21875,0.13,-0.65625,,0.042755894827345001,1,bohr,hartree_per_elementary_charge
4.21875,0.13,-0.5625,,0.043003904512935176,1,bohr,hartree_per_elementary_charge
4.21875,0.13,-0.46875,,0.043247344330428268,1,bohr,hartree_per_elementary_charge
4.21875,0.13,-0.375,,0.043152654434887083,1,bohr,hartree_per_elementary_charge
4.21875,0.13,-0.28125,,0.043057964539345892,1,bohr,hartree_per_elementary_charge
4.21875,0.13,-0.1875,,0.04295557343155014,1,bohr,hartree_per_elementary_charge
4.21875,0.13,-0.09375,,0.042572105013602944,1,bohr,hartree_per_elementary_charge
4.21875,0.13,0,,0.042188636595655755,1,bohr,hartree_per_elementary_charge
4.21875,0.13,0.09375,,0.041797055902510323,1,bohr,hartree_per_elementary_charge
4.21875,0.13,0.18749999999999911,,0.041210788469711754,1,bohr,hartree_per_elementary_charge
4.21875,0.13,0.28125,,0.040624521036913171,1,bohr,hartree_per_elementary_charge
4.21875,0.13,0.375,,0.040032316501218641,1,bohr,hartree_per_elementary_charge
4.21875,0.13,0.46874999999999911,,0.039334731600479275,1,bohr,hartree_per_elementary_charge
4.21875,0.13,0.5625,,0.038637146699739909,1,bohr,hartree_per_elementary_charge
4.21875,0.13,0.65625,,0.037937216388167508,1,bohr,hartree_per_elementary_charge
4.21875,0.13,0.74999999999999911,,0.037204451130147129,1,bohr,hartree_per_elementary_charge
4.21875,0.13,0.84375,,0.036471685872126743,1,bohr,hartree_per_elementary_charge
4.21875,0.13,0.9375,,0.035740224040987818,1,bohr,hartree_per_elementary_charge
4.21875,0.13,1.0312499999999991,,0.035023751310820049,1,bohr,hartree_per_elementary_charge
4.21875,0.13,1.125,,0.034307278580652287,1,bohr,hartree_per_elementary_charge
4.21875,0.13,1.21875,,0.033594888079142252,1,bohr,hartree_per_elementary_charge
4.21875,0.13,1.3124999999999991,,0.032922152810031351,1,bohr,hartree_per_elementary_charge
4.21875,0.13,1.40625,,0.032249417540920422,1,bohr,hartree_per_elementary_charge
4.21875,0.13,1.5,,0.031582338933269789,1,bohr,hartree_per_elementary_charge
4.21875,0.13,1.5937499999999991,,0.030962634125707437,1,bohr,hartree_per_elementary_charge
4.21875,0.13,1.6875,,0.030342929318145063,1,bohr,hartree_per_elementary_charge
4.21875,0.13,1.78125,,0.029729364028491755,1,bohr,hartree_per_elementary_charge
4.21875,0.13,1.8749999999999991,,0.029160821241298047,1,bohr,hartree_per_elementary_charge
4.21875,0.13,1.96875,,0.028592278454104329,1,bohr,hartree_per_elementary_charge
4.21875,0.13,2.0625,,0.028029599610531804,1,bohr,hartree_per_elementary_charge
4.21875,0.13,2.1562499999999991,,0.027505035918166956,1,bohr,hartree_per_elementary_charge
4.21875,0.13,2.25,,0.026980472225802125,1,bohr,hartree_per_elementary_charge
4.21875,0.13,2.34375,,0.026461111016384986,1,bohr,hartree_per_elementary_charge
4.21875,0.13,2.4374999999999991,,0.025972018448083462,1,bohr,hartree_per_elementary_charge
4.21875,0.13,2.53125,,0.025482925879781938,1,bohr,hartree_per_elementary_charge
4.21875,0.13,2.625,,0.024998296517390751,1,bohr,hartree_per_elementary_charge
4.21875,0.13,2.7187499999999991,,0.024537098735521554,1,bohr,hartree_per_elementary_charge
4.21875,0.13,2.8125,,0.024075900953652363,1,bohr,hartree_per_elementary_charge
4.21875,0.13,2.90625,,0.023618553123478506,1,bohr,hartree_per_elementary_charge
4.21875,0.13,2.9999999999999991,,0.023179566418897863,1,bohr,hartree_per_elementary_charge
4.21875,0.13,3.09375,,0.022740579714317231,1,bohr,hartree_per_elementary_charge
4.21875,0.13,3.1875,,0.022305056689919122,1,bohr,hartree_per_elementary_charge
4.21875,0.13,3.2812499999999991,,0.021884625274586074,1,bohr,hartree_per_elementary_charge
4.21875,0.13,3.375,,0.021464193859253036,1,bohr,hartree_per_elementary_charge
4.21875,0.13,3.46875,,0.02104708714002311,1,bohr,hartree_per_elementary_charge
4.21875,0.13,3.5625,,0.020643279088948256,1,bohr,hartree_per_elementary_charge
4.21875,0.13,3.65625,,0.020239471037873408,1,bohr,hartree_per_elementary_charge
4.21875,0.13,3.75,,0.019839064214171295,1,bohr,hartree_per_elementary_charge
4.21875,0.13,3.84375,,0.019451199312824966,1,bohr,hartree_per_elementary_charge
4.21875,0.13,3.9375,,0.019063334411478634,1,bohr,hartree_per_elementary_charge
4.21875,0.13,4.03125,,0.018679105043759296,1,bohr,hartree_per_elementary_charge
4.21875,0.13,4.125,,0.018307279164180963,1,bohr,hartree_per_elementary_charge
4.21875,0.13,4.21875,,0.01793545328460262,1,bohr,hartree_per_elementary_charge
4.21875,0.13,4.3125,,0.017567590873488768,1,bohr,hartree_per_elementary_charge
4.21875,0.13,4.40625,,0.017212279352224798,1,bohr,hartree_per_elementary_charge
4.21875,0.13,4.5,,0.016856967830960825,1,bohr,hartree_per_elementary_charge
4.3125,0.13,-4.5,,0.0071837757835298008,1,bohr,hartree_per_elementary_charge
4.3125,0.13,-4.40625,,0.0075974786285897562,1,bohr,hartree_per_elementary_charge
4.3125,0.13,-4.3125,,0.0080665976639467223,1,bohr,hartree_per_elementary_charge
4.3125,0.13,-4.21875,,0.0085473360807796026,1,bohr,hartree_per_elementary_charge
4.3125,0.13,-4.125,,0.0090280744976124847,1,bohr,hartree_per_elementary_charge
4.3125,0.13,-4.03125,,0.009572603861959527,1,bohr,hartree_per_elementary_charge
4.3125,0.13,-3.9375,,0.010129283725483763,1,bohr,hartree_per_elementary_charge
4.3125,0.13,-3.84375,,0.010685963589007995,1,bohr,hartree_per_elementary_charge
4.3125,0.13,-3.75,,0.011315011269481378,1,bohr,hartree_per_elementary_charge
4.3125,0.13,-3.65625,,0.0119564969966289,1,bohr,hartree_per_elementary_charge
4.3125,0.13,-3.5625,,0.012597982723776423,1,bohr,hartree_per_elementary_charge
4.3125,0.13,-3.46875,,0.013319814717439834,1,bohr,hartree_per_elementary_charge
4.3125,0.13,-3.375,,0.014054007491557007,1,bohr,hartree_per_elementary_charge
4.3125,0.13,-3.28125,,0.014788200265674178,1,bohr,hartree_per_elementary_charge
4.3125,0.13,-3.1875,,0.015608700600523611,1,bohr,hartree_per_elementary_charge
4.3125,0.13,-3.09375,,0.016440969958299592,1,bohr,hartree_per_elementary_charge
4.3125,0.13,-3,,0.017273239316075575,1,bohr,hartree_per_elementary_charge
4.3125,0.13,-2.90625,,0.018193457887873923,1,bohr,hartree_per_elementary_charge
4.3125,0.13,-2.8125,,0.019124177671983572,1,bohr,hartree_per_elementary_charge
4.3125,0.13,-2.71875,,0.020054897456093214,1,bohr,hartree_per_elementary_charge
4.3125,0.13,-2.625,,0.021067498169461542,1,bohr,hartree_per_elementary_charge
4.3125,0.13,-2.53125,,0.022088527634832461,1,bohr,hartree_per_elementary_charge
4.3125,0.13,-2.4375,,0.023109557100203376,1,bohr,hartree_per_elementary_charge
4.3125,0.13,-2.34375,,0.024194292220122947,1,bohr,hartree_per_elementary_charge
4.3125,0.13,-2.25,,0.025284566836801973,1,bohr,hartree_per_elementary_charge
4.3125,0.13,-2.1562500000000004,,0.026374841453480988,1,bohr,hartree_per_elementary_charge
4.3125,0.13,-2.0625,,0.027493874691622171,1,bohr,hartree_per_elementary_charge
4.3125,0.13,-1.96875,,0.028614962062437889,1,bohr,hartree_per_elementary_charge
4.3125,0.13,-1.8750000000000004,,0.029736049433253597,1,bohr,hartree_per_elementary_charge
4.3125,0.13,-1.78125,,0.030831066376672461,1,bohr,hartree_per_elementary_charge
4.3125,0.13,-1.6875,,0.031924614611336208,1,bohr,hartree_per_elementary_charge
4.3125,0.13,-1.5937500000000004,,0.033018162845999968,1,bohr,hartree_per_elementary_charge
4.3125,0.13,-1.5,,0.03401235371825212,1,bohr,hartree_per_elementary_charge
4.3125,0.13,-1.40625,,0.035002404875874915,1,bohr,hartree_per_elementary_charge
4.3125,0.13,-1.3125000000000004,,0.035992456033497711,1,bohr,hartree_per_elementary_charge
4.3125,0.13,-1.21875,,0.036800463102415679,1,bohr,hartree_per_elementary_charge
4.3125,0.13,-1.125,,0.037603482972363669,1,bohr,hartree_per_elementary_charge
4.3125,0.13,-1.0312500000000004,,0.038406502842311667,1,bohr,hartree_per_elementary_charge
4.3125,0.13,-0.9375,,0.038952691453484838,1,bohr,hartree_per_elementary_charge
4.3125,0.13,-0.84375,,0.03949540979465567,1,bohr,hartree_per_elementary_charge
4.3125,0.13,-0.75000000000000044,,0.040038127654404364,1,bohr,hartree_per_elementary_charge
4.3125,0.13,-0.65625,,0.040277961370044163,1,bohr,hartree_per_elementary_charge
4.3125,0.13,-0.5625,,0.040517795085683962,1,bohr,hartree_per_elementary_charge
4.3125,0.13,-0.46875,,0.040753610691138836,1,bohr,hartree_per_elementary_charge
4.3125,0.13,-0.375,,0.040692121776002899,1,bohr,hartree_per_elementary_charge
4.3125,0.13,-0.28125,,0.040630632860866954,1,bohr,hartree_per_elementary_charge
4.3125,0.13,-0.1875,,0.040562292780403721,1,bohr,hartree_per_elementary_charge
4.3125,0.13,-0.09375,,0.040243900233141644,1,bohr,hartree_per_elementary_charge
4.3125,0.13,0,,0.039925507685879567,1,bohr,hartree_per_elementary_charge
4.3125,0.13,0.09375,,0.039599706272859393,1,bohr,hartree_per_elementary_charge
4.3125,0.13,0.18749999999999911,,0.039096099264771832,1,bohr,hartree_per_elementary_charge
4.3125,0.13,0.28125,,0.03859249225668427,1,bohr,hartree_per_elementary_charge
4.3125,0.13,0.375,,0.038083145222621517,1,bohr,hartree_per_elementary_charge
4.3125,0.13,0.46874999999999911,,0.037471915832259221,1,bohr,hartree_per_elementary_charge
4.3125,0.13,0.5625,,0.036860686441896905,1,bohr,hartree_per_elementary_charge
4.3125,0.13,0.65625,,0.036246693286040813,1,bohr,hartree_per_elementary_charge
4.3125,0.13,0.74999999999999911,,0.035594008362113586,1,bohr,hartree_per_elementary_charge
4.3125,0.13,0.84375,,0.034941323438186352,1,bohr,hartree_per_elementary_charge
4.3125,0.13,0.9375,,0.034289029911333792,1,bohr,hartree_per_elementary_charge
4.3125,0.13,1.0312499999999991,,0.033641237358303148,1,bohr,hartree_per_elementary_charge
4.3125,0.13,1.125,,0.032993444805272491,1,bohr,hartree_per_elementary_charge
4.3125,0.13,1.21875,,0.032348560305037216,1,bohr,hartree_per_elementary_charge
4.3125,0.13,1.3124999999999991,,0.031731924959638294,1,bohr,hartree_per_elementary_charge
4.3125,0.13,1.40625,,0.031115289614239362,1,bohr,hartree_per_elementary_charge
4.3125,0.13,1.5,,0.030503100702012266,1,bohr,hartree_per_elementary_charge
4.3125,0.13,1.5937499999999991,,0.029928150086202095,1,bohr,hartree_per_elementary_charge
4.3125,0.13,1.6875,,0.029353199470391902,1,bohr,hartree_per_elementary_charge
4.3125,0.13,1.78125,,0.028783301001327217,1,bohr,hartree_per_elementary_charge
4.3125,0.13,1.8749999999999991,,0.028250451090902587,1,bohr,hartree_per_elementary_charge
4.3125,0.13,1.96875,,0.027717601180477957,1,bohr,hartree_per_elementary_charge
4.3125,0.13,2.0625,,0.027189729485065046,1,bohr,hartree_per_elementary_charge
4.3125,0.13,2.1562499999999991,,0.026694215777752685,1,bohr,hartree_per_elementary_charge
4.3125,0.13,2.25,,0.026198702070440325,1,bohr,hartree_per_elementary_charge
4.3125,0.13,2.34375,,0.025707719656262864,1,bohr,hartree_per_elementary_charge
4.3125,0.13,2.4374999999999991,,0.025243100824065206,1,bohr,hartree_per_elementary_charge
4.3125,0.13,2.53125,,0.024778481991867544,1,bohr,hartree_per_elementary_charge
4.3125,0.13,2.625,,0.02431784016976149,1,bohr,hartree_per_elementary_charge
4.3125,0.13,2.7187499999999991,,0.023878077427417887,1,bohr,hartree_per_elementary_charge
4.3125,0.13,2.8125,,0.023438314685074294,1,bohr,hartree_per_elementary_charge
4.3125,0.13,2.90625,,0.023002051209522714,1,bohr,hartree_per_elementary_charge
4.3125,0.13,2.9999999999999991,,0.022582476378956034,1,bohr,hartree_per_elementary_charge
4.3125,0.13,3.09375,,0.022162901548389364,1,bohr,hartree_per_elementary_charge
4.3125,0.13,3.1875,,0.021746522893037218,1,bohr,hartree_per_elementary_charge
4.3125,0.13,3.2812499999999991,,0.021344070300225299,1,bohr,hartree_per_elementary_charge
4.3125,0.13,3.375,,0.020941617707413394,1,bohr,hartree_per_elementary_charge
4.3125,0.13,3.46875,,0.020542260842744048,1,bohr,hartree_per_elementary_charge
4.3125,0.13,3.5625,,0.020155286782394116,1,bohr,hartree_per_elementary_charge
4.3125,0.13,3.65625,,0.019768312722044185,1,bohr,hartree_per_elementary_charge
4.3125,0.13,3.75,,0.019384517197593806,1,bohr,hartree_per_elementary_charge
4.3125,0.13,3.84375,,0.019012442427473727,1,bohr,hartree_per_elementary_charge
4.3125,0.13,3.9375,,0.018640367657353638,1,bohr,hartree_per_elementary_charge
4.3125,0.13,4.03125,,0.018271692586880568,1,bohr,hartree_per_elementary_charge
4.3125,0.13,4.125,,0.017914616400802802,1,bohr,hartree_per_elementary_charge
4.3125,0.13,4.21875,,0.017557540214725033,1,bohr,hartree_per_elementary_charge
4.3125,0.13,4.3125,,0.017204169948061281,1,bohr,hartree_per_elementary_charge
4.3125,0.13,4.40625,,0.016862535005337829,1,bohr,hartree_per_elementary_charge
4.3125,0.13,4.5,,0.016520900062614374,1,bohr,hartree_per_elementary_charge
4.40625,0.13,-4.5,,0.0071933015073512054,1,bohr,hartree_per_elementary_charge
4.40625,0.13,-4.40625,,0.0075961678340069668,1,bohr,hartree_per_elementary_charge
4.40625,0.13,-4.3125,,0.008050984136220473,1,bohr,hartree_per_elementary_charge
4.40625,0.13,-4.21875,,0.0085166930418488791,1,bohr,hartree_per_elementary_charge
4.40625,0.13,-4.125,,0.0089824019474772851,1,bohr,hartree_per_elementary_charge
4.40625,0.13,-4.03125,,0.0095073287744383977,1,bohr,hartree_per_elementary_charge
4.40625,0.13,-3.9375,,0.010043535059260967,1,bohr,hartree_per_elementary_charge
4.40625,0.13,-3.84375,,0.010579741344083531,1,bohr,hartree_per_elementary_charge
4.40625,0.13,-3.75,,0.011182359183436959,1,bohr,hartree_per_elementary_charge
4.40625,0.13,-3.65625,,0.011796391351006722,1,bohr,hartree_per_elementary_charge
4.40625,0.13,-3.5625,,0.012410423518576482,1,bohr,hartree_per_elementary_charge
4.40625,0.13,-3.46875,,0.013097188238354677,1,bohr,hartree_per_elementary_charge
4.40625,0.13,-3.375,,0.013795142415324549,1,bohr,hartree_per_elementary_charge
4.40625,0.13,-3.28125,,0.014493096592294419,1,bohr,hartree_per_elementary_charge
4.40625,0.13,-3.1875,,0.015267896413620783,1,bohr,hartree_per_elementary_charge
4.40625,0.13,-3.09375,,0.016053175017368568,1,bohr,hartree_per_elementary_charge
4.40625,0.13,-3,,0.016838453621116356,1,bohr,hartree_per_elementary_charge
4.40625,0.13,-2.90625,,0.017700416071340468,1,bohr,hartree_per_elementary_charge
4.40625,0.13,-2.8125,,0.01857153463923597,1,bohr,hartree_per_elementary_charge
4.40625,0.13,-2.71875,,0.019442653207131465,1,bohr,hartree_per_elementary_charge
4.40625,0.13,-2.625,,0.020383105459072685,1,bohr,hartree_per_elementary_charge
4.40625,0.13,-2.53125,,0.021330694860451964,1,bohr,hartree_per_elementary_charge
4.40625,0.13,-2.4375,,0.022278284261831247,1,bohr,hartree_per_elementary_charge
4.40625,0.13,-2.34375,,0.023277063342567232,1,bohr,hartree_per_elementary_charge
4.40625,0.13,-2.25,,0.024280293599025737,1,bohr,hartree_per_elementary_charge
4.40625,0.13,-2.1562500000000004,,0.025283523855484231,1,bohr,hartree_per_elementary_charge
4.40625,0.13,-2.0625,,0.026305418575963392,1,bohr,hartree_per_elementary_charge
4.40625,0.13,-1.96875,,0.027328646437026077,1,bohr,hartree_per_elementary_charge
4.40625,0.13,-1.8750000000000004,,0.028351874298088758,1,bohr,hartree_per_elementary_charge
4.40625,0.13,-1.78125,,0.0293448360202315,1,bohr,hartree_per_elementary_charge
4.40625,0.13,-1.6875,,0.030336092663184763,1,bohr,hartree_per_elementary_charge
4.40625,0.13,-1.5937500000000004,,0.031327349306138022,1,bohr,hartree_per_elementary_charge
4.40625,0.13,-1.5,,0.032224872171156507,1,bohr,hartree_per_elementary_charge
4.40625,0.13,-1.40625,,0.033118489627633883,1,bohr,hartree_per_elementary_charge
4.40625,0.13,-1.3125000000000004,,0.03401210708411128,1,bohr,hartree_per_elementary_charge
4.40625,0.13,-1.21875,,0.034741955331712489,1,bohr,hartree_per_elementary_charge
4.40625,0.13,-1.125,,0.035467317030831766,1,bohr,hartree_per_elementary_charge
4.40625,0.13,-1.0312500000000004,,0.03619267872995105,1,bohr,hartree_per_elementary_charge
4.40625,0.13,-0.9375,,0.036691856878255977,1,bohr,hartree_per_elementary_charge
4.40625,0.13,-0.84375,,0.037187978864335336,1,bohr,hartree_per_elementary_charge
4.40625,0.13,-0.75000000000000044,,0.037684100430073184,1,bohr,hartree_per_elementary_charge
4.40625,0.13,-0.65625,,0.037915766395294509,1,bohr,hartree_per_elementary_charge
4.40625,0.13,-0.5625,,0.038147432360515848,1,bohr,hartree_per_elementary_charge
4.40625,0.13,-0.46875,,0.038375584688237124,1,bohr,hartree_per_elementary_charge
4.40625,0.13,-0.375,,0.038343759000321741,1,bohr,hartree_per_elementary_charge
4.40625,0.13,-0.28125,,0.038311933312406343,1,bohr,hartree_per_elementary_charge
4.40625,0.13,-0.1875,,0.038274042945347191,1,bohr,hartree_per_elementary_charge
4.40625,0.13,-0.09375,,0.03801480512748262,1,bohr,hartree_per_elementary_charge
4.40625,0.13,0,,0.037755567309618043,1,bohr,hartree_per_elementary_charge
4.40625,0.13,0.09375,,0.037489593618184464,1,bohr,hartree_per_elementary_charge
4.40625,0.13,0.18749999999999911,,0.037061965491734503,1,bohr,hartree_per_elementary_charge
4.40625,0.13,0.28125,,0.036634337365284528,1,bohr,hartree_per_elementary_charge
4.40625,0.13,0.375,,0.036201197364698776,1,bohr,hartree_per_elementary_charge
4.40625,0.13,0.46874999999999911,,0.035670224579556521,1,bohr,hartree_per_elementary_charge
4.40625,0.13,0.5625,,0.035139251794414274,1,bohr,hartree_per_elementary_charge
4.40625,0.13,0.65625,,0.034605182555132931,1,bohr,hartree_per_elementary_charge
4.40625,0.13,0.74999999999999911,,0.034027764020963226,1,bohr,hartree_per_elementary_charge
4.40625,0.13,0.84375,,0.033450345486793508,1,bohr,hartree_per_elementary_charge
4.40625,0.13,0.9375,,0.032872518697359333,1,bohr,hartree_per_elementary_charge
4.40625,0.13,1.0312499999999991,,0.032289997068906499,1,bohr,hartree_per_elementary_charge
4.40625,0.13,1.125,,0.031707475440453665,1,bohr,hartree_per_elementary_charge
4.40625,0.13,1.21875,,0.031126798426060649,1,bohr,hartree_per_elementary_charge
4.40625,0.13,1.3124999999999991,,0.030564040201956411,1,bohr,hartree_per_elementary_charge
4.40625,0.13,1.40625,,0.030001281977852158,1,bohr,hartree_per_elementary_charge
4.40625,0.13,1.5,,0.029441851210552403,1,bohr,hartree_per_elementary_charge
4.40625,0.13,1.5937499999999991,,0.028910287458905778,1,bohr,hartree_per_elementary_charge
4.40625,0.13,1.6875,,0.028378723707259142,1,bohr,hartree_per_elementary_charge
4.40625,0.13,1.78125,,0.027851190058163937,1,bohr,hartree_per_elementary_charge
4.40625,0.13,1.8749999999999991,,0.02735321008164068,1,bohr,hartree_per_elementary_charge
4.40625,0.13,1.96875,,0.026855230105117409,1,bohr,hartree_per_elementary_charge
4.40625,0.13,2.0625,,0.026361383408313718,1,bohr,hartree_per_elementary_charge
4.40625,0.13,2.1562499999999991,,0.025894402689710445,1,bohr,hartree_per_elementary_charge
4.40625,0.13,2.25,,0.025427421971107179,1,bohr,hartree_per_elementary_charge
4.40625,0.13,2.34375,,0.024964322943833932,1,bohr,hartree_per_elementary_charge
4.40625,0.13,2.4374999999999991,,0.024523808040905048,1,bohr,hartree_per_elementary_charge
4.40625,0.13,2.53125,,0.024083293137976171,1,bohr,hartree_per_elementary_charge
4.40625,0.13,2.625,,0.023646277893593946,1,bohr,hartree_per_elementary_charge
4.40625,0.13,2.7187499999999991,,0.023227635660155628,1,bohr,hartree_per_elementary_charge
4.40625,0.13,2.8125,,0.022808993426717321,1,bohr,hartree_per_elementary_charge
4.40625,0.13,2.90625,,0.022393501781676317,1,bohr,hartree_per_elementary_charge
4.40625,0.13,2.9999999999999991,,0.021993035870419383,1,bohr,hartree_per_elementary_charge
4.40625,0.13,3.09375,,0.021592569959162446,1,bohr,hartree_per_elementary_charge
4.40625,0.13,3.1875,,0.021195032393016369,1,bohr,hartree_per_elementary_charge
4.40625,0.13,3.2812499999999991,,0.020810253926236248,1,bohr,hartree_per_elementary_charge
4.40625,0.13,3.375,,0.020425475459456131,1,bohr,hartree_per_elementary_charge
4.40625,0.13,3.46875,,0.020043563968892942,1,bohr,hartree_per_elementary_charge
4.40625,0.13,3.5625,,0.019673120282945579,1,bohr,hartree_per_elementary_charge
4.40625,0.13,3.65625,,0.019302676596998226,1,bohr,hartree_per_elementary_charge
4.40625,0.13,3.75,,0.018935190925906082,1,bohr,hartree_per_elementary_charge
4.40625,0.13,3.84375,,0.018578612844508974,1,bohr,hartree_per_elementary_charge
4.40625,0.13,3.9375,,0.01822203476311186,1,bohr,hartree_per_elementary_charge
4.40625,0.13,4.03125,,0.017868625008969088,1,bohr,hartree_per_elementary_charge
4.40625,0.13,4.125,,0.017526024757242749,1,bohr,hartree_per_elementary_charge
4.40625,0.13,4.21875,,0.017183424505516409,1,bohr,hartree_per_elementary_charge
4.40625,0.13,4.3125,,0.01684427906111045,1,bohr,hartree_per_elementary_charge
4.40625,0.13,4.40625,,0.016516073758279834,1,bohr,hartree_per_elementary_charge
4.40625,0.13,4.5,,0.016187868455449211,1,bohr,hartree_per_elementary_charge
4.5,0.13,-4.5,,0.007202827231172609,1,bohr,hartree_per_elementary_charge
4.5,0.13,-4.40625,,0.0075948570394241757,1,bohr,hartree_per_elementary_charge
4.5,0.13,-4.3125,,0.0080353706084942238,1,bohr,hartree_per_elementary_charge
4.5,0.13,-4.21875,,0.0084860500029181538,1,bohr,hartree_per_elementary_charge
4.5,0.13,-4.125,,0.0089367293973420855,1,bohr,hartree_per_elementary_charge
4.5,0.13,-4.03125,,0.0094420536869172719,1,bohr,hartree_per_elementary_charge
4.5,0.13,-3.9375,,0.0099577863930381694,1,bohr,hartree_per_elementary_charge
4.5,0.13,-3.84375,,0.010473519099159067,1,bohr,hartree_per_elementary_charge
4.5,0.13,-3.75,,0.011049707097392539,1,bohr,hartree_per_elementary_charge
4.5,0.13,-3.65625,,0.011636285705384539,1,bohr,hartree_per_elementary_charge
4.5,0.13,-3.5625,,0.012222864313376536,1,bohr,hartree_per_elementary_charge
4.5,0.13,-3.46875,,0.01287456175926952,1,bohr,hartree_per_elementary_charge
4.5,0.13,-3.375,,0.013536277339092085,1,bohr,hartree_per_elementary_charge
4.5,0.13,-3.28125,,0.014197992918914652,1,bohr,hartree_per_elementary_charge
4.5,0.13,-3.1875,,0.014927092226717949,1,bohr,hartree_per_elementary_charge
4.5,0.13,-3.09375,,0.015665380076437536,1,bohr,hartree_per_elementary_charge
4.5,0.13,-3,,0.016403667926157127,1,bohr,hartree_per_elementary_charge
4.5,0.13,-2.90625,,0.017207374254806999,1,bohr,hartree_per_elementary_charge
4.5,0.13,-2.8125,,0.018018891606488355,1,bohr,hartree_per_elementary_charge
4.5,0.13,-2.71875,,0.018830408958169703,1,bohr,hartree_per_elementary_charge
4.5,0.13,-2.625,,0.019698712748683803,1,bohr,hartree_per_elementary_charge
4.5,0.13,-2.53125,,0.020572862086071453,1,bohr,hartree_per_elementary_charge
4.5,0.13,-2.4375,,0.021447011423459103,1,bohr,hartree_per_elementary_charge
4.5,0.13,-2.34375,,0.0223598344650115,1,bohr,hartree_per_elementary_charge
4.5,0.13,-2.25,,0.02327602036124948,1,bohr,hartree_per_elementary_charge
4.5,0.13,-2.1562500000000004,,0.024192206257487449,1,bohr,hartree_per_elementary_charge
4.5,0.13,-2.0625,,0.025116962460304589,1,bohr,hartree_per_elementary_charge
4.5,0.13,-1.96875,,0.026042330811614244,1,bohr,hartree_per_elementary_charge
4.5,0.13,-1.8750000000000004,,0.026967699162923894,1,bohr,hartree_per_elementary_charge
4.5,0.13,-1.78125,,0.027858605663790507,1,bohr,hartree_per_elementary_charge
4.5,0.13,-1.6875,,0.028747570715033276,1,bohr,hartree_per_elementary_charge
4.5,0.13,-1.5937500000000004,,0.029636535766276048,1,bohr,hartree_per_elementary_charge
4.5,0.13,-1.5,,0.030437390624060843,1,bohr,hartree_per_elementary_charge
4.5,0.13,-1.40625,,0.03123457437939282,1,bohr,hartree_per_elementary_charge
4.5,0.13,-1.3125000000000004,,0.032031758134724808,1,bohr,hartree_per_elementary_charge
4.5,0.13,-1.21875,,0.03268344756100925,1,bohr,hartree_per_elementary_charge
4.5,0.13,-1.125,,0.033331151089299821,1,bohr,hartree_per_elementary_charge
4.5,0.13,-1.0312500000000004,,0.033978854617590398,1,bohr,hartree_per_elementary_charge
4.5,0.13,-0.9375,,0.034431022303027074,1,bohr,hartree_per_elementary_charge
4.5,0.13,-0.84375,,0.034880547934014954,1,bohr,hartree_per_elementary_charge
4.5,0.13,-0.75000000000000044,,0.035330073205741927,1,bohr,hartree_per_elementary_charge
4.5,0.13,-0.65625,,0.035553571420544806,1,bohr,hartree_per_elementary_charge
4.5,0.13,-0.5625,,0.035777069635347679,1,bohr,hartree_per_elementary_charge
4.5,0.13,-0.46875,,0.03599755868533535,1,bohr,hartree_per_elementary_charge
4.5,0.13,-0.375,,0.035995396224640527,1,bohr,hartree_per_elementary_charge
4.5,0.13,-0.28125,,0.035993233763945684,1,bohr,hartree_per_elementary_charge
4.5,0.13,-0.1875,,0.035985793110290598,1,bohr,hartree_per_elementary_charge
4.5,0.13,-0.09375,,0.035785710021823541,1,bohr,hartree_per_elementary_charge
4.5,0.13,0,,0.035585626933356485,1,bohr,hartree_per_elementary_charge
4.5,0.13,0.09375,,0.035379480963509485,1,bohr,hartree_per_elementary_charge
4.5,0.13,0.18749999999999911,,0.035027831718697111,1,bohr,hartree_per_elementary_charge
4.5,0.13,0.28125,,0.034676182473884737,1,bohr,hartree_per_elementary_charge
4.5,0.13,0.375,,0.034319249506775985,1,bohr,hartree_per_elementary_charge
4.5,0.13,0.46874999999999911,,0.0338685333268538,1,bohr,hartree_per_elementary_charge
4.5,0.13,0.5625,,0.033417817146931608,1,bohr,hartree_per_elementary_charge
4.5,0.13,0.65625,,0.032963671824225022,1,bohr,hartree_per_elementary_charge
4.5,0.13,0.74999999999999911,,0.032461519679812839,1,bohr,hartree_per_elementary_charge
4.5,0.13,0.84375,,0.03195936753540065,1,bohr,hartree_per_elementary_charge
4.5,0.13,0.9375,,0.03145600748338484,1,bohr,hartree_per_elementary_charge
4.5,0.13,1.0312499999999991,,0.030938756779509829,1,bohr,hartree_per_elementary_charge
4.5,0.13,1.125,,0.030421506075634812,1,bohr,hartree_per_elementary_charge
4.5,0.13,1.21875,,0.029905036547084055,1,bohr,hartree_per_elementary_charge
4.5,0.13,1.3124999999999991,,0.029396155444274499,1,bohr,hartree_per_elementary_charge
4.5,0.13,1.40625,,0.02888727434146493,1,bohr,hartree_per_elementary_charge
4.5,0.13,1.5,,0.028380601719092513,1,bohr,hartree_per_elementary_charge
4.5,0.13,1.5937499999999991,,0.027892424831609447,1,bohr,hartree_per_elementary_charge
4.5,0.13,1.6875,,0.027404247944126367,1,bohr,hartree_per_elementary_charge
4.5,0.13,1.78125,,0.026919079115000636,1,bohr,hartree_per_elementary_charge
4.5,0.13,1.8749999999999991,,0.026455969072378752,1,bohr,hartree_per_elementary_charge
4.5,0.13,1.96875,,0.025992859029756853,1,bohr,hartree_per_elementary_charge
4.5,0.13,2.0625,,0.025533037331562376,1,bohr,hartree_per_elementary_charge
4.5,0.13,2.1562499999999991,,0.025094589601668195,1,bohr,hartree_per_elementary_charge
4.5,0.13,2.25,,0.024656141871774017,1,bohr,hartree_per_elementary_charge
4.5,0.13,2.34375,,0.024220926231404989,1,bohr,hartree_per_elementary_charge
4.5,0.13,2.4374999999999991,,0.023804515257744876,1,bohr,hartree_per_elementary_charge
4.5,0.13,2.53125,,0.023388104284084769,1,bohr,hartree_per_elementary_charge
4.5,0.13,2.625,,0.022974715617426384,1,bohr,hartree_per_elementary_charge
4.5,0.13,2.7187499999999991,,0.022577193892893352,1,bohr,hartree_per_elementary_charge
4.5,0.13,2.8125,,0.022179672168360334,1,bohr,hartree_per_elementary_charge
4.5,0.13,2.90625,,0.021784952353829917,1,bohr,hartree_per_elementary_charge
4.5,0.13,2.9999999999999991,,0.021403595361882716,1,bohr,hartree_per_elementary_charge
4.5,0.13,3.09375,,0.021022238369935522,1,bohr,hartree_per_elementary_charge
4.5,0.13,3.1875,,0.020643541892995519,1,bohr,hartree_per_elementary_charge
4.5,0.13,3.2812499999999991,,0.020276437552247183,1,bohr,hartree_per_elementary_charge
4.5,0.13,3.375,,0.019909333211498854,1,bohr,hartree_per_elementary_charge
4.5,0.13,3.46875,,0.019544867095041826,1,bohr,hartree_per_elementary_charge
4.5,0.13,3.5625,,0.019190953783497035,1,bohr,hartree_per_elementary_charge
4.5,0.13,3.65625,,0.018837040471952254,1,bohr,hartree_per_elementary_charge
4.5,0.13,3.75,,0.01848586465421834,1,bohr,hartree_per_elementary_charge
4.5,0.13,3.84375,,0.018144783261544208,1,bohr,hartree_per_elementary_charge
4.5,0.13,3.9375,,0.017803701868870071,1,bohr,hartree_per_elementary_charge
4.5,0.13,4.03125,,0.017465557431057599,1,bohr,hartree_per_elementary_charge
4.5,0.13,4.125,,0.017137433113682689,1,bohr,hartree_per_elementary_charge
4.5,0.13,4.21875,,0.016809308796307768,1,bohr,hartree_per_elementary_charge
4.5,0.13,4.3125,,0.016484388174159616,1,bohr,hartree_per_elementary_charge
4.5,0.13,4.40625,,0.016169612511221836,1,bohr,hartree_per_elementary_charge
4.5,0.13,4.5,,0.015854836848284044,1,bohr,hartree_per_elementary_charge
